place_name,latitude,longitude,rating,review_text,Shop_Type
&Matcha - Three Yards,7.0573666,125.56099,5,"Guys, first time here and definitely will be a suki! 💯 From the ambiance, food, and service—everything was really good. …",Matcha
&Matcha - Three Yards,7.0573666,125.56099,4,"place is very aesthetically pleasing, and they have 2 floors for seating. their uji matcha is one of my top favorites, umami and not overly bitter plus goes really well with oat milk. tried their hojicha, which has chocolate and mocha notes …",Matcha
&Matcha - Three Yards,7.0573666,125.56099,5,"We're from CDO and we really wanted to try this café—and overall, it was a great experience. The place itself is really nice and cozy, but unfortunately we came at the same time as the flea market, so it was very crowded. Still, the vibe …",Matcha
&Matcha - Three Yards,7.0573666,125.56099,4,"they offer regional special and dessert matcha, as well as other drinks like tea, coffee and hojicha. prices are the same with other matcha cafés. …",Matcha
&Matcha - Three Yards,7.0573666,125.56099,5,"One of the best matcha places in the city! And their concept is so different from the other matcha place; the ambiance is so relaxing and aesthetically pleasing, which is a nice place to have good pictures while having the best matcha. I would highly recommend!",Matcha
&Matcha - Three Yards,7.0573666,125.56099,4,"The cozy atmosphere of &Matcha especially the outdoor patio/terrace is what I like the most, everyone is dying to have a place on that specific spot(IYKYK). Also, their signature matcha and hojicha is a must try.",Matcha
&Matcha - Three Yards,7.0573666,125.56099,5,"Matcha and hojicha were good. Just choose what you like from their menu. Now the place is actually also really good. Quiet and spacious, unless you opt for the popular photo spots. Otherwise, the second floor has more space and is more quiet.",Matcha
&Matcha - Three Yards,7.0573666,125.56099,5,10/10 because the matcha tastes really good. their pastries also tastes good. they are also affordable and you can really enjoy this place since there are also booths of anik anik outside that you can buy things while waiting for your order.,Matcha
&Matcha - Three Yards,7.0573666,125.56099,4,the Matcha was indeed premium quality. 😊We also loved the architecture of this place - Japanese Wabi-Sabi plus the friendly neighborhood cats. We'd wanted to stay longer but the noise of other customers echoes throughout the place. …,Matcha
&Matcha - Three Yards,7.0573666,125.56099,5,"Such a good matcha! The flavor was clean and earthy, the sweetness was just right, and the drink felt really well prepared. Definitely something I'd come back for. ❤️",Matcha
&Matcha - Three Yards,7.0573666,125.56099,4,Got there around 5:15pm. Obviously crowded for the event. Go there at 12pm. …,Matcha
&Matcha - Three Yards,7.0573666,125.56099,5,10/10! The hojicha tastes good. I highly recommend Hojicha if you are not into matcha.,Matcha
&Matcha - Three Yards,7.0573666,125.56099,5,"Loved the ambiance and vibe! We tried the strawberry matcha, roasted rice matcha, and the black matcha and all three was delicious and well balanced. I get the hype, highly recommend!",Matcha
&Matcha - Three Yards,7.0573666,125.56099,4,"It was kind of hard to find since pasulod sya. Had a hard time parking since may bazaar during that time. The place was quite packed, we waited 20 mins to be seated. More on the pricier side but drinks were okay. Self service cafe.",Matcha
&Matcha - Three Yards,7.0573666,125.56099,5,Premium matcha at a cozy place. You can never go wrong with them. Even their Hojicha is top tier.,Matcha
&Matcha - Three Yards,7.0573666,125.56099,5,"Awesome experience, legit matcha. + clean and esthetic restroom",Matcha
&Matcha - Three Yards,7.0573666,125.56099,5,This is one of my top 3 places for matcha in Davao. Staff are great too.,Matcha
&Matcha - Three Yards,7.0573666,125.56099,5,All i can say is veryy gooodd masarap matcha worth the price ❤️,Matcha
&Matcha - Three Yards,7.0573666,125.56099,5,"Very nice atmosphere to get away from the hustle and bustle of the city live. Surrounded by bamboo,a little piece of Japan in davao City.....",Matcha
&Matcha - Three Yards,7.0573666,125.56099,5,pretty place with quality matchas. loved the vibe,Matcha
&Matcha - Three Yards,7.0573666,125.56099,3,"Place & food good Staff not warm and welcoming, sadly.",Matcha
&Matcha - Three Yards,7.0573666,125.56099,5,"the staff r so kind!! (nakabuak kami guys :,<) will be back to try more 🥰 …",Matcha
&Matcha - Three Yards,7.0573666,125.56099,5,my top1 matcha goto cafe,Matcha
&Matcha - Three Yards,7.0573666,125.56099,5,the hojicha was so goooooodd!!!! damn the quality 😭🥹✨❤️ bit expensive but worth it …,Matcha
&Matcha - Three Yards,7.0573666,125.56099,5,suuuchh a good matcha place!!! 🍵 …,Matcha
&Matcha - Three Yards,7.0573666,125.56099,5,,Matcha
&Matcha - Three Yards,7.0573666,125.56099,4,,Matcha
&Matcha - Three Yards,7.0573666,125.56099,5,,Matcha
&Matcha - Three Yards,7.0573666,125.56099,4,,Matcha
&Matcha - Three Yards,7.0573666,125.56099,5,,Matcha
&Matcha - Three Yards,7.0573666,125.56099,5,This is one of my top 3 places for matcha in Davao. Staff are great too.,Matcha
&Matcha - Three Yards,7.0573666,125.56099,5,"the staff r so kind!! (nakabuak kami guys :,<) will be back to try more 🥰",Matcha
&Matcha - Three Yards,7.0573666,125.56099,5,my top1 matcha goto cafe,Matcha
&Matcha - Three Yards,7.0573666,125.56099,5,,Matcha
&Matcha - Three Yards,7.0573666,125.56099,4,,Matcha
&Matcha - Three Yards,7.0573666,125.56099,5,,Matcha
&Matcha - Three Yards,7.0573666,125.56099,4,,Matcha
&Matcha - Three Yards,7.0573666,125.56099,5,,Matcha
&Matcha - Three Yards,7.0573666,125.56099,5,,Matcha
&Matcha - Three Yards,7.0573666,125.56099,5,,Matcha
Alkemi - Matcha & Juicery Bar,7.0878736,125.5946511,5,"Great matcha! Went on a weekday lunch time as I was in the area. Great ambience and service, a little pricey but worth the try. Will come back here again if I'm in the area.",Matcha
Alkemi - Matcha & Juicery Bar,7.0878736,125.5946511,4,They serve great matcha but not so different from other great matcha places in the city. There was parking available 😊 Relatively few seats available …,Matcha
AMCG Farm (Damosa Branch),7.0880421,125.5944794,5,"If you wanna go have a matcha run and your mom tells you to buy some veggies while you at it, look no further cause this place has BOTH 👍👍👍👍👍👍👍 …",Matcha
AMCG Farm (Damosa Branch),7.0880421,125.5944794,5,"Fresh salads, quality matcha, and sweet fruits. Such a nice healthy find in the north.",Matcha
AMCG Farm (Damosa Branch),7.0880421,125.5944794,5,yummmy ube matcha,Matcha
AMCG Farm (Damosa Branch),7.0880421,125.5944794,5,Ube Matcha tastes so good!! 😊 Legit 💯 Very responsive via text message. They're not on grab yet so I just had the rider pick them up …,Matcha
AMCG Farm (Damosa Branch),7.0880421,125.5944794,5,yummmy ube matcha,Matcha
Aoki Matcha,7.0715798,125.591,5,,Matcha
Aoki Matcha,7.0715798,125.591,5,,Matcha
Baristro DVO,7.0574508,125.5609042,4,… here recently. The staff was accommodating and very friendly. I forgot what cheesecake I got it was so good. The matcha is kinda more on the milk side but I still enjoyed it nevertheless. The atmosphere of the place is great for …,Matcha
Baristro DVO,7.0574508,125.5609042,3,"… (been here twice) and so does all the people I know. I appreciate that the barista let me know that their matcha is bitter when I ordered their latte but that also means they already know they need to improve, here's to hoping they're …",Matcha
Baristro DVO,7.0574508,125.5609042,4,Got a take out here recently. The staff was accommodating and very friendly. I forgot what cheesecake I got it was so good. The matcha is kinda more on the milk side but I still enjoyed it nevertheless. The atmosphere of the place is great for catching with friends and all. I'll be sure to be back next time.,Matcha
Baristro DVO,7.0574508,125.5609042,3,"The interior design has an industrial feel but the chairs are comfortable enough for long hours of sitting and noise doesn't travel as much so this place is conducive for studying. However their drinks could be so much better. I haven't tasted a single drink here that tastes good (been here twice) and so does all the people I know. I appreciate that the barista let me know that their matcha is bitter when I ordered their latte but that also means they already know they need to improve, here's to hoping they're already working on it.",Matcha
Beyond Beans & Co,7.0881264,125.5943935,5,Loving the drinks! First tasted during their bazaar set-up at SM Lanang and I loved how their crafted their drinks with the price. Sulit ang drinks. Tried the dirty matcha and matcha strawberry and the oat barley is really giving! Loving …,Matcha
Beyond Beans & Co,7.0881264,125.5943935,5,,Matcha
Beyond Beans & Co,7.0881264,125.5943935,5,,Matcha
Beyond Beans & Co,7.0881264,125.5943935,5,,Matcha
Beyond Beans & Co,7.0881264,125.5943935,5,,Matcha
Binnamon Cafe,7.071593,125.5909566,5,"Honestly, nothing on the menu misses. The food is great, the pastries are so good, and the hojicha latte is a 💯💯💯 Not to mention, the cozy ambiance 👌🏼 …",Matcha
Binnamon Cafe,7.071593,125.5909566,5,Best matcha in town 💯 Love their wings and pastries as well! …,Matcha
Binnamon Cafe,7.071593,125.5909566,3,"Ordered a croissant & hojicha. Their hojicha is great, one of the best tasting in Davao. So worth the price. …",Matcha
Binnamon Cafe,7.071593,125.5909566,5,Matcha was great just hope there are more tables available.,Matcha
Binnamon Cafe,7.071593,125.5909566,5,My favorite cafe! ❤️🫶🏻🍃 …,Matcha
Binnamon Cafe,7.071593,125.5909566,5,"If you're in Davao and looking for a cozy café to try, Binnamon is definitely one of my go-to spots. ☕✨ …",Matcha
Binnamon Cafe,7.071593,125.5909566,5,5/5!! Great pastries with lots of options to choose from. Everything was made fresh. Their hojicha latte is a must-try! +pogi points to Dr. Tan🤩 …,Matcha
Binnamon Cafe,7.071593,125.5909566,5,Best Matcha in town 💯💯💯💯 …,Matcha
Binnamon Cafe,7.071593,125.5909566,5,Spanish and Hojicha 👌🏻👌🏻👌🏻👌🏻👌🏻 …,Matcha
Binnamon Cafe,7.071593,125.5909566,4,They put to much ice in their coffee. A 180 up to 200+ drinks at 12/16 oz /should not have too much ice. But the pastries and coffee taste good. I hope they should be considerate when putting ice cause the drinks size is small,Matcha
Binnamon Cafe,7.071593,125.5909566,5,Best matcha in town 💯 Love their wings and pastries as well!,Matcha
Binnamon Cafe,7.071593,125.5909566,5,Matcha was great just hope there are more tables available.,Matcha
Binnamon Cafe,7.071593,125.5909566,5,My favorite cafe! ❤️🫶🏻🍃,Matcha
Binnamon Cafe,7.071593,125.5909566,5,Best Matcha in town 💯💯💯💯,Matcha
Binnamon Cafe,7.071593,125.5909566,5,Spanish and Hojicha 👌🏻👌🏻👌🏻👌🏻👌🏻,Matcha
Binnamon Cafe,7.071593,125.5909566,5,Matcha the best!💚 …,Matcha
Binnamon Cafe,7.071593,125.5909566,5,1000000/10 for Matcha and Aglio Olio,Matcha
Binnamon Cafe,7.071593,125.5909566,5,,Matcha
Bramble,7.0881264,125.5943935,5,"… Strawberry Shortcake Milkshake. She said that it's good. As for me, I got the Adobo Fried Rice (9/10) and their Iced Matcha (7/10). Although it's quite pricey but the serving is really plenty. For dessert, we had the Ube cake (8/10) …",Matcha
Bramble,7.0881264,125.5943935,5,"… it was busy already but we were able to get a table inside. We ordered two coffees; Spanish Latte and Iced Dirty Matcha, and two entrees; Bramble Fry-up and White Truffle Scramble. Our food got to us before the coffee because there were 5 …",Matcha
Bramble,7.0881264,125.5943935,4,"… one good breakfast! And pretty heavy too. Usually, I order 2 eggs benny but I was satisfied with one and a matcha latte. They have other dairy alternatives too for those who are lactose intolerant. Will come again. 4 star cause of mosquito …",Matcha
Bramble,7.0881264,125.5943935,5,"Such a nice place to have your brunch! The place, although not that big, is quite spacious— not an eyesore. My ate ordered Kimchi Fried Rice Pork with Crispy Pork Belly and Strawberry Shortcake Milkshake. She said that it's good. As for me, I got the Adobo Fried Rice (9/10) and their Iced Matcha (7/10). Although it's quite pricey but the serving is really plenty. For dessert, we had the Ube cake (8/10) and the Mango Cake (8/10). You may have reservations during weekdays only. I'm not quite sure with the parking. The price is not student friendly but overall, I think it's a good place to meet your friends, o have a great time with your family or your special someone.",Matcha
Bramble,7.0881264,125.5943935,5,"Went here on a Sunday morning at 11:45 and it was busy already but we were able to get a table inside. We ordered two coffees; Spanish Latte and Iced Dirty Matcha, and two entrees; Bramble Fry-up and White Truffle Scramble. Our food got to us before the coffee because there were 5 people working in the kitchen and only one barista. Service was good because they had plenty of staff to take care of the customers. Food was very good as was our coffee. Prices may seem a bit high, but quality of food and service balances out. Only downside for me is that it was somewhat loud and crowded inside. No WiFi and the CR, located outside the restaurant, was clean. Go early before it gets crowded and you will have an enjoyable meal.",Matcha
Bramble,7.0881264,125.5943935,4,"Wow.. I didn't expect that. I love eggs benedict and it's my all time favorites. And none even in the us satisfied me (except when we did it ourselves in the kitchen when I was in culinary school). That was beyond perfect! (Poached egg was perfect too) Although hollandaise need a little more zest to it but it was good even with the smoked salmon, perfect balance. None overpowered the other. The smoked bacon and smoked salmon complimented each other. That was one good breakfast! And pretty heavy too. Usually, I order 2 eggs benny but I was satisfied with one and a matcha latte. They have other dairy alternatives too for those who are lactose intolerant. Will come again. 4 star cause of mosquito inside the restaurant. They love me for some reason. Otherwise, good experience.",Matcha
Breve Coffee & Matcha Davao,7.0877893,125.5947369,5,⭐⭐⭐⭐⭐,Matcha
Breve Coffee & Matcha Davao,7.0877893,125.5947369,3,One of the female staff literally just looked at me while I was raising my hand para magpa take out. Then she turned away to use her phone.,Matcha
Breve Coffee & Matcha Davao,7.0877893,125.5947369,5,,Matcha
Breve Coffee & Matcha Davao,7.0877893,125.5947369,5,⭐⭐⭐⭐⭐,Matcha
Daleachious Cafe - Lanang Branch,7.0880421,125.5944794,5,"I was a little hesitant to come here after reading some reviews, but I really wanted matcha at that time and there were only a few 24/7 cafés nearby. Plus, I've tried their Ecoland branch before and loved it, so I gave this one a try. The …",Matcha
Daleachious Cafe - Lanang Branch,7.0880421,125.5944794,4,"Strategic how they'd switch to operating 24 hours, right? And just one of the very few doing so…..The fourth of their many branches I have been to. With its location under mall hours on weekdays, it's quiet and calmer. You'd be pleased …",Matcha
Daleachious Cafe - Lanang Branch,7.0880421,125.5944794,5,The food and shakes are excellent. The decaf coffee is smooth. The regular Americano... needs some work. I'm not sure what's going on. …,Matcha
Daleachious Cafe - Lanang Branch,7.0880421,125.5944794,4,situated at the last stall at the sky garden. saw on SML's page that they just opened so i wanted to try it out. …,Matcha
Daleachious Cafe - Lanang Branch,7.0880421,125.5944794,4,"One of the things that I like with this cafe is it's open even on the late hours in the night. The place is chill, but if it's full, you can stay on the mall skygarden. Waiting time is quite long, and the taste of their drinks are just so-so.",Matcha
Daleachious Cafe - Lanang Branch,7.0880421,125.5944794,3,Their coffee is serve in flimsy paper cup even for dine in. Not much of the vibe as featured,Matcha
Daleachious Cafe - Lanang Branch,7.0880421,125.5944794,4,I came just minutes ago with my 2 teenagers for the first time because I liked the Tuna Penne I tried in their Ecoland branch. I ordered the same dish but I was disappointed with their poor customer service. The cashier wasn't friendly. …,Matcha
Daleachious Cafe - Lanang Branch,7.0880421,125.5944794,5,Loved their food! Their matcha affogato was also great! The ambiance and atmosphere of the place was tranquil and relaxing.,Matcha
Daleachious Cafe - Lanang Branch,7.0880421,125.5944794,4,"I love the place, it's quiet. I ordered the Signature Salad, and serving was very generous, I only ate half of it kay makabusog kaayo. 😍 …",Matcha
Daleachious Cafe - Lanang Branch,7.0880421,125.5944794,1,"Absolutely abysmal portion sizing. The taste is ok, a bit more to the bland side; forgettable to be precise. The pork loin was small, the pork BBQ was small, the chicken 'ala king' was more like 'ala peasant', and the chicken wrap was too sweet it could be confused for a dessert. They really put the ""leach"" in daleachious.",Matcha
Daleachious Cafe - Lanang Branch,7.0880421,125.5944794,3,I ordered Ice Spanish Latte one shot cost 180 pesos. actually there coffee is just basic. 🫢 Wifi is great. …,Matcha
Daleachious Cafe - Lanang Branch,7.0880421,125.5944794,5,"Food, drinks and place is nice. Visited the place during Chinese New Year and they gave us free masi",Matcha
Daleachious Cafe - Lanang Branch,7.0880421,125.5944794,2,Chicken alaking is so bland. Taste like flour. And sana just dont lie and tell me that the croissant are fresh and made just this morning.,Matcha
Daleachious Cafe - Lanang Branch,7.0880421,125.5944794,2,"The front lady with curly hair seems to be upset. She dont feel her job. I feel awful to talk to her, she didnt greet any of the costumers.",Matcha
Daleachious Cafe - Lanang Branch,7.0880421,125.5944794,5,The coffee is so good like I'm gonna see another world,Matcha
Daleachious Cafe - Lanang Branch,7.0880421,125.5944794,5,All perfect I love it ❤️,Matcha
Daleachious Cafe - Lanang Branch,7.0880421,125.5944794,1,so slow pls the orders pls pls pls just for 2 rice meals,Matcha
Daleachious Cafe - Lanang Branch,7.0880421,125.5944794,2,noisy staff,Matcha
Daleachious Cafe - Lanang Branch,7.0880421,125.5944794,5,ALL GOODS AND AESTHETIC VIBES,Matcha
Daleachious Cafe - Lanang Branch,7.0880421,125.5944794,5,Nice cafe,Matcha
Daleachious Cafe - Lanang Branch,7.0880421,125.5944794,5,The coffee is so good like I'm gonna see another world,Matcha
Daleachious Cafe - Lanang Branch,7.0880421,125.5944794,5,All perfect I love it ❤️,Matcha
Daleachious Cafe - Lanang Branch,7.0880421,125.5944794,1,so slow pls the orders pls pls pls just for 2 rice meals,Matcha
Daleachious Cafe - Lanang Branch,7.0880421,125.5944794,2,noisy staff,Matcha
Daleachious Cafe - Lanang Branch,7.0880421,125.5944794,5,ALL GOODS AND AESTHETIC VIBES,Matcha
Daleachious Cafe - Lanang Branch,7.0880421,125.5944794,5,Nice cafe,Matcha
Daleachious Cafe - Lanang Branch,7.0880421,125.5944794,1,Kinda disappointed,Matcha
Daleachious Cafe - Lanang Branch,7.0880421,125.5944794,2,"My partner and I got the iced dark mocha and salted caramel frappe. Both are on the sweet side. Once I mixed the mocha, it became bitter sweet. I like my coffee slightly bitter. We also got mom's spaghetti. It was good. It had tomato sauce, …",Matcha
Daleachious Cafe - Lanang Branch,7.0880421,125.5944794,5,"""Sometimes, all you really need is a cozy corner, good food, and a little break from the busy mall crowd . That's the vibe I got at Daleachious Cafe inside SM Lanang. …",Matcha
Daleachious Cafe - Lanang Branch,7.0880421,125.5944794,5,,Matcha
Daleachious Cafe - Lanang Branch,7.0880421,125.5944794,5,,Matcha
Daleachious Cafe - Lanang Branch,7.0880421,125.5944794,4,,Matcha
Daleachious Cafe - Lanang Branch,7.0880421,125.5944794,5,,Matcha
Daleachious Cafe - Lanang Branch,7.0880421,125.5944794,5,,Matcha
Daleachious Cafe - Lanang Branch,7.0880421,125.5944794,5,,Matcha
Daleachious Cafe - Lanang Branch,7.0880421,125.5944794,5,,Matcha
Daleachious Cafe - Lanang Branch,7.0880421,125.5944794,1,Kinda disappointed,Matcha
Daleachious Cafe - Lanang Branch,7.0880421,125.5944794,5,,Matcha
Daleachious Cafe - Lanang Branch,7.0880421,125.5944794,5,,Matcha
Daleachious Cafe - Lanang Branch,7.0880421,125.5944794,4,,Matcha
Daleachious Cafe - Lanang Branch,7.0880421,125.5944794,5,,Matcha
Daleachious Cafe - Lanang Branch,7.0880421,125.5944794,5,,Matcha
Daleachious Cafe - Lanang Branch,7.0880421,125.5944794,5,,Matcha
Daleachious Cafe - Lanang Branch,7.0880421,125.5944794,5,,Matcha
Daleachious Cafe - Lanang Branch,7.0880421,125.5944794,5,,Matcha
Daleachious Cafe - Lanang Branch,7.0880421,125.5944794,4,,Matcha
Daleachious Cafe - Lanang Branch,7.0880421,125.5944794,3,The coffee is not good,Matcha
Daleachious Cafe - Lanang Branch,7.0880421,125.5944794,4,,Matcha
Daleachious Cafe - Lanang Branch,7.0880421,125.5944794,5,,Matcha
Daleachious Cafe - Lanang Branch,7.0880421,125.5944794,4,,Matcha
Daleachious Cafe - Lanang Branch,7.0880421,125.5944794,3,The coffee is not good,Matcha
Daleachious Cafe - Lanang Branch,7.0880421,125.5944794,4,,Matcha
Don Macchiatos Coffee,7.0574508,125.5609042,5,"nice coffee shop with affordable drinks and a relaxing atmosphere. Their coffee has a smooth and rich flavor, and the drinks are prepared well. I especially like that they offer different choices for both coffee lovers and people who prefer …",Matcha
Don Macchiatos Coffee,7.0574508,125.5609042,5,"Cannot go wrong here for 39 pesos! Got myself an Iced Caramel Macchiato and it was enjoyable. Best coffee I ever had? No, but certainly worth all 39 pesos. It was busy around 9:15 am with students from across the street, but I got my coffee …",Matcha
Don Macchiatos Coffee,7.0574508,125.5609042,3,"It's somewhat on the sweeter side, with a very subtle matcha flavor, but considering its price of 39 pesos, it's quite good.",Matcha
Don Macchiatos Coffee,7.0574508,125.5609042,5,"I liked the taste of the ice coffee, it's delicious and cheap.💞 …",Matcha
Don Macchiatos Coffee,7.0574508,125.5609042,4,"Perfect for this hot weather. Do not expect too much especially for just 39 pesos, but it's good.",Matcha
Don Macchiatos Coffee,7.0574508,125.5609042,5,"The coffee is awesome, and the price is great.",Matcha
Don Macchiatos Coffee,7.0574508,125.5609042,3,The price match the taste 😉 Perfect for students. …,Matcha
Don Macchiatos Coffee,7.0574508,125.5609042,4,It's fast and taste good worth the price,Matcha
Don Macchiatos Coffee,7.0574508,125.5609042,5,A very budget friendly.,Matcha
Don Macchiatos Coffee,7.0574508,125.5609042,4,👍👍👍👍 …,Matcha
Don Macchiatos Coffee,7.0574508,125.5609042,5,"The coffee is awesome, and the price is great.",Matcha
Don Macchiatos Coffee,7.0574508,125.5609042,3,The price match the taste 😉 Perfect for students.,Matcha
Don Macchiatos Coffee,7.0574508,125.5609042,4,It's fast and taste good worth the price,Matcha
Don Macchiatos Coffee,7.0574508,125.5609042,5,A very budget friendly.,Matcha
Don Macchiatos Coffee,7.0574508,125.5609042,4,👍👍👍👍,Matcha
Don Macchiatos Coffee,7.0574508,125.5609042,4,"This is not a cafe, it's a coffee stand where several types of coffee are served while standing.",Matcha
Don Macchiatos Coffee,7.0574508,125.5609042,4,,Matcha
Don Macchiatos Coffee,7.0574508,125.5609042,5,,Matcha
Don Macchiatos Coffee,7.0574508,125.5609042,5,,Matcha
Don Macchiatos Coffee,7.0574508,125.5609042,5,,Matcha
Don Macchiatos Coffee,7.0574508,125.5609042,5,,Matcha
Don Macchiatos Coffee,7.0574508,125.5609042,4,,Matcha
Don Macchiatos Coffee,7.0574508,125.5609042,5,,Matcha
Don Macchiatos Coffee,7.0574508,125.5609042,5,,Matcha
Don Macchiatos Coffee,7.0574508,125.5609042,5,,Matcha
Elegance x Matcha,7.0573666,125.56099,5,Goods kozy,Matcha
Elegance x Matcha,7.0573666,125.56099,5,,Matcha
Elegance x Matcha,7.0573666,125.56099,5,,Matcha
Floury Cafe,7.0683797,125.5921572,4,"Floury Cafe is located on the second floor and has a nice, aesthetic ambiance. However, during our visit, the music was a bit too loud, which affected the overall dining experience. …",Matcha
Floury Cafe,7.0683797,125.5921572,4,"Had a wonderful experience at Floury Cafe! The food was fresh, flavorful, and beautifully presented. The lava cake was absolutely delicious with a rich, gooey center. The café has a cozy atmosphere, friendly staff, and quick service.",Matcha
Floury Cafe,7.0683797,125.5921572,4,"Service is still a work in progress since the resto is just on its first few months of operation; but the staff, particularly the pretty female cashier was very helpful and professional in handling concerns. …",Matcha
Floury Cafe,7.0683797,125.5921572,5,"One of the best foods in the city, I love love love their matcha, especially the sea salt cream matcha! And I highly recommend their steak fried rice and Lava Cake w/ pistachio kataifi; it looks so sweet, but its sweetness is just moderate …",Matcha
Floury Cafe,7.0683797,125.5921572,4,Has a nice ambience and made me a hojicha convert. Their black sesame hojicha tastes so good. It's a must try. Didn't like the food very much. The steak fried rice was greasy and salty. Would have been nice to have a slice of lemon just to …,Matcha
Floury Cafe,7.0683797,125.5921572,4,I like their version of truffle pasta. The place has a very cozy and acoustic vibe. The parking though is very limited.,Matcha
Floury Cafe,7.0683797,125.5921572,3,"We visited Floury Café with a friend and ordered one truffle pasta, one Margherita pizza, and juice. The place itself is really nice and has a good ambiance, more ideal for groups since the tables are quite big, not so much for just one or …",Matcha
Floury Cafe,7.0683797,125.5921572,4,"Situated in a building, at the second floor no less. Didn't really find the parking area appealing. Imagine the inconvenience of backing away so the vehicle parked before you could move out. But it was still early (opens at 10 a.m.) and the …",Matcha
Floury Cafe,7.0683797,125.5921572,4,"One of the underrated cafés in Davao. I highly recommend their Matcha and Coffee. Also, the atmosphere is such a vibe.",Matcha
Floury Cafe,7.0683797,125.5921572,2,"We were excited to try this place since it's nearby, but our excitement turned into disappointment. The pasta we ordered was overcooked, very salty, and had no truffle flavor. We couldn't finish it, and while the staff informed the kitchen, …",Matcha
Floury Cafe,7.0683797,125.5921572,4,"Delicious food and a great atmosphere! We had a mix of hits and misses with the dishes, but overall it was an enjoyable experience. It's a great spot for lunch dates, not crowded …",Matcha
Floury Cafe,7.0683797,125.5921572,5,Good food for the price. Nice place to relax and unwind with friends or family.,Matcha
Floury Cafe,7.0683797,125.5921572,4,"Visited during their soft opening and was impressed. The coffee was good, and although the croissant was underbaked, the manager handled it excellently—kind, open-minded, and genuinely interested in feedback. They even pulled out the whole …",Matcha
Floury Cafe,7.0683797,125.5921572,5,"Tried a few dishes at this cozy café and everything was a hit! We ordered the aglio olio, focaccia 4-cheese pizza, and lava cake. The focaccia …",Matcha
Floury Cafe,7.0683797,125.5921572,5,Went here alone on a Sunday at around 4pm in the afternoon. It was fully packed but they were fortunately able to accommodate me. I ordered the matcha foam latte (?) and the pain au chocolat. I loved the matcha latte but the pain au …,Matcha
Floury Cafe,7.0683797,125.5921572,5,"My order took a time to serve, but food was rly good! Get the adobo rice💞 …",Matcha
Floury Cafe,7.0683797,125.5921572,4,"Nice cozy place, busy when the moment i came and it's understandable, But the availability of the choices I wanted is not available, chicken rice ( still in marination ) brulee, carbonara pasta. All over was an a good dining experience, …",Matcha
Floury Cafe,7.0683797,125.5921572,5,"Floury is one of my favorite dessert and café spots in Davao City because everything feels cozy, relaxing, and satisfying. Their pastries and drinks are always delicious, but the highlight for me is definitely their lava cake. The lava cake …",Matcha
Floury Cafe,7.0683797,125.5921572,4,pricey but reasonable and vv accommodating staffs + great atmosphere their lava cake was really good for me. not too sweet,Matcha
Floury Cafe,7.0683797,125.5921572,3,"Food was average and could definitely use improvement. It was served cold instead of warm, which was disappointing, and most of the dishes tasted bland. While the place is clean and has a pleasant ambiance, the food quality unfortunately doesn't live up to the setting.",Matcha
Floury Cafe,7.0683797,125.5921572,5,"We went there to celebrate my daughter's birthday. Generous food serving. My family loves the Steak Rice and Kare-kare. Very accommodating din ang mga staff. Though the cafe was full house that time, but they still able to serve as well.",Matcha
Floury Cafe,7.0683797,125.5921572,4,"Good food. Not really quite ""budget friendly"" café but you pay for what you get. Somewhat inefficient to find parking spaces as the establishment shares with other businesses. Guard almost scolded me for parking even though I ordered from the café.",Matcha
Floury Cafe,7.0683797,125.5921572,3,Kind of a letdown. Records are for display only and are all in terrible shape. Food was decent but wasn't as steller as I hoped it would be. Place and ambiance is great with good parking.,Matcha
Floury Cafe,7.0683797,125.5921572,4,"Top-tier matcha and hojicha. The steak fried rice was almost great, it had mushrooms, which I liked, but it was too salty. I also noticed that many other reviews mentioned the same issue with the saltiness of their food.",Matcha
Floury Cafe,7.0683797,125.5921572,5,"Hello, I am a 8 year old kid. It's pretty rare for kids to rate places on Google Maps now, Anyways, The food is really good, I liked croquets and 4 cheese pizza, The pasta was delicious, I would recommend this.",Matcha
Floury Cafe,7.0683797,125.5921572,2,"Great place and location, the staff are very nice too. But the food is very bad for the price, you can go elsewhere if you want good food... Drinks are okay",Matcha
Floury Cafe,7.0683797,125.5921572,5,Very accommodating staff! You will definitely feel like a valued customer when you visit here. From the moment you step inside to the time you go out—and I think their staff was their best investment—everything is great. Their food was …,Matcha
Floury Cafe,7.0683797,125.5921572,5,"Sulit ang prices, lami ang food.. and great place to hangout with friends!",Matcha
Floury Cafe,7.0683797,125.5921572,5,Good food. Great restaurant,Matcha
Floury Cafe,7.0683797,125.5921572,5,good food. nice ambiance,Matcha
Floury Cafe,7.0683797,125.5921572,5,Good food. Great restaurant,Matcha
Floury Cafe,7.0683797,125.5921572,5,good food. nice ambiance,Matcha
Floury Cafe,7.0683797,125.5921572,4,,Matcha
Floury Cafe,7.0683797,125.5921572,4,"Great food, wonderful ambiance, and fantastic value for families! We visited after church for a family meal and had a wonderful experience. The food was delicious, and the prices were surprisingly reasonable compared to other …",Matcha
Floury Cafe,7.0683797,125.5921572,5,"Loved our experience at Floury! The Truffle Pasta and Steak Fried Rice were easily our favourites and definitely worth ordering. Great food, generous servings, cozy ambiance, and a convenient location. Friendly staff too. Will definitely be back!",Matcha
Floury Cafe,7.0683797,125.5921572,3,"Nice space and ambiance but it can get noisy if there are a lot of people. Great, attentivr staff, though it took them a while to give us our bill. Food looked great, but the pasta was really salty (we ordered aglio e olio and pomodoro). We …",Matcha
Floury Cafe,7.0683797,125.5921572,4,"The first time I visited, the beef tapa was a bit tough to order😒 I hope when I come back the meat will be tender😊 …",Matcha
Floury Cafe,7.0683797,125.5921572,5,The ambiance is so beautiful!!!!!,Matcha
Floury Cafe,7.0683797,125.5921572,5,Show,Matcha
Floury Cafe,7.0683797,125.5921572,3,,Matcha
Floury Cafe,7.0683797,125.5921572,5,,Matcha
Floury Cafe,7.0683797,125.5921572,5,,Matcha
Floury Cafe,7.0683797,125.5921572,4,,Matcha
Floury Cafe,7.0683797,125.5921572,5,,Matcha
Floury Cafe,7.0683797,125.5921572,5,,Matcha
Floury Cafe,7.0683797,125.5921572,1,,Matcha
Floury Cafe,7.0683797,125.5921572,5,,Matcha
Floury Cafe,7.0683797,125.5921572,5,,Matcha
Floury Cafe,7.0683797,125.5921572,5,,Matcha
Floury Cafe,7.0683797,125.5921572,5,,Matcha
Floury Cafe,7.0683797,125.5921572,5,,Matcha
Floury Cafe,7.0683797,125.5921572,5,,Matcha
Floury Cafe,7.0683797,125.5921572,5,,Matcha
Floury Cafe,7.0683797,125.5921572,4,,Matcha
Floury Cafe,7.0683797,125.5921572,2,,Matcha
Floury Cafe,7.0683797,125.5921572,5,,Matcha
Floury Cafe,7.0683797,125.5921572,1,,Matcha
Floury Cafe,7.0683797,125.5921572,5,,Matcha
Floury Cafe,7.0683797,125.5921572,5,,Matcha
Floury Cafe,7.0683797,125.5921572,5,,Matcha
Floury Cafe,7.0683797,125.5921572,5,,Matcha
Floury Cafe,7.0683797,125.5921572,5,,Matcha
Floury Cafe,7.0683797,125.5921572,5,,Matcha
Floury Cafe,7.0683797,125.5921572,5,,Matcha
Floury Cafe,7.0683797,125.5921572,2,,Matcha
Green Coffee - Obrero,7.0881264,125.5943935,3,The barista is friendly and approachable. However I ordered Fine salt and cheese Matcha it was too sweet and the Caffe con leche is excessively sweet too. I hope they will put options for sugar levels. 😊 …,Matcha
Green Coffee - Obrero,7.0881264,125.5943935,5,I really love their matcha series,Matcha
Green Coffee - Obrero,7.0881264,125.5943935,1,">Matcha Latte that tastes like sugar syrup, ""that's how we like matcha"" tsk bad service",Matcha
Green Coffee - Obrero,7.0881264,125.5943935,5,I really love their matcha series,Matcha
Hachi House Davao,7.0881264,125.5943935,5,Iced Sikwate is a must try!,Matcha
Hachi House Davao,7.0881264,125.5943935,3,"A friendly suggestion: Instead of brown sugar syrup and condensed milk as a default for matcha latte, add agave or corn syrup as an alternative esp for people who are avoiding dairy …",Matcha
Hachi House Davao,7.0881264,125.5943935,5,,Matcha
Hachi House Davao,7.0881264,125.5943935,5,,Matcha
Hachi House Davao,7.0881264,125.5943935,1,,Matcha
Hachi House Davao,7.0881264,125.5943935,1,You'll have to wait 1 hour for your coffee. We went on a weekday.,Matcha
Hachi House Davao,7.0881264,125.5943935,5,,Matcha
Hachi House Davao,7.0881264,125.5943935,5,Iced Sikwate is a must try!,Matcha
Hachi House Davao,7.0881264,125.5943935,5,,Matcha
Hachi House Davao,7.0881264,125.5943935,1,You'll have to wait 1 hour for your coffee. We went on a weekday.,Matcha
Hortus Davao (Matcha & Coffee),7.0573666,125.56099,5,"The place is good, the food is great.",Matcha
Hortus Davao (Matcha & Coffee),7.0573666,125.56099,5,The coffee is good 💯 the ambiance is instagramable 📸 …,Matcha
Hortus Davao (Matcha & Coffee),7.0573666,125.56099,5,,Matcha
Hortus Davao (Matcha & Coffee),7.0573666,125.56099,4,,Matcha
Hortus Davao (Matcha & Coffee),7.0573666,125.56099,5,"The place is good, the food is great.",Matcha
Hortus Davao (Matcha & Coffee),7.0573666,125.56099,5,The coffee is good 💯 the ambiance is instagramable 📸,Matcha
Hortus Davao (Matcha & Coffee),7.0573666,125.56099,5,,Matcha
KAMPO,7.096049,125.5749616,5,Great Group of guys. Amazing chill out easy atmosphere. Like to come here every morning.,Matcha
KAMPO,7.096049,125.5749616,5,Very Aesthetic Coffee Spot and the Coffee is so good ~,Matcha
KAMPO,7.096049,125.5749616,5,really nice. they now have pizzas as well. amazing coffee business built by young entrepreneurs.,Matcha
KAMPO,7.096049,125.5749616,5,,Matcha
KAMPO,7.096049,125.5749616,5,,Matcha
KAMPO,7.096049,125.5749616,5,Very Aesthetic Coffee Spot and the Coffee is so good ~,Matcha
KINN & Friends,7.0723729,125.5937945,5,"i had such a great experience at this coffee shop! I ordered the Hanagi matcha, while my friend got the matcha latte, and both drinks were super smooth and flavorful—not too sweet, just right. you can really taste the quality of the matcha …",Matcha
KINN & Friends,7.0723729,125.5937945,5,"ordered the cold brew and nokou uji matcha. 3/5 for cold brew, sarap but dili kaayo siya creamy for me and ma overpower sa sweetness and coffee, 5/5 for matcha i love how bold it is and how long nagstay ang flavor! very umami and grassy …",Matcha
KINN & Friends,7.0723729,125.5937945,5,"Great matcha experience! Customer service is superb!!! Happen to have a matcha break today around lunch, found this new cafe near school, we were able to avail their parking and the staff were very accommodating and welcoming. We ordered …",Matcha
KINN & Friends,7.0723729,125.5937945,5,"We gave KINN a try on a recommendation and glad we did. On entering the place was clean, inviting and has a comfortable contemporary vibe. We were greeted by staff and as we looked over the menu they answered our questions and also gave …",Matcha
KINN & Friends,7.0723729,125.5937945,5,"Update review April/2026. I Like this Place!, simple and minimalist and clean with gourmet plant-based …",Matcha
KINN & Friends,7.0723729,125.5937945,5,"This is so my place. I just thank God there are beautiful places like this in Davao. Matcha, 100% good. they take it seriously. giving ""beat this"" vibe. Genmaicha is a must try, roasty and textured. i love it",Matcha
KINN & Friends,7.0723729,125.5937945,5,,Matcha
KINN & Friends,7.0723729,125.5937945,5,High quality coffee with great service,Matcha
KINN & Friends,7.0723729,125.5937945,5,usual coffee and matcha spot,Matcha
KINN & Friends,7.0723729,125.5937945,5,"A familiar feel enveloped me upon entering. Then I remembered. Place was similar to Kisom. Same owners that brought us The Vegan Dinosaur, Mylk Cafe, Kindred Cafe, The Matcha Bar, and others. Love the takeaway order I got. Affordable rates …",Matcha
KINN & Friends,7.0723729,125.5937945,5,,Matcha
KINN & Friends,7.0723729,125.5937945,5,High quality coffee with great service,Matcha
KINN & Friends,7.0723729,125.5937945,5,usual coffee and matcha spot,Matcha
KINN & Friends,7.0723729,125.5937945,4,"I had first seen KINN & Friends on tiktok and I really loved the aesthetic and wanted to try it out. I ordered the Kinako Matcha and biscoff cookie (it was 50% off <3) The Kinako Matcha was exactly how it was described, nutty, toasted but …",Matcha
KINN & Friends,7.0723729,125.5937945,5,"Cute cafe with modern interior and a cozy nook. I only ordered Matcha but with Banana Pudding. The sweetness compliments, it was enjoyable with a smooth texture and a balanced flavor. It was their best seller too! A must try!",Matcha
KINN & Friends,7.0723729,125.5937945,5,"Kori Kohi Spanish and Vanilla Bean ..on point! We also ordered the biscoff brownie, okay not sweet. Perfect for a 30-something. Staff is friendly, packaging is nice, quiet atmosphere. It met our standards, definitely we will go back. Customer service 10/10",Matcha
KINN & Friends,7.0723729,125.5937945,5,,Matcha
KINN & Friends,7.0723729,125.5937945,4,,Matcha
KINN & Friends,7.0723729,125.5937945,5,,Matcha
KINN & Friends,7.0723729,125.5937945,5,,Matcha
KINN & Friends,7.0723729,125.5937945,4,,Matcha
KINN & Friends,7.0723729,125.5937945,5,,Matcha
KISOM Atelier,7.0905391,125.5946816,4,"… nice for photos and videos, especially if you love clean and artsy shots. Tried & Rated: • Cafe Latte (₱160) — 8.5/10 • Pistachio Matcha Isom (₱280) — 8/10 • Biscoff Cookie (₱120) — 8/10 • Kisom Matcha II (₱260) — 9/10 ⭐️ Note: Would …",Matcha
KISOM Atelier,7.0905391,125.5946816,5,Went to try their matcha since I heard a lot of good reviews from them. Got their Vol. 1 and it didn't disappoint! Love the atmosphere of the place quiet and chill. Staff are very friendly too. Will definitely come back!,Matcha
KISOM Atelier,7.0905391,125.5946816,5,"first time trying here despite being near to addu :> drinks was superbbb, esp the black sesame matcha! peaceful atmosphere as well (or maybe depends what time you'll go).. 😽 will definitely come back! …",Matcha
KISOM Atelier,7.0905391,125.5946816,4,"their vol 3 matcha never misses, and it is definitely worth buying. tho the only thing i regret was that i drank it too fast because of how delicious it was.. so i couldnt get to savor it;;;; the place has a good ambience, but you're not …",Matcha
KISOM Atelier,7.0905391,125.5946816,5,"I've been here so many times I can't even count, and their matcha never disappoints! The matcha is sooo good, especially the matcha banana pudding. It's always my go-to whenever I visit. It's super creamy, and you can really taste both the …",Matcha
KISOM Atelier,7.0905391,125.5946816,5,"I love their matcha series. Especially when the barista introduced me their soy matcha (?) and it tasted like black sesame but more better. When it comes to their drinks, I give an exceptional ratings. They are very consistent in creating …",Matcha
KISOM Atelier,7.0905391,125.5946816,5,"Really good matcha with unique flavors. Tried the black sesame, pistachio, and coconut cloud matcha. The pistachio was surprisingly good with a really strong pistachio taste. Very chill vibe too.",Matcha
KISOM Atelier,7.0905391,125.5946816,4,Their matcha is truly exceptional! Has complex flavors and great aroma. The matcha taste strong even blended with coffee and the beans they used for coffee's as well are from the known coffee shop in CDO which made me thought ahead that the …,Matcha
KISOM Atelier,7.0905391,125.5946816,5,"I ordered matcha volume i, and super yum!! As a not-so-much-matcha-fan, super sarap. Balanced ang taste ng gatas, tamis, and matcha. If you like sweet matcha, i recommend volume i. You can also control the sweetness since you're the one who …",Matcha
KISOM Atelier,7.0905391,125.5946816,5,Got a classic unsweetened matcha latte in oatside oat milk. You can choose if it's sweet or not. They said it was a midori matcha. Saw the Matcha bar ph logo. Paid 190 pesos and it's in takeout. Charge comes when takeout via paper cup. You …,Matcha
KISOM Atelier,7.0905391,125.5946816,4,"We're from CDO and did a café hopping trip in Davao City, and Kisom Atelier was one of our stops. The place is very aesthetic, with lots of seats and tables—perfect if you want to stay longer or just enjoy the vibe. I really love their ceramic designs and the ceramics they use; it adds so much character to the café. The place is also really nice for photos and videos, especially if you love clean and artsy shots. Tried & Rated: • Cafe Latte (₱160) — 8.5/10 • Pistachio Matcha Isom (₱280) — 8/10 • Biscoff Cookie (₱120) — 8/10 • Kisom Matcha II (₱260) — 9/10 ⭐️ Note: Would be glad if the staff were more welcoming. Hehe, thank youu 😊 Overall, a great spot for coffee, matcha, and aesthetics. Definitely worth visiting when you're café hopping in Davao ☕️✨",Matcha
KISOM Atelier,7.0905391,125.5946816,5,"CAKES!! COOKIES!! Korean Garlic cheese buns!! Oatmilk based espresso and matcha drinks.. Try the pepperoni pizza pocket (plant based), very delicious and the sauce is perfectly tangy and rich with flavors…..Mock tuna sandwich and lasagna …",Matcha
KISOM Atelier,7.0905391,125.5946816,3,… feel is inappropriate for a cafe. It's almost as loud as a nightclub. Super distracting even with earphones. 🥲 The matcha was okay. I've had better matcha at the same price point or lower. They had some other interesting options in the …,Matcha
KISOM Atelier,7.0905391,125.5946816,5,"… we ordered tasted great, and the staff were very kind and approachable. me and my friends thought the table was too low for the chair which was kind of uncomfortable to sit and talk with each other but I found my new favorite Matcha place!",Matcha
KISOM Atelier,7.0905391,125.5946816,5,"The matcha was delicious. I loved the atmosphere, especially the books. The service was also very accommodating.",Matcha
KISOM Atelier,7.0905391,125.5946816,5,one of the good matcha place near addu ive tried hehe,Matcha
KISOM Atelier,7.0905391,125.5946816,5,Still the best matcha I've tried in Metro Davao! Their atmosphere and service is a plus 😋💚 …,Matcha
KISOM Atelier,7.0905391,125.5946816,5,"… the tone for the rest of my visit. And the best part? The menu! It's packed with delicious drinks — top-quality matcha, smooth coffee, and even hojicha — plus an irresistible selection of cakes and cookies Overall, it's a solid 10/10. Such …",Matcha
KISOM Atelier,7.0905391,125.5946816,5,Matcha was so good I had to go back to try the other options. The interior was also very nice!,Matcha
KISOM Atelier,7.0905391,125.5946816,5,Really good and quality matcha matcha experience! 💗 …,Matcha
KISOM Atelier,7.0905391,125.5946816,5,𝙄 𝙡𝙤𝙫𝙚 𝙞𝙩 𝙖𝙣𝙙 𝙢𝙮 𝙛𝙧𝙞𝙚𝙣𝙙𝙨 𝙡𝙤𝙫𝙚𝙨 𝙞𝙩 𝙖𝙡𝙨𝙤.. 𝙎𝙤 𝙮𝙪𝙢𝙢𝙮 𝙢𝙖𝙘𝙝𝙖 𝙑. 𝙄𝙄𝙄 …,Matcha
KISOM Atelier,7.0905391,125.5946816,3,"Cute place but incredibly loud music that I feel is inappropriate for a cafe. It's almost as loud as a nightclub. Super distracting even with earphones. 🥲 The matcha was okay. I've had better matcha at the same price point or lower. They had some other interesting options in the menu though, so I might give this place another shot soon. I hope they'll make some adjustments to the noise levels. It ruins the ambiance of an otherwise lovely place.",Matcha
KISOM Atelier,7.0905391,125.5946816,5,"Everything we ordered tasted great, and the staff were very kind and approachable. me and my friends thought the table was too low for the chair which was kind of uncomfortable to sit and talk with each other but I found my new favorite Matcha place!",Matcha
KISOM Atelier,7.0905391,125.5946816,5,one of the good matcha place near addu ive tried hehe,Matcha
KISOM Atelier,7.0905391,125.5946816,5,"I visited KISOM Atelier on one of their opening days — and what an experience it was! From the moment you step inside, you're struck by the stunning interior: exquisite décor, stylish furniture, gorgeous crockery, and thoughtful touches everywhere, from the elegant cups and saucers to lush plants and even a super cool faucet in the bathroom. The neutral tones make the whole place feel calm and inviting, and there are books galore to browse. Authentic Japanese crockery lines the shelves, adding to the charm 🤩 The warm, friendly staff greeted me with a lovely welcome, setting the tone for the rest of my visit. And the best part? The menu! It's packed with delicious drinks — top-quality matcha, smooth coffee, and even hojicha — plus an irresistible selection of cakes and cookies Overall, it's a solid 10/10. Such a groovy spot — I'll definitely be back and I highly recommend you check it out too. You'll probably see me there! I'm in love 🥰",Matcha
KISOM Atelier,7.0905391,125.5946816,5,Really good and quality matcha matcha experience! 💗,Matcha
KISOM Atelier,7.0905391,125.5946816,5,Service and their matcha vol 1 and 2 are good!! 🩷 …,Matcha
KISOM Atelier,7.0905391,125.5946816,4,One of the best matcha place in Davao!,Matcha
KISOM Atelier,7.0905391,125.5946816,5,"One of the best matcha places in davao, ambience and service are top tier!",Matcha
KISOM Atelier,7.0905391,125.5946816,5,good matcha. level 3 matcha is a must try!!,Matcha
KISOM Atelier,7.0905391,125.5946816,4,"you get the opportunity to pour the matcha in your milk, ambience is warm 😍 …",Matcha
KISOM Atelier,7.0905391,125.5946816,2,"I recently visited KISOM, a new matcha bar that promises to flip the traditional, meditative matcha experience into an ""electric"" social vibe. While the concept is intriguing and the quality of the main ingredient is commendable, several …",Matcha
KISOM Atelier,7.0905391,125.5946816,2,"The matcha is good; however, I was expecting to feel relaxed and have a nice ""me time"" while enjoying it. Unfortunately, the music is quite loud—almost like a disco. There seems to be a disconnect between the atmosphere and the intended …",Matcha
KISOM Atelier,7.0905391,125.5946816,5,So cozy and their matcha is so good❤️,Matcha
KISOM Atelier,7.0905391,125.5946816,4,"… to answer questions about sa products nila and the process, and very knowledgeable about their menu. The prices for the matcha have gone up a little since I first started coming here, which is valid naman since they use quality ingredients …",Matcha
KISOM Atelier,7.0905391,125.5946816,5,Matcha is soo good! Go to place during break 🤩 Must try Matcha lvl 3 if you're a matcha lover! …,Matcha
KISOM Atelier,7.0905391,125.5946816,5,Service and their matcha vol 1 and 2 are good!! 🩷,Matcha
KISOM Atelier,7.0905391,125.5946816,4,One of the best matcha place in Davao!,Matcha
KISOM Atelier,7.0905391,125.5946816,5,good matcha. level 3 matcha is a must try!!,Matcha
KISOM Atelier,7.0905391,125.5946816,5,So cozy and their matcha is so good❤️,Matcha
KISOM Atelier,7.0905391,125.5946816,4,"Have been a regular here since they opened, very convenient spot and they open early !! They have a wide variety of teas which I'd say is pretty unique sa coffee shop/ cafe scene sa davao, and the staff is super friendly. Baristas I've made friends with, sila Jan, Thomas and Oliver always bright and engaging, nag eengage in conversation, willing to answer questions about sa products nila and the process, and very knowledgeable about their menu. The prices for the matcha have gone up a little since I first started coming here, which is valid naman since they use quality ingredients talaga, but it takes away from the pagka student-friendly aspect. Pinaka worth it for me are the pastries. Priced well and tastes really good. I prefer coming in after lunch or early morning habang wala pang tao.",Matcha
KISOM Atelier,7.0905391,125.5946816,5,Matcha is soo good! Go to place during break 🤩 Must try Matcha lvl 3 if you're a matcha lover!,Matcha
KISOM Atelier,7.0905391,125.5946816,5,Ordered the matcha and it was really good. Cozy place and nice atmosphere.,Matcha
KISOM Atelier,7.0905391,125.5946816,5,I love the matcha!!! Worth it 💚 …,Matcha
KISOM Atelier,7.0905391,125.5946816,5,A very cozy place to chill and have matcha,Matcha
KISOM Atelier,7.0905391,125.5946816,5,"I love the aesthetics, matcha quality and the atmosphere very calm and relaxing.",Matcha
KISOM Atelier,7.0905391,125.5946816,4,So cozy! V unique in serving their matcha 🤍 …,Matcha
KISOM Atelier,7.0905391,125.5946816,5,it has good matcha,Matcha
KISOM Atelier,7.0905391,125.5946816,5,"cozy and chill place, serving superb matcha!",Matcha
KISOM Atelier,7.0905391,125.5946816,5,Amazing place.. Matcha is superb.. The staff are kind.. He made sure that all our order is complete..,Matcha
KISOM Atelier,7.0905391,125.5946816,5,Love the vibes of the place and the selections of matcha!,Matcha
KISOM Atelier,7.0905391,125.5946816,5,The matcha drink was soo good,Matcha
KISOM Atelier,7.0905391,125.5946816,5,I love the matcha!!! Worth it 💚,Matcha
KISOM Atelier,7.0905391,125.5946816,5,A very cozy place to chill and have matcha,Matcha
KISOM Atelier,7.0905391,125.5946816,4,So cozy! V unique in serving their matcha 🤍,Matcha
KISOM Atelier,7.0905391,125.5946816,5,it has good matcha,Matcha
KISOM Atelier,7.0905391,125.5946816,5,"cozy and chill place, serving superb matcha!",Matcha
KISOM Atelier,7.0905391,125.5946816,5,Love the vibes of the place and the selections of matcha!,Matcha
KISOM Atelier,7.0905391,125.5946816,5,The matcha drink was soo good,Matcha
KISOM Atelier,7.0905391,125.5946816,5,Love the place and the matcha,Matcha
KISOM Atelier,7.0905391,125.5946816,5,"The interior, aesthetic, and quality of matcha is exceptional.",Matcha
KISOM Atelier,7.0905391,125.5946816,5,100/100 Thank you pl sa matcha and service ! Must try,Matcha
KISOM Atelier,7.0905391,125.5946816,5,i love the matcha banana puddinggg,Matcha
KISOM Atelier,7.0905391,125.5946816,5,love their matcha!,Matcha
KISOM Atelier,7.0905391,125.5946816,5,i like the test of matcha latte 🫶😍 …,Matcha
KISOM Atelier,7.0905391,125.5946816,5,I live the matcha volume II,Matcha
KISOM Atelier,7.0905391,125.5946816,4,Quality matcha & coffee,Matcha
KISOM Atelier,7.0905391,125.5946816,5,Matcha is good 🤍 …,Matcha
KISOM Atelier,7.0905391,125.5946816,5,"This is my first time reviewing a store and now I'm just expressing my experience with your staff, I forgot the name and it was like Thomas or something. So I ordered matcha with a flavored one I think it was pistachio and he was the …",Matcha
KISOM Atelier,7.0905391,125.5946816,5,Love the place and the matcha,Matcha
KISOM Atelier,7.0905391,125.5946816,5,"The interior, aesthetic, and quality of matcha is exceptional.",Matcha
KISOM Atelier,7.0905391,125.5946816,5,100/100 Thank you pl sa matcha and service ! Must try,Matcha
KISOM Atelier,7.0905391,125.5946816,5,i love the matcha banana puddinggg,Matcha
KISOM Atelier,7.0905391,125.5946816,5,love their matcha!,Matcha
KISOM Atelier,7.0905391,125.5946816,5,i like the test of matcha latte 🫶😍,Matcha
KISOM Atelier,7.0905391,125.5946816,5,I live the matcha volume II,Matcha
KISOM Atelier,7.0905391,125.5946816,4,Quality matcha & coffee,Matcha
KISOM Atelier,7.0905391,125.5946816,5,Matcha is good 🤍,Matcha
KISOM Atelier,7.0905391,125.5946816,3,"Good matcha, but everything has a fee, even the straw for takeout.",Matcha
KISOM Atelier,7.0905391,125.5946816,5,"The matcha here is delicious, it was gone in just 5mins 😅😅❤️ …",Matcha
KISOM Atelier,7.0905391,125.5946816,5,"The matcha here is delicious, it was gone in just 5mins 😅😅❤️",Matcha
Knto Cinco - Lapu Lapu,7.0794949,125.5990916,4,"wonderful experience, i love the matcha you can really taste the grass texture and their place its dark and cozy at the same time, their staff are also kind and friendly. highly reco go here in 6-8pm since its not that much crowded",Matcha
Knto Cinco - Lapu Lapu,7.0794949,125.5990916,5,"… ambiance is cozy, well-designed, and very relaxing. We tried the Pasta El Cinco and it was super yummy. Their matcha and Spanish latte are top tier, and the pizzadilla is a must-try. The service was excellent, with friendly and …",Matcha
Knto Cinco - Lapu Lapu,7.0794949,125.5990916,5,best matcha in dvo!!! 😍 the place is also giving 🤌🏻 …,Matcha
Knto Cinco - Lapu Lapu,7.0794949,125.5990916,5,"Knto Cinco is one of the best coffee shops in Lapu-Lapu City, Cebu. The place is cozy and aesthetic, perfect for chill, work, or quick coffee breaks. Some coffee and matcha are delicious—balanced, not too sweet, the quality is clear. The …",Matcha
Knto Cinco - Lapu Lapu,7.0794949,125.5990916,5,"I really like the ambiance at Knto Cinco Lapu-Lapu. Clean, cozy, and not crowded. very nice for work or chill coffee nights. Ben and ben were there when I visited 😭 …",Matcha
Knto Cinco - Lapu Lapu,7.0794949,125.5990916,1,"3 inverter aircons but the heat inside is still dripping. Complained about the heat but they only said the aircon was on. Ordered the chicken and white sauce but it was terrible, chicken had no flavor, the side dish (potatoes) were cold, …",Matcha
Knto Cinco - Lapu Lapu,7.0794949,125.5990916,4,"UPDATED: I haven't dined in here and always only go by Grab but I bet their pasta and cereal latte are great. However, the matcha is just disappointing because it's nothing special but it's pricey and just plain bad :( …",Matcha
Knto Cinco - Lapu Lapu,7.0794949,125.5990916,5,"Knto Cinco in Lapu-Lapu exceeded my expectations. The ambiance is cozy, well-designed, and very relaxing. We tried the Pasta El Cinco and it was super yummy. Their matcha and Spanish latte are top tier, and the pizzadilla is a must-try. The service was excellent, with friendly and attentive staff, and the huge parking space made the visit very convenient. Definitely coming back and highly recommending this place.",Matcha
Knto Cinco - Lapu Lapu,7.0794949,125.5990916,5,best matcha in dvo!!! 😍 the place is also giving 🤌🏻,Matcha
Koffiepauze,7.0787627,125.5901112,4,Walked in on a Tuesday morning around 9 and it was full with only 2 seats available. People seemed to be enjoying their food and drinks and conversations. It is obviously a popular coffee shop. I was greeted by staff and ordered an Iced …,Matcha
Koffiepauze,7.0787627,125.5901112,5,"I love the food here! Specially the platter (the one with fries, cheese stick and nachos). To be honest I wasn't a fan of their carbonara because pagtumataga nakakaumay but I think we have different preferences it is still good. All in all …",Matcha
Koffiepauze,7.0787627,125.5901112,5,I really love the ambiance. Good for students and yung may mga appointments or meetings. …,Matcha
Koffiepauze,7.0787627,125.5901112,1,"Me and my gf tried their coffee for the first time yesterday. We both found it too sweet and didn't finish it. A few hours later, we started experiencing stomach discomfort, and I've been vomiting since yesterday until this morning. Not sure if it's related, but just sharing our experience.",Matcha
Koffiepauze,7.0787627,125.5901112,4,Fronting a school makes it both a (+) plus and a (-) minus…..IDEAL TIME is after the students have been scooted inside and of course after school hours…..The hushed mood of the cafe at this time is just absolute for a starting meal of the …,Matcha
Koffiepauze,7.0787627,125.5901112,5,"Food is delicious, though you'll have only few choices. Their lasagna is mouth watering..Serving size is also proportionate with the price. They accepts late night customers so it's kind of easy go to if nothing comes to your mind.. baby Bach Ribs is so yummy also..",Matcha
Koffiepauze,7.0787627,125.5901112,4,Has a 2nd floor where you can take of your shoes and sit comfortably. Has a lot of food options. I see a lot of student study on this café. Its also a good café if you wanna rest for awhile after night market shopping. The food is good and I highly recommend their Green Apple Tea.,Matcha
Koffiepauze,7.0787627,125.5901112,5,A nice and Instagram worthy coffee shop located near Ateneo de Davao University and Roxas Night Market. Prices are also very affordable. Must try: Iced Green Tea Matcha,Matcha
Koffiepauze,7.0787627,125.5901112,5,"5 stars because they have free WiFi, offer cashless payment options to customers, and closes at 12 midnight.",Matcha
Koffiepauze,7.0787627,125.5901112,4,Very nice ambiance and music was soothing. ❤ but steak wasnt avail. 😔 food was great! Except for carbonara doesnt taste well for me. …,Matcha
Koffiepauze,7.0787627,125.5901112,5,Relaxing atmosphere. Accommodating staff. Great food and drinks. Highly recommended for those who have sweet tooth.,Matcha
Koffiepauze,7.0787627,125.5901112,5,"Right place to chill, chit-chatting with your friends or even making your paperworks done. Koffiepauze offers a variety of foods to choose from a coffie-enthusiast to cake-lovers. Also, they have a ""Pica Platter"" in which you can share with your friends while having a great time.",Matcha
Koffiepauze,7.0787627,125.5901112,4,"This is a really nice place to chill and make time with friends. However, this place isn't really for those who wants to study because this place is a bit noisy especially upstairs. If you come here to study, I recommend you to bring earphones to lessen the noise.",Matcha
Koffiepauze,7.0787627,125.5901112,2,"Cozy and modern place but same problem as in so many places here.TOO COLD , wasting lots of expensive energy. The food quality not as good as it look like. Places long time used by studying students while they not consume or drinking free water. Very big seats who take a lot of place so the number of customers is limited.",Matcha
Koffiepauze,7.0787627,125.5901112,5,"After your street food tripping at roxas night market, you can stay relaxed and comfortable at koffiepauze. They have a nice and cozy ambiance where you can enjoy a cup of hot or cold beverages. The price is just right. …",Matcha
Koffiepauze,7.0787627,125.5901112,5,This review is coming from a first-time experience. The atmosphere of the place was chill and great for yourself or with your family or friends. The food was good especially their pastries and deserts which looked really good and tempting …,Matcha
Koffiepauze,7.0787627,125.5901112,4,They have a firendly staff and the over all ambiance is great. The palce is great for studying.,Matcha
Koffiepauze,7.0787627,125.5901112,5,"The staff is warm and polite. The food is delicious as well with reasonable prices, but the best part about this place is its ambiance. The white and wood themed interior makes it a great place to hang out and have coffee.",Matcha
Koffiepauze,7.0787627,125.5901112,5,"Cozy ambiance, great food as well and price is reasonable, There is parking available but shared with other establishments. …",Matcha
Koffiepauze,7.0787627,125.5901112,4,great ambiance. yummy meal and drinks.,Matcha
Koffiepauze,7.0787627,125.5901112,4,There pasta and nachos are so good. But most of all I have to commend their coffee specially those with frappe. The place is cozy and perfect for an all night study out at the same time chitchat with friends or colleagues.,Matcha
Koffiepauze,7.0787627,125.5901112,5,"A completely different ambiance compared to the previous shop. But still offers the safe money worthy meals and coffee. Looking for a place to chill and work, this place might be a good option for you.",Matcha
Koffiepauze,7.0787627,125.5901112,5,"My girlfriends and boyfriends love this coffee shop. Aside from it's great interior design, food is amazing too! Since they close at 1 am, we can really enjoy our chit-chats and food.",Matcha
Koffiepauze,7.0787627,125.5901112,4,Good for studying and catching up with friends. They also have really good food. Downside is I think they don't have an exhaust because you leave smelling like food after spending time here.,Matcha
Koffiepauze,7.0787627,125.5901112,5,"My go-to place whenever I want to meet up with someone in the last minute because it's located just in the heart of Davao, and it's very, very, super-duper accessible, so it's a hassle-free meet-up. And since I'm into freaky frappes, well, …",Matcha
Koffiepauze,7.0787627,125.5901112,5,"The food served here are amazingly good, the employees are kind and have patience, they have area for you to charge your gadgets too. Some comes with a huge price but considering the service they serve, everything is worthwhile.",Matcha
Koffiepauze,7.0787627,125.5901112,4,"Fine place. The only thing I don't like much about the place is that the place downstairs has to be crowded enough before people are permitted to occupy the 2nd floor. Also, as a café and a coffee shop, I notice the place is too noisy at times. Overall their place is good, their coffee and other drinks are good.",Matcha
Koffiepauze,7.0787627,125.5901112,4,Nice place to study and for meetings,Matcha
Koffiepauze,7.0787627,125.5901112,5,Cozy place. 😍 I really love the ambiance of the place. I love their spicy buffalo wings. It's the best place for students and young professionals. I'm sure they'll love it. …,Matcha
Koffiepauze,7.0787627,125.5901112,5,"My favorite coffeeshop to stay for good conversations, or for studying with friends. Try their nachos (when it's available) their coffee blends, main dishes. Don't ever forget to try their cakes!",Matcha
Koffiepauze,7.0787627,125.5901112,4,They have free 2 hr. wifi and lots of meals to choose.,Matcha
Koffiepauze,7.0787627,125.5901112,3,Sign and google maps say it opens at 7. Waiting from 7 until 7:30 and they still arent open like ??? Change your sign or open on time just dont do this and make ppl wait,Matcha
Koffiepauze,7.0787627,125.5901112,5,Cozy place for quite moments.,Matcha
Koffiepauze,7.0787627,125.5901112,5,"Great time and place with friends or without... 😍Comfy,cosy classy but simply relaxing place while having fav coffee and cake...love machaiatto and cheesecake... Accomodating,smiling,friendly guys serving...and hmmm keeping coming back. …",Matcha
Koffiepauze,7.0787627,125.5901112,5,"If you want to finish your school projects with the thought of being at home; well, this is the place for you. You can squat as you work and eat! While you are at it, you will be accompanied with a very fluffy bear!",Matcha
Koffiepauze,7.0787627,125.5901112,5,A great coffee shop should have a great matcha and they do. The place is so nice and warm. Feels good to converse with friends and study.,Matcha
Koffiepauze,7.0787627,125.5901112,1,I love the place. But this 👇👇 😔🙄 so SALTY …,Matcha
Koffiepauze,7.0787627,125.5901112,5,great food in a great place.👏👏👏 …,Matcha
Koffiepauze,7.0787627,125.5901112,4,Nice place and i love the foods here🤗 …,Matcha
Koffiepauze,7.0787627,125.5901112,4,"So far this is a nice café, I really like their motif which is really unique, their food is good and the price its affordable, But again what to really look forward to is the ambiance and the unique style(check upstairs) of the place.",Matcha
Koffiepauze,7.0787627,125.5901112,5,one of my favorite coffee shop👍😍❤ …,Matcha
Koffiepauze,7.0787627,125.5901112,5,Nice place to relax with cool ambiance :) They have bears and cutie tables.,Matcha
Koffiepauze,7.0787627,125.5901112,4,Good place to relax but the hot tea doesnt have a tea kettle to keep the hot water warm. It is only on a cup.,Matcha
Koffiepauze,7.0787627,125.5901112,5,Food is great. Ambiance is also great. Love my stay.,Matcha
Koffiepauze,7.0787627,125.5901112,4,Best for get together with friends,Matcha
Koffiepauze,7.0787627,125.5901112,5,Favorite coffeeshop in Davao. Accommodating staff. Food is great and their coffee is ❤️,Matcha
Koffiepauze,7.0787627,125.5901112,5,Their pastas are definitely value for money. Great atmosphere too!,Matcha
Koffiepauze,7.0787627,125.5901112,5,"-good coffee, good prices. Upstairs is quite loud though. Good for casual conversation.",Matcha
Koffiepauze,7.0787627,125.5901112,5,"Nice place to visit, accommodating and a very good place to study while eating.",Matcha
Koffiepauze,7.0787627,125.5901112,2,The food is okay. The service is bad. Expensive... not really worth the money I give.,Matcha
Koffiepauze,7.0787627,125.5901112,5,Cozy place for quite moments.,Matcha
Koffiepauze,7.0787627,125.5901112,5,Cozy place to hangout with friends. They have this cozy feels upstairs with stuffed toys.,Matcha
Koffiepauze,7.0787627,125.5901112,4,Their air con is too cold but I love the place and the food,Matcha
Koffiepauze,7.0787627,125.5901112,5,"The ambiance of this store is nice and wonderful , the crews there are very kind and humble .",Matcha
Koffiepauze,7.0787627,125.5901112,5,A really good place to study..Loved the human size teddy bears,Matcha
Koffiepauze,7.0787627,125.5901112,4,"Good coffee, nice ambience, tables were a bit high for a coffee talk.",Matcha
Koffiepauze,7.0787627,125.5901112,5,Love the ambience. Good thing that they limit their wifi usage.,Matcha
Koffiepauze,7.0787627,125.5901112,5,guranteed tasty! nachos and baked spag are my fave!,Matcha
Koffiepauze,7.0787627,125.5901112,4,Good ambiance. The wait time of the food was so long.,Matcha
Koffiepauze,7.0787627,125.5901112,4,A very great place to hang out n drink coffee.,Matcha
Koffiepauze,7.0787627,125.5901112,4,Pretty ok..nothing spectacular..frankly expected better,Matcha
Koffiepauze,7.0787627,125.5901112,3,"The food took really long, but it was delicious.",Matcha
Koffiepauze,7.0787627,125.5901112,5,Delicious food and a good place to chill!,Matcha
Koffiepauze,7.0787627,125.5901112,5,Very cozy place and the staff are cool.,Matcha
Koffiepauze,7.0787627,125.5901112,1,a little bit noisy. not the best place to study,Matcha
Koffiepauze,7.0787627,125.5901112,4,I like their coffee!,Matcha
Koffiepauze,7.0787627,125.5901112,4,I like the place and food,Matcha
Koffiepauze,7.0787627,125.5901112,4,Why not 5 cos of uncomftable chair for someones who has a poor back,Matcha
Koffiepauze,7.0787627,125.5901112,4,Nice place to do work. No noise,Matcha
Koffiepauze,7.0787627,125.5901112,5,I love the place and the food is superb,Matcha
Koffiepauze,7.0787627,125.5901112,5,Nice place to have meetings and to study,Matcha
Koffiepauze,7.0787627,125.5901112,5,Delicious food and a good place to chill!,Matcha
Koffiepauze,7.0787627,125.5901112,4,Great ambience and tasty food.,Matcha
Koffiepauze,7.0787627,125.5901112,3,Have a good view and good food.,Matcha
Koffiepauze,7.0787627,125.5901112,4,Cozy place. Always full though.,Matcha
Koffiepauze,7.0787627,125.5901112,4,"Nachos is 💯❤. However, area is small. …",Matcha
Koffiepauze,7.0787627,125.5901112,5,Friendly crew. Ambiance. Cakes.,Matcha
Koffiepauze,7.0787627,125.5901112,4,a place where you can study and relax with friends,Matcha
Koffiepauze,7.0787627,125.5901112,5,"Nice place, nice food.",Matcha
Koffiepauze,7.0787627,125.5901112,5,a place where you can bond talk with a friend,Matcha
Koffiepauze,7.0787627,125.5901112,5,Chill place perfect for studying,Matcha
Koffiepauze,7.0787627,125.5901112,5,Small place with huge teddies!!! ☺,Matcha
Koffiepauze,7.0787627,125.5901112,3,Need to wash those teddy bears.,Matcha
Koffiepauze,7.0787627,125.5901112,5,Great coffee and dessert.,Matcha
Koffiepauze,7.0787627,125.5901112,5,Good Food,Matcha
Koffiepauze,7.0787627,125.5901112,2,Not unli wifi,Matcha
Koffiepauze,7.0787627,125.5901112,5,The food was delicious!,Matcha
Koffiepauze,7.0787627,125.5901112,3,Internet access is limited with time,Matcha
Koffiepauze,7.0787627,125.5901112,3,Its fine.,Matcha
Koffiepauze,7.0787627,125.5901112,4,The ambiance is nice,Matcha
Koffiepauze,7.0787627,125.5901112,5,Yummy 😊 …,Matcha
Koffiepauze,7.0787627,125.5901112,5,Highly recommended!,Matcha
Koffiepauze,7.0787627,125.5901112,5,Student friendly,Matcha
Koffiepauze,7.0787627,125.5901112,4,Comfy,Matcha
Koffiepauze,7.0787627,125.5901112,3,Relaxing ambiance,Matcha
Koffiepauze,7.0787627,125.5901112,4,nice place..,Matcha
Koffiepauze,7.0787627,125.5901112,5,,Matcha
Koffiepauze,7.0787627,125.5901112,4,cozy place,Matcha
Koffiepauze,7.0787627,125.5901112,5,Yummy foods,Matcha
Koffiepauze,7.0787627,125.5901112,5,Cozy place,Matcha
Koffiepauze,7.0787627,125.5901112,5,"The place is very beautiful, really good for OOTD outfit. Matcha the best is really tasty, if you don't enjoy it then you're fine haha, as long as it's 10/10 for me. And thank you also to the Owner for allowing us to have our lunch because …",Matcha
Koffiepauze,7.0787627,125.5901112,5,It's nice to chill and I don't mind staying for a while.,Matcha
Koffiepauze,7.0787627,125.5901112,4,,Matcha
Koffiepauze,7.0787627,125.5901112,1,It seems like it's forbidden to be polite.,Matcha
Koffiepauze,7.0787627,125.5901112,5,,Matcha
Koffiepauze,7.0787627,125.5901112,4,It's okay 😊👌 …,Matcha
Koffiepauze,7.0787627,125.5901112,5,,Matcha
Koffiepauze,7.0787627,125.5901112,4,,Matcha
Koffiepauze,7.0787627,125.5901112,4,,Matcha
Koffiepauze,7.0787627,125.5901112,5,Lamiii,Matcha
Koffiepauze,7.0787627,125.5901112,4,,Matcha
Koffiepauze,7.0787627,125.5901112,4,,Matcha
Koffiepauze,7.0787627,125.5901112,2,,Matcha
Koffiepauze,7.0787627,125.5901112,4,,Matcha
Koffiepauze,7.0787627,125.5901112,5,,Matcha
Koffiepauze,7.0787627,125.5901112,4,,Matcha
Koffiepauze,7.0787627,125.5901112,5,,Matcha
Koffiepauze,7.0787627,125.5901112,5,,Matcha
Koffiepauze,7.0787627,125.5901112,5,,Matcha
Koffiepauze,7.0787627,125.5901112,4,,Matcha
Koffiepauze,7.0787627,125.5901112,5,,Matcha
Koffiepauze,7.0787627,125.5901112,5,,Matcha
Koffiepauze,7.0787627,125.5901112,5,,Matcha
Koffiepauze,7.0787627,125.5901112,5,,Matcha
Koffiepauze,7.0787627,125.5901112,4,,Matcha
Koffiepauze,7.0787627,125.5901112,4,,Matcha
Koffiepauze,7.0787627,125.5901112,5,,Matcha
Koffiepauze,7.0787627,125.5901112,4,,Matcha
Koffiepauze,7.0787627,125.5901112,4,,Matcha
Koffiepauze,7.0787627,125.5901112,4,,Matcha
Koffiepauze,7.0787627,125.5901112,4,,Matcha
Koffiepauze,7.0787627,125.5901112,4,,Matcha
Koffiepauze,7.0787627,125.5901112,4,,Matcha
Koffiepauze,7.0787627,125.5901112,4,,Matcha
Koffiepauze,7.0787627,125.5901112,5,,Matcha
Koffiepauze,7.0787627,125.5901112,4,,Matcha
Koffiepauze,7.0787627,125.5901112,5,,Matcha
Koffiepauze,7.0787627,125.5901112,4,,Matcha
Koffiepauze,7.0787627,125.5901112,4,,Matcha
Kohi Mame,7.0573666,125.56099,4,Bumped into this cute Japanese-themed café in the south! They have the cutest interior — I love how cozy and aesthetically clean the space is. They even have a resident cat! We ordered the oat matcha (7/10 for me) and the mocha brew (6/10). We also enjoyed their fish pancake!,Matcha
Kohi Mame,7.0573666,125.56099,5,The coffee has greater character. Ordered the caramel latte and had almond milk option.,Matcha
Kohi Mame,7.0573666,125.56099,2,"A little bit overpriced, you're paying for the atmosphere and vibe,the coffee is okay,but not worth the money, my suggestion is to find other options",Matcha
Kohi Mame,7.0573666,125.56099,5,Cutsey :),Matcha
Kohi Mame,7.0573666,125.56099,5,Coffee has a grrat distinct taste. Thry also had Japanese snacks,Matcha
Kohi Mame,7.0573666,125.56099,3,I suggest you move the counter near the kitchen cos the server had to walk far just to prep things,Matcha
Kohi Mame,7.0573666,125.56099,5,Jen is so kind and pretty 💕 delicious 10/10 …,Matcha
Kohi Mame,7.0573666,125.56099,5,,Matcha
Kohi Mame,7.0573666,125.56099,4,,Matcha
Kohi Mame,7.0573666,125.56099,5,,Matcha
Kohi Mame,7.0573666,125.56099,5,Cutsey :),Matcha
Kohi Mame,7.0573666,125.56099,5,Jen is so kind and pretty 💕 delicious 10/10,Matcha
Kohi Mame,7.0573666,125.56099,5,,Matcha
Kohi Mame,7.0573666,125.56099,4,,Matcha
Kohi Mame,7.0573666,125.56099,5,,Matcha
Kohi Mame,7.0573666,125.56099,4,,Matcha
Kohi Mame,7.0573666,125.56099,4,,Matcha
Kohi Mame,7.0573666,125.56099,5,,Matcha
Kohi Mame,7.0573666,125.56099,5,,Matcha
Kohi Mame,7.0573666,125.56099,4,,Matcha
Kohi Mame,7.0573666,125.56099,4,,Matcha
Koncrete,7.0574508,125.5609042,4,"… warmly accommodate customers and even apologize for the limited space. good hangout spot for friends—they have seating outside the café. i love the matcha, though they only offer one size. i love their chicken sandwich and fries! 🤤🤤🤤🤤🤤 …",Matcha
Koncrete,7.0574508,125.5609042,4,This is my go to place! I love the konkrete gray drink (it was strong and hits good) and the matcha was just okay. We will be back for slow time me time 🤍 …,Matcha
Koncrete,7.0574508,125.5609042,4,"Place is cute and small, I loved the matcha brand that they use— but strangely I dont liked the matcha latte 🥲🥲 …",Matcha
Koncrete,7.0574508,125.5609042,4,"place was a bit small, but i love how their staff warmly accommodate customers and even apologize for the limited space. good hangout spot for friends—they have seating outside the café. i love the matcha, though they only offer one size. i love their chicken sandwich and fries! 🤤🤤🤤🤤🤤",Matcha
Mandatory Matcha Bar,7.0572823,125.5610759,5,"Was here February 11, 2026 at 7:39pm on a Wednesday similar to the last time I arrived but that was Feb 4. …",Matcha
Mandatory Matcha Bar,7.0572823,125.5610759,5,love their matcha! the milk did not overpowered the matcha powder ang fits for grassy matcha girlie like me. my friend requested to make it creamer thats why murag lasaw ang isa 😆 their place was cozy and a litlle bit small …,Matcha
Mandatory Matcha Bar,7.0572823,125.5610759,5,"Tucked inside the Bondi & Bourke compound on Pelayo St is this little nook of a café — small, with around five seats, but very intentional in its design. …",Matcha
Mandatory Matcha Bar,7.0572823,125.5610759,5,"Went there around 8pm on a weekday and we were the only people there! Place was small but cozy, staff were kind and the matcha gelato was so good :)",Matcha
Mandatory Matcha Bar,7.0572823,125.5610759,5,The Matcha here is perfect. Smooth and umami. Will come again next time im around the area,Matcha
Mandatory Matcha Bar,7.0572823,125.5610759,5,Best matcha gelato in davao. Also try the level 2 and ichigo,Matcha
Mandatory Matcha Bar,7.0572823,125.5610759,5,Their Matcha Gelato is my absolute fave! Small interior space but I absolutely love the intimate atmosphere!,Matcha
Mandatory Matcha Bar,7.0572823,125.5610759,5,"Must try their matcha gelato! Good service, the staff were welcoming.",Matcha
Mandatory Matcha Bar,7.0572823,125.5610759,5,,Matcha
Mandatory Matcha Bar,7.0572823,125.5610759,5,,Matcha
Mandatory Matcha Bar,7.0572823,125.5610759,5,Best matcha gelato in davao. Also try the level 2 and ichigo,Matcha
Mandatory Matcha Bar,7.0572823,125.5610759,5,,Matcha
Mandatory Matcha Bar,7.0572823,125.5610759,5,,Matcha
Mandatory Matcha Bar,7.0572823,125.5610759,5,,Matcha
Mandatory Matcha Bar,7.0572823,125.5610759,5,,Matcha
Matcha Bar - Marfori,7.057198,125.5611617,4,"love the minimalist interior and lack of bright colors thereof. their beverages are on the pricey side, taste was fine and drinks comes with a side of cookie. i ordered hojicha, it was decent but honestly not the very best ive tried. for …",Matcha
Matcha Bar - Marfori,7.057198,125.5611617,4,"Nice, cozy, and quiet matcha bar. The atmosphere is relaxing, and the drinks are enjoyable. The space is a bit small and can't accommodate many customers at once, but that also adds to its intimate and peaceful charm.",Matcha
Matcha Bar - Marfori,7.057198,125.5611617,5,"Matcha Bar Davao is an absolute gem for matcha lovers. It's the perfect spot for a quiet coffee break, catching up with friends, or just enjoying some alone time. …",Matcha
Matcha Bar - Marfori,7.057198,125.5611617,5,"Among the four matcha cafes i've tried on my short DVO trip, matcha bar is so far my favorite! I love how they have multiple options for the classic matcha latte and other sweeter options. The cafe was also near my hotel and its nice that they close late.",Matcha
Matcha Bar - Marfori,7.057198,125.5611617,5,"From CDO to do cafe hopping in Davao! Their matcha is honestly sooo good 😍 The space is small, only fits about 8 …",Matcha
Matcha Bar - Marfori,7.057198,125.5611617,5,love their matcha here! there's also a good variety of signature and flavored matcha and hojicha drinks. there are also cookies and pastries available. the matcha is authentic and fresh. they also gave complimentary cookies that pair well …,Matcha
Matcha Bar - Marfori,7.057198,125.5611617,5,"Matcha Bar Davao is an absolute gem for matcha lovers. From the moment you walk in, the calm, minimalist vibe makes you feel relaxed and welcome. It's the perfect spot for a quiet coffee break, catching up with friends, or just enjoying …",Matcha
Matcha Bar - Marfori,7.057198,125.5611617,3,"Cool vibe, but the drinks were just average. We tried both the Dark and Ultra Dark Hojicha. They were fine, but didn't quite live up to the hype or the price point. While the quality of the tea was clearly high, the drinks themselves were …",Matcha
Matcha Bar - Marfori,7.057198,125.5611617,5,"Went here with my family and we really loved the ambiance of the place. The staff are very kind and they kindly explained to us every matcha on the menu. The matcha that we ordered is really good, tastes very premium. Also, the pastries are …",Matcha
Matcha Bar - Marfori,7.057198,125.5611617,5,"The matcha in matcha bar is excellent and reliable. Choosing any random matcha drink from the menu and you can get good, high quality matcha. That alone gives matcha bar a high rating for me. …",Matcha
Matcha Bar - Marfori,7.057198,125.5611617,5,"As a matcha lover, I'm super picky and Matcha Bar Davao did not disappoint. The matcha is smooth and vibrant. You can really taste the quality. Plus, the staff clearly knows their matcha, which makes the whole experience even better. Definitely my go-to matcha spot in Davao 🍵✨ …",Matcha
Matcha Bar - Marfori,7.057198,125.5611617,5,"Really enjoyed this matcha bar. The place has a nice, chill vibe and feels super comfortable. The matcha tastes great, smooth and good quality and the service was friendly and easygoing. Such a nice spot to hang out and unwind. Would definitely come back. 🍵 …",Matcha
Matcha Bar - Marfori,7.057198,125.5611617,5,This matcha bar is on another level. You can feel the passion of this business to its core.. the matcha taste so different that I cant compare it to the one i personally making at home..their matcha is so delicious it has the umami nutty …,Matcha
Matcha Bar - Marfori,7.057198,125.5611617,5,"We had a great experience at the matcha bar. The matcha had a beautifully balanced, authentic flavor it's rich and smooth. You can really taste the quality. We'll definitely be back!",Matcha
Matcha Bar - Marfori,7.057198,125.5611617,5,"A place that we can really recommend to all matcha lovers! Nice ambiance of the place and of course, the matcha is really good, very premium. The staff are also very kind and accomodating. We will definitely come back",Matcha
Matcha Bar - Marfori,7.057198,125.5611617,5,"The matchas are fantastic and the ambiance is great! We ordered pistachio matcha, kurogoma and chocolate chip cookie. Will definitely come back ❤️",Matcha
Matcha Bar - Marfori,7.057198,125.5611617,4,"I love their matcha — definitely worth the price! I got their best seller, Nami, and it's a solid 9/10 for me. The staff were so accommodating and took the time to explain their matcha, which made the experience even better. I also really …",Matcha
Matcha Bar - Marfori,7.057198,125.5611617,5,"One of the city's OG and best ceremonial Matcha bar. Theyhave a wide selection of matcha. They have also recently expanded their menu to include pastries, savory bites, and non-matcha drinks. Expect long serving time during busy hours, though. Limited seats.",Matcha
Matcha Bar - Marfori,7.057198,125.5611617,4,"The place and parking are a bit small, but that's pretty common for Matcha spots like this. Loved their Hojicha it was nutty and not too bitter! Though I couldn't really tell the difference between Hojicha 1 and 2. The Sakura drink's a bit bland if it's unsweetened, but still okay overall :)",Matcha
Matcha Bar - Marfori,7.057198,125.5611617,5,"Love the options they have for matcha. I tried the Matcha Cloud which was recommended to me, and it was good. I'm happy to have drank a refreshing type of matcha. The place was quaint and the interior was pleasing to the eyes. The staff …",Matcha
Matcha Bar - Marfori,7.057198,125.5611617,4,"The place is quite small with only 3 tables inside, 1 table can accomodate 4 pax while the other tables can accomodate 2 pax each. …",Matcha
Matcha Bar - Marfori,7.057198,125.5611617,5,"Matcha was great, just the right balance of flavor. The vibe of the place was cool and the service was excellen the staff was very approachable.",Matcha
Matcha Bar - Marfori,7.057198,125.5611617,5,"The matcha is amazing, and the staff are very accommodating. Such a pleasant experience overall! As Douglas MacArthur once said, ""I shall return."" 😁😁😁 …",Matcha
Matcha Bar - Marfori,7.057198,125.5611617,5,"Impressed by their curated selection of matcha drinks. I asked the barista for a matcha with a milky taste (not grassy), and she recommended the Seiji Matcha and it did not disappoint. Smooth, creamy, and perfectly suited to my preference. …",Matcha
Matcha Bar - Marfori,7.057198,125.5611617,5,"A pretty spot for matcha lovers. The place is small, just good for 8 seats. However, you would appreciate the aesthetics and the taste. There is only one staff to do everything so be nice and be patient. 😊 …",Matcha
Matcha Bar - Marfori,7.057198,125.5611617,5,Our go to matcha spot! We LOVE their hojicha. Customer service is also top tier.,Matcha
Matcha Bar - Marfori,7.057198,125.5611617,5,"You can definitely taste the Matcha! Finally, an authentic taste of Matcha drinks in town. The staffs are really accommodating and kind. Though i suggest the place's size to improve to accommodate large group of customers. All in all Matcha Bar is definitely a recommended place to go.",Matcha
Matcha Bar - Marfori,7.057198,125.5611617,4,"Your gaze can't skip this, the building that fronts the old park along Ruby St. It's under the same company managing The Vegan Dinosaur and Croft Bulk foods. The tiny place had only 3 tables inside, 2 outside, and 1 log bench at the door. …",Matcha
Matcha Bar - Marfori,7.057198,125.5611617,5,"We managed to sneak in some time to try Hojicha 2 and Geisha Uji Matcha after a long day. The blend was perfect! :) the hojicha's toasty and nutty, while their matcha really has that good umami that hits the spot. I also appreciate how the …",Matcha
Matcha Bar - Marfori,7.057198,125.5611617,5,"The café has a minimalist, calm vibe — not too loud or crowded most of the time — making it nice to sit with a drink.",Matcha
Matcha Bar - Marfori,7.057198,125.5611617,5,"Matcha Bar is one of those rare spots that feels like a quiet reset. Chill vibes, nothing loud or rushed... just a space where everything feels intentional. Although, I have to note that their space is on the smaller side; but judging by …",Matcha
Matcha Bar - Marfori,7.057198,125.5611617,5,it's my second time here and for sure ill be back for the third time. I love their hojicha series!! 🤎 …,Matcha
Matcha Bar - Marfori,7.057198,125.5611617,5,"The vibes are nice and calm, the matcha is good, the music matches the vibe and the staff are accommodating and nice!",Matcha
Matcha Bar - Marfori,7.057198,125.5611617,5,the staff are so nice and knowledgeable with the matcha. they are accommodating on any questions you have about matcha. the matcha is also really good - one of the best in davao. the flavor profile is on point.,Matcha
Matcha Bar - Marfori,7.057198,125.5611617,5,Matcha tastes earthy and slightly sweet. It's refreshing and gives a mild energy boost.,Matcha
Matcha Bar - Marfori,7.057198,125.5611617,5,"Matcha tasted good, staff accommodates well, good for beginners whose looking for what type of matcha to try. ALSO HAS HOJICHA",Matcha
Matcha Bar - Marfori,7.057198,125.5611617,5,"A true gem for matcha lovers. The quality is outstanding—authentic Japanese technique, carefully prepared with real intention. You can tell a lot of thought and effort goes into every cup. There's a short wait, but it's worth it for such a …",Matcha
Matcha Bar - Marfori,7.057198,125.5611617,5,I had a challenge looking for a cafe/store that serves a legit matcha and I found Matcha Bar as my go to matcha bar after yoga 🥰 …,Matcha
Matcha Bar - Marfori,7.057198,125.5611617,4,- no wifi - no restroom (?) …,Matcha
Matcha Bar - Marfori,7.057198,125.5611617,5,"This spot serves some of the best matcha in town! They offer a ton of unique matcha varieties to explore. I haven't tried them all yet, but I'm definitely coming back for more.",Matcha
Matcha Bar - Marfori,7.057198,125.5611617,4,"- no wifi - no restroom (?) although the place is too small to accomodate multiple customers, their matcha tastes good.",Matcha
Matcha Bar - Marfori,7.057198,125.5611617,3,"I was excited to try the drinks here. However i found my matcha ichigo lacking. There were too little house strawbery puree. Compared to the reference photo, it was quite different. Geiji was just ok. …",Matcha
Matcha Bar - Marfori,7.057198,125.5611617,5,craved matcha and found this on tiktok! ambiance and food are great— owner and staffs are so kind as well🥹 …,Matcha
Matcha Bar - Marfori,7.057198,125.5611617,5,Good Matcha. Great Vibes. Time spent well. Would definitely come back again&again.,Matcha
Matcha Bar - Marfori,7.057198,125.5611617,5,The matcha was superb! The ambience of the place is 🔛🔝 …,Matcha
Matcha Bar - Marfori,7.057198,125.5611617,1,i messaged them on fb re: my complaint (refer to sc) and followed up multiple times to at least respond and acknowledge lang kahit wala ng refund pero panay lang sila seen as if they're not concerned. i've tried and been to a lot of matcha places but this one is not it. not worth the hype,Matcha
Matcha Bar - Marfori,7.057198,125.5611617,5,5 stars. One of the best matcha spot here in Davao. Small space but great quality matcha and pastries. Great customer service too. Best time to visit would be noon to night. Great view of the park across the street.,Matcha
Matcha Bar - Marfori,7.057198,125.5611617,5,Hojicha series TOP NOTCH! Sobrang sarap ng matcha nila that you want to try everything in the menu.,Matcha
Matcha Bar - Marfori,7.057198,125.5611617,5,One of the best matcha I've tried. Very high quality. Highly recommend if you want high quality taste,Matcha
Matcha Bar - Marfori,7.057198,125.5611617,5,"Matcha and tiramisu are great!! ❤️ Matcha cloud is a must try din, new for me pero yummy 😋 Babalikan 🤗 …",Matcha
Matcha Bar - Marfori,7.057198,125.5611617,1,"We ordered the oatchata, ichigo and hojicha II oatchata- idk y my friend ordered this but it feels like what u would make if u …",Matcha
Matcha Bar - Marfori,7.057198,125.5611617,5,The service is good and the baristas are accommodating. 💯 …,Matcha
Matcha Bar - Marfori,7.057198,125.5611617,5,I love how the staff was very patient in explaining to us the drinks. The place was very quiet too. They allow 90 mins to stay for dine in. Fair enough to remind to order another after their imposed time since they only have two tables (with a generous electric outlet). Their matcha drinks were also the bomb! ✅,Matcha
Matcha Bar - Marfori,7.057198,125.5611617,5,"Matcha Bar offers a vibrant and welcoming ambiance that creates a truly enjoyable café experience. Their matcha drinks are, without a doubt, the best in Davao, authentic in flavor, expertly crafted, and consistently satisfying. The staff …",Matcha
Matcha Bar - Marfori,7.057198,125.5611617,5,Nice place. Friendly staff. Matcha is so gooood 💯 …,Matcha
Matcha Bar - Marfori,7.057198,125.5611617,1,Don't tell people that they can only stay here for 60min with an order just so you other customers can dine. We're also paying customers and we want to enjoy our money's worth and moment. It's not our fault if your space is small. Your space might be small but you're not cheap.,Matcha
Matcha Bar - Marfori,7.057198,125.5611617,5,The ambience is nice and their matcha is also pretty good (prolly one of the best I've tasted here in davao),Matcha
Matcha Bar - Marfori,7.057198,125.5611617,5,"place is cozy and so far, my favorite matcha in davao!!",Matcha
Matcha Bar - Marfori,7.057198,125.5611617,5,Nice ambiance and good food and matcha,Matcha
Matcha Bar - Marfori,7.057198,125.5611617,5,"I didn't get the chance to taste their pastry, but their matcha drinks are PHENOMENAL! They're on my top list of great matcha bars in Davao City. If you're someone who craves refreshing matcha, try Iced Nami! Really worth the price",Matcha
Matcha Bar - Marfori,7.057198,125.5611617,4,Ambiance is good the place is cozy. But the place is a little bit small. Would be glad if there's more table.,Matcha
Matcha Bar - Marfori,7.057198,125.5611617,5,The matcha was superb! The ambience of the place is 🔛🔝,Matcha
Matcha Bar - Marfori,7.057198,125.5611617,5,The service is good and the baristas are accommodating. 💯,Matcha
Matcha Bar - Marfori,7.057198,125.5611617,5,Nice place. Friendly staff. Matcha is so gooood 💯,Matcha
Matcha Bar - Marfori,7.057198,125.5611617,5,"place is cozy and so far, my favorite matcha in davao!!",Matcha
Matcha Bar - Marfori,7.057198,125.5611617,5,Nice ambiance and good food and matcha,Matcha
Matcha Bar - Marfori,7.057198,125.5611617,5,Best quality matcha in Davao that can be tailored to your desire of taste. Cosy atmosphere with unique interior design. Friendly and caring staff to point you in the right direction.,Matcha
Matcha Bar - Marfori,7.057198,125.5611617,5,Very good matcha and service! The place is also aesthetically pleasing ❤️,Matcha
Matcha Bar - Marfori,7.057198,125.5611617,5,"A place where you can get an authentic Matcha from Japan, you won't regret going here.. One of my Favorite place to go to if i want to relax and drink some matcha,, …",Matcha
Matcha Bar - Marfori,7.057198,125.5611617,5,good place to have a matcha :D their service is also great,Matcha
Matcha Bar - Marfori,7.057198,125.5611617,5,Genmaicha the best! Matcha + rice = surprisingly good ❤️ Appreciate the square ice they used- does not melt easily,Matcha
Matcha Bar - Marfori,7.057198,125.5611617,4,Always appreciated their service and very good matcha!,Matcha
Matcha Bar - Marfori,7.057198,125.5611617,5,"i love the interior design of the cafe, overall great experience to hangout with friends ☺️",Matcha
Matcha Bar - Marfori,7.057198,125.5611617,5,So clean and good Ambiance and design is top notch Matcha is next level,Matcha
Matcha Bar - Marfori,7.057198,125.5611617,5,The service is very professional. The drinks looks and tastes premium.,Matcha
Matcha Bar - Marfori,7.057198,125.5611617,5,Best Matcha in Town 🫶😇 I love pastries very much and also the services rendered to us …,Matcha
Matcha Bar - Marfori,7.057198,125.5611617,5,good place to have a matcha :D their service is also great,Matcha
Matcha Bar - Marfori,7.057198,125.5611617,4,Always appreciated their service and very good matcha!,Matcha
Matcha Bar - Marfori,7.057198,125.5611617,5,So clean and good Ambiance and design is top notch Matcha is next level,Matcha
Matcha Bar - Marfori,7.057198,125.5611617,5,love the place and ambience and super good matcha!,Matcha
Matcha Bar - Marfori,7.057198,125.5611617,5,"I recommend the pistachio matcha, rich in quality and flavor 🍵 …",Matcha
Matcha Bar - Marfori,7.057198,125.5611617,5,Love their hikari matcha!,Matcha
Matcha Bar - Marfori,7.057198,125.5611617,5,Their matcha is amazing especially paired with their yummy plant-based desserts! 💚💚💚 …,Matcha
Matcha Bar - Marfori,7.057198,125.5611617,5,The best matcha cafe in the Ph so cozy and friendly and just aesthetically pleasing!,Matcha
Matcha Bar - Marfori,7.057198,125.5611617,5,Staff is accomodating and drinks are good,Matcha
Matcha Bar - Marfori,7.057198,125.5611617,5,Matcha Bar 🍵💚 *100% Vegan * no-dairy milk= the use oatmilk and almond milk *The use high variety of Matcha from Japan …,Matcha
Matcha Bar - Marfori,7.057198,125.5611617,5,"i Love the place, one of my favorite place in Davao, The matcha here are so good.",Matcha
Matcha Bar - Marfori,7.057198,125.5611617,5,found zen in Matcha Bar😌🍵 …,Matcha
Matcha Bar - Marfori,7.057198,125.5611617,5,Great experience ft. Great matcha💚 …,Matcha
Matcha Bar - Marfori,7.057198,125.5611617,5,love the place and ambience and super good matcha!,Matcha
Matcha Bar - Marfori,7.057198,125.5611617,5,Love their hikari matcha!,Matcha
Matcha Bar - Marfori,7.057198,125.5611617,5,Staff is accomodating and drinks are good,Matcha
Matcha Bar - Marfori,7.057198,125.5611617,5,found zen in Matcha Bar😌🍵,Matcha
Matcha Bar - Marfori,7.057198,125.5611617,5,Great experience ft. Great matcha💚,Matcha
Matcha Bar - Marfori,7.057198,125.5611617,5,I love the taste of pistachio!,Matcha
Matcha Bar - Marfori,7.057198,125.5611617,5,I liked the Belgian hot chocolate here and biscoff choc moist cake. Well made drinks and pastries.,Matcha
Matcha Bar - Marfori,7.057198,125.5611617,5,Nice place and nice matcha!,Matcha
Matcha Bar - Marfori,7.057198,125.5611617,5,I like the place very calming the barista is good and responsive and they are accommodating i like it!,Matcha
Matcha Bar - Marfori,7.057198,125.5611617,5,Best Matcha I've tasted so far.,Matcha
Matcha Bar - Marfori,7.057198,125.5611617,4,good better kung bigger pa place,Matcha
Matcha Bar - Marfori,7.057198,125.5611617,5,love the service,Matcha
Matcha Bar - Marfori,7.057198,125.5611617,1,large plastic cup but the drink is until half only. overprice for 270 1 drink,Matcha
Matcha Bar - Marfori,7.057198,125.5611617,5,Very Good,Matcha
Matcha Bar - Marfori,7.057198,125.5611617,5,LOVE THEIR HOJICHA!!,Matcha
Matcha Bar - Marfori,7.057198,125.5611617,5,So good!!,Matcha
Matcha Bar - Marfori,7.057198,125.5611617,5,Very Nice place and drinks,Matcha
Matcha Bar - Marfori,7.057198,125.5611617,5,Best hojicha in town! 🤍 …,Matcha
Matcha Bar - Marfori,7.057198,125.5611617,5,🤩✨ …,Matcha
Matcha Bar - Marfori,7.057198,125.5611617,5,I feel so accommodated,Matcha
Matcha Bar - Marfori,7.057198,125.5611617,5,Matcha is superb,Matcha
Matcha Bar - Marfori,7.057198,125.5611617,5,100000/10!!!,Matcha
Matcha Bar - Marfori,7.057198,125.5611617,5,100/10!!! 💚🍵😋 …,Matcha
Matcha Bar - Marfori,7.057198,125.5611617,5,Great quality! Love the Hojicha,Matcha
Matcha Bar - Marfori,7.057198,125.5611617,5,Good spot to chill,Matcha
Matcha Bar - Marfori,7.057198,125.5611617,5,THE BEST.,Matcha
Matcha Bar - Marfori,7.057198,125.5611617,5,Peaceful place!,Matcha
Matcha Bar - Marfori,7.057198,125.5611617,5,,Matcha
Matcha Bar - Marfori,7.057198,125.5611617,5,,Matcha
Matcha Bar - Marfori,7.057198,125.5611617,5,Friendly owner,Matcha
Matcha Bar - Marfori,7.057198,125.5611617,5,,Matcha
Matcha Bar - Marfori,7.057198,125.5611617,5,"Honestly, one of the best matcha we've ever had. We ordered Hanagi and Kizumi (I like my matcha nutty, sweet, and strong umami) …",Matcha
Matcha Bar - Marfori,7.057198,125.5611617,5,Good vibes and umami matcha :) Had a complimentary biscuit.,Matcha
Matcha Bar - Marfori,7.057198,125.5611617,5,"I ordered the Hikari matcha and was pleasantly impressed. It was the right amount of sweetness, creamy and hit the right spots. The place is also very aesthetic, clean and minimalistic. I enjoyed my afternoon there and the staff was also very sweet and helpful.",Matcha
Matcha Bar - Marfori,7.057198,125.5611617,5,super delicious cookies and matcha ichigo,Matcha
Matcha Bar - Marfori,7.057198,125.5611617,1,"the staffs forgot to craft my order, the 3 people who followed me were served first, if I didn't follow up they wouldn't have served my order, when they served my order the staff immediately turned away without even a ""psenya maam"" or even …",Matcha
Matcha Bar - Marfori,7.057198,125.5611617,5,Love you brother and sister,Matcha
Matcha Bar - Marfori,7.057198,125.5611617,5,,Matcha
Matcha Bar - Marfori,7.057198,125.5611617,5,,Matcha
Matcha Bar - Marfori,7.057198,125.5611617,5,,Matcha
Matcha Bar - Marfori,7.057198,125.5611617,5,,Matcha
Matcha Bar - Marfori,7.057198,125.5611617,5,,Matcha
Matcha Bar - Marfori,7.057198,125.5611617,5,zozo's delicious,Matcha
Matcha Bar - Marfori,7.057198,125.5611617,5,,Matcha
Matcha Bar - Marfori,7.057198,125.5611617,4,,Matcha
Matcha Bar - Marfori,7.057198,125.5611617,5,,Matcha
Matcha Bar - Marfori,7.057198,125.5611617,4,,Matcha
Matcha Bar - Marfori,7.057198,125.5611617,5,,Matcha
Matcha Bar - Marfori,7.057198,125.5611617,5,,Matcha
Matcha Bar - Marfori,7.057198,125.5611617,5,,Matcha
Matcha Bar - Marfori,7.057198,125.5611617,4,,Matcha
Matcha Bar - Marfori,7.057198,125.5611617,5,,Matcha
Matcha Bar - Marfori,7.057198,125.5611617,5,,Matcha
Matcha Bar - Marfori,7.057198,125.5611617,5,,Matcha
Matcha Bar - Marfori,7.057198,125.5611617,5,,Matcha
Matcha Bar - Marfori,7.057198,125.5611617,5,I love the taste of pistachio!,Matcha
Matcha Bar - Marfori,7.057198,125.5611617,5,Nice place and nice matcha!,Matcha
Matcha Bar - Marfori,7.057198,125.5611617,4,good better kung bigger pa place,Matcha
Matcha Bar - Marfori,7.057198,125.5611617,5,love the service,Matcha
Matcha Bar - Marfori,7.057198,125.5611617,5,Very Good,Matcha
Matcha Bar - Marfori,7.057198,125.5611617,5,LOVE THEIR HOJICHA!!,Matcha
Matcha Bar - Marfori,7.057198,125.5611617,5,So good!!,Matcha
Matcha Bar - Marfori,7.057198,125.5611617,5,Very Nice place and drinks,Matcha
Matcha Bar - Marfori,7.057198,125.5611617,5,Best hojicha in town! 🤍,Matcha
Matcha Bar - Marfori,7.057198,125.5611617,5,🤩✨,Matcha
Matcha Bar - Marfori,7.057198,125.5611617,5,I feel so accommodated,Matcha
Matcha Bar - Marfori,7.057198,125.5611617,5,Matcha is superb,Matcha
Matcha Bar - Marfori,7.057198,125.5611617,5,100000/10!!!,Matcha
Matcha Bar - Marfori,7.057198,125.5611617,5,100/10!!! 💚🍵😋,Matcha
Matcha Bar - Marfori,7.057198,125.5611617,5,Great quality! Love the Hojicha,Matcha
Matcha Bar - Marfori,7.057198,125.5611617,5,Good spot to chill,Matcha
Matcha Bar - Marfori,7.057198,125.5611617,5,THE BEST.,Matcha
Matcha Bar - Marfori,7.057198,125.5611617,5,Peaceful place!,Matcha
Matcha Bar - Marfori,7.057198,125.5611617,5,,Matcha
Matcha Bar - Marfori,7.057198,125.5611617,5,,Matcha
Matcha Bar - Marfori,7.057198,125.5611617,5,Friendly owner,Matcha
Matcha Bar - Marfori,7.057198,125.5611617,5,,Matcha
Matcha Bar - Marfori,7.057198,125.5611617,5,super delicious cookies and matcha ichigo,Matcha
Matcha Bar - Marfori,7.057198,125.5611617,5,Love you brother and sister,Matcha
Matcha Bar - Marfori,7.057198,125.5611617,5,,Matcha
Matcha Bar - Marfori,7.057198,125.5611617,5,,Matcha
Matcha Bar - Marfori,7.057198,125.5611617,5,,Matcha
Matcha Bar - Marfori,7.057198,125.5611617,5,,Matcha
Matcha Bar - Marfori,7.057198,125.5611617,5,,Matcha
Matcha Bar - Marfori,7.057198,125.5611617,5,zozo's delicious,Matcha
Matcha Bar - Marfori,7.057198,125.5611617,5,,Matcha
Matcha Bar - Marfori,7.057198,125.5611617,4,,Matcha
Matcha Bar - Marfori,7.057198,125.5611617,5,,Matcha
Matcha Bar - Marfori,7.057198,125.5611617,4,,Matcha
Matcha Bar - Marfori,7.057198,125.5611617,5,,Matcha
Matcha Bar - Marfori,7.057198,125.5611617,5,,Matcha
Matcha Bar - Marfori,7.057198,125.5611617,5,,Matcha
Matcha Bar - Marfori,7.057198,125.5611617,4,,Matcha
Matcha Bar - Marfori,7.057198,125.5611617,5,,Matcha
Matcha Bar - Marfori,7.057198,125.5611617,5,,Matcha
Matcha Bar - Marfori,7.057198,125.5611617,5,,Matcha
Matcha Bar - Marfori,7.057198,125.5611617,5,,Matcha
Matcha Bar - Marfori,7.057198,125.5611617,5,,Matcha
Matcha Bar - Marfori,7.057198,125.5611617,5,,Matcha
Matcha Bar - Marfori,7.057198,125.5611617,5,,Matcha
Matcha Bar - Marfori,7.057198,125.5611617,5,,Matcha
Matcha Bar - Marfori,7.057198,125.5611617,5,,Matcha
Matcha Bar - Marfori,7.057198,125.5611617,4,,Matcha
Matcha Bar - Marfori,7.057198,125.5611617,5,,Matcha
Matcha Bar - Marfori,7.057198,125.5611617,5,,Matcha
Matcha Bar - Marfori,7.057198,125.5611617,5,,Matcha
Matcha Bar - Marfori,7.057198,125.5611617,5,,Matcha
Matcha Bar - Marfori,7.057198,125.5611617,5,,Matcha
Matcha Bar - Marfori,7.057198,125.5611617,5,,Matcha
Matcha Bar - Marfori,7.057198,125.5611617,5,,Matcha
Matcha Bar - Marfori,7.057198,125.5611617,5,,Matcha
Matcha Bar - Marfori,7.057198,125.5611617,5,,Matcha
Matcha Bar - Marfori,7.057198,125.5611617,5,,Matcha
Matcha Bar - Marfori,7.057198,125.5611617,5,,Matcha
Matcha Bar - Marfori,7.057198,125.5611617,5,,Matcha
Matcha Bar - Marfori,7.057198,125.5611617,4,,Matcha
Matcha Bar - Marfori,7.057198,125.5611617,5,,Matcha
Matcha Bar - Marfori,7.057198,125.5611617,5,,Matcha
Matcha Bar - Marfori,7.057198,125.5611617,5,,Matcha
Matcha Bar - Marfori,7.057198,125.5611617,5,,Matcha
Matcha Bar - Marfori,7.057198,125.5611617,5,,Matcha
Matcha Bar - Marfori,7.057198,125.5611617,5,,Matcha
Matcha Bar - Marfori,7.057198,125.5611617,5,,Matcha
Matcha Bar - Marfori,7.057198,125.5611617,5,,Matcha
Matcha Bar - Marfori,7.057198,125.5611617,5,,Matcha
Matcha Bar - Marfori,7.057198,125.5611617,5,,Matcha
Matcha Bar - Marfori,7.057198,125.5611617,5,,Matcha
Matcha Bar - Marfori,7.057198,125.5611617,5,,Matcha
Matcha Bar - Marfori,7.057198,125.5611617,5,,Matcha
Matcha Bar - Marfori,7.057198,125.5611617,5,,Matcha
Matcha Bar - Marfori,7.057198,125.5611617,5,,Matcha
Matcha Bar - Marfori,7.057198,125.5611617,5,,Matcha
Matcha Bar - Marfori,7.057198,125.5611617,4,,Matcha
Matcha Bar - Marfori,7.057198,125.5611617,5,,Matcha
Matcha Bar - Marfori,7.057198,125.5611617,5,,Matcha
Matcha Bar - Marfori,7.057198,125.5611617,5,,Matcha
Matcha Bar - Marfori,7.057198,125.5611617,5,,Matcha
Matcha Bar - Marfori,7.057198,125.5611617,5,,Matcha
Matcha Bar - Marfori,7.057198,125.5611617,5,,Matcha
Matcha Bar - Marfori,7.057198,125.5611617,5,,Matcha
Matcha Bar - Marfori,7.057198,125.5611617,5,,Matcha
Matcha Bar - Marfori,7.057198,125.5611617,5,,Matcha
Matcha Bar - Marfori,7.057198,125.5611617,5,,Matcha
Matcha Bar - Marfori,7.057198,125.5611617,5,,Matcha
Matcha Bar - Marfori,7.057198,125.5611617,5,,Matcha
Matcha Bar - Marfori,7.057198,125.5611617,5,,Matcha
Matcha Bar - Marfori,7.057198,125.5611617,5,,Matcha
Matcha Bar - Marfori,7.057198,125.5611617,5,,Matcha
Matcha Bar - Marfori,7.057198,125.5611617,5,,Matcha
Matcha Bar - Marfori,7.057198,125.5611617,5,,Matcha
Matcha Bar - Marfori,7.057198,125.5611617,5,,Matcha
Matcha Bar - Marfori,7.057198,125.5611617,5,,Matcha
Matcha Bar - Marfori,7.057198,125.5611617,5,,Matcha
Matcha Bar - Marfori,7.057198,125.5611617,5,,Matcha
Matcha Bar - Marfori,7.057198,125.5611617,5,,Matcha
Matcha Bar - Marfori,7.057198,125.5611617,3,,Matcha
Matcha Bar - Marfori,7.057198,125.5611617,5,,Matcha
Matcha Bar - Marfori,7.057198,125.5611617,5,,Matcha
Matcha Bar - Marfori,7.057198,125.5611617,5,,Matcha
Matcha Bar - Marfori,7.057198,125.5611617,4,,Matcha
Matcha Bar - Marfori,7.057198,125.5611617,5,,Matcha
Matcha Bar - Marfori,7.057198,125.5611617,5,,Matcha
Matcha Bar - Marfori,7.057198,125.5611617,3,,Matcha
MATCHA CORNER,7.1376284,125.6177415,5,The drinks are affordable and delicious.,Matcha
Matcha In-House,7.3135625,125.4768774,5,"best matcha ever,,, oatly pa nga default milk!!! and premium matcha so far the best mura pajudddd",Matcha
Matcha In-House,7.3135625,125.4768774,5,,Matcha
Matcha Mill,7.0707979,125.5283806,5,Love their Hiro San!,Matcha
Matcha Mill,7.0707979,125.5283806,5,,Matcha
Matcha Mill,7.0707979,125.5283806,5,,Matcha
Matcha Mill,7.0707979,125.5283806,5,,Matcha
Matcha Mill,7.0707979,125.5283806,5,,Matcha
Matcha Mill,7.0707979,125.5283806,5,,Matcha
Matcha Mill,7.0707979,125.5283806,5,,Matcha
Matcha Ureshi Bar,7.0573666,125.56099,5,Love their strawberry matcha cloud!! The area can easily be accessed. Love the ambiance as well very cozy and customer service is great! Will definitely be back here again and again 💖 …,Matcha
Matcha Ureshi Bar,7.0573666,125.56099,5,"Highly recommended! Been here before and I can say this is best matcha spot in town. Their banana pudding is delicious, and I also loved their vanilla sea salt. The place is really nice and it sets the matcha mood. They have a lot of sockets too! The staff are friendly and welcoming. Will come back again!",Matcha
Matcha Ureshi Bar,7.0573666,125.56099,5,Tried the Double Matcha Kurimu and it was really good! Not too sweet compared to the Earl Grey Hojicha. They use oat milk for all their drinks which is great for those with lactose intolerance. …,Matcha
Matcha Ureshi Bar,7.0573666,125.56099,5,Their matcha is so good!! And I love the cute corner by the mirror.,Matcha
Matcha Ureshi Bar,7.0573666,125.56099,4,"Been here a few times. The matcha and hojicha are great, flavorful, and made in front of you. The place is small so don't linger too long inside or bring a large group. The area can accommodate 10people max considering spacing.",Matcha
Matcha Ureshi Bar,7.0573666,125.56099,5,"One of the best matcha spots I've tried. I tried their Vanilla Sea Salt Matcha, it tastes umami, and I get a hint of nuttiness.",Matcha
Matcha Ureshi Bar,7.0573666,125.56099,3,"We tried the matcha with gelato on top in their store. Rating it low because we expected so much for the gelato as it had a different taste before sa pop-ups. We tried several times sa pop-ups nila even in davcon, it tasted different mas better pa yung sa davcon. Hopefully we can have it better.",Matcha
Matcha Ureshi Bar,7.0573666,125.56099,5,The staff was super nice and explained their different drinks thoroughly. I really loved their drinks. Very worth it.,Matcha
Matcha Ureshi Bar,7.0573666,125.56099,4,they have their physical cafe now. place was great and tehy maximize it. tried vol 3 and removed the agave which tasted very bold.,Matcha
Matcha Ureshi Bar,7.0573666,125.56099,5,"Came for the matcha, stayed for the service. The drinks were great, but the real standout was the staff. Warm, attentive, and genuinely welcoming!",Matcha
Matcha Ureshi Bar,7.0573666,125.56099,5,my 2nd time here and they make really good matcha!! definitely would recommend to others. place also has a good atmosphere :),Matcha
Matcha Ureshi Bar,7.0573666,125.56099,5,Cozy place with good variety of matcha. Bold and creamy! 😋 …,Matcha
Matcha Ureshi Bar,7.0573666,125.56099,4,"💯! I really liked their matcha. Smooth, creamy, and umami flavor with just the right balance of sweetness and richness. Comforting to drink. …",Matcha
Matcha Ureshi Bar,7.0573666,125.56099,5,"Ordered the Earl Grey Matcha, and it definitely didn't disappoint. The umami depth and subtle nuttiness were beautifully emphasized, while its smooth creaminess elevated the drink into a well-balanced and indulgent experience. Definitely must try!",Matcha
Matcha Ureshi Bar,7.0573666,125.56099,5,"Shop attendant was super sweet and warm, explained all the different options available :) …",Matcha
Matcha Ureshi Bar,7.0573666,125.56099,5,Love the place. Peaceful vibes. Price is good. Worth going back to.,Matcha
Matcha Ureshi Bar,7.0573666,125.56099,5,love the experience. matcha also tastes good. theres a 10 peso discount when you make a review too! 😉 …,Matcha
Matcha Ureshi Bar,7.0573666,125.56099,5,"Place is clean and cozy, staff are super nice! Drinks are well made too, will come visit again!",Matcha
Matcha Ureshi Bar,7.0573666,125.56099,5,"Place is cozy and good for hang out. I like the little room beside the counter. Matcha was good, Will surely buy again.",Matcha
Matcha Ureshi Bar,7.0573666,125.56099,5,"It was nice, very cute and matcha is soo good!",Matcha
Matcha Ureshi Bar,7.0573666,125.56099,5,"10/10😉 I'm usually picky with matcha, but the Vanilla Sea Salt blend here changed my mind. It's super smooth and the sea salt adds such a nice depth to the vanilla. Definitely my new favorite order at Matcha Ureshi Bar! …",Matcha
Matcha Ureshi Bar,7.0573666,125.56099,5,"Oat matcha latte vol. 2 is sooo good! Grabe ka cozyy ang vibe dri, go visit them!",Matcha
Matcha Ureshi Bar,7.0573666,125.56099,4,"Discovered Matcha Ureshi on one of the fleas in Thee Yards! I like their double matcha kurimu, but a bit too sweet to my preference. Dapat gipa less ko ang sweetener haha but still good. …",Matcha
Matcha Ureshi Bar,7.0573666,125.56099,3,So little space to dine with ease. The Hojicha drink was just ok. Staff are friendly though.,Matcha
Matcha Ureshi Bar,7.0573666,125.56099,5,"cozy ambience, good matcha, and very friendly staff",Matcha
Matcha Ureshi Bar,7.0573666,125.56099,5,"Grabe ka chill sa place! Matcha? 100% the best! Service? Grabe ka swabe. If you are planning to try matcha, go here!",Matcha
Matcha Ureshi Bar,7.0573666,125.56099,5,One of the best matcha in town,Matcha
Matcha Ureshi Bar,7.0573666,125.56099,5,Enjoyed the matcha lattes here :) nice ambience and friendly staff who shared about the different matcha powders available. Thank you for the hospitality!,Matcha
Matcha Ureshi Bar,7.0573666,125.56099,4,Small shop. Has lots of matcha choices.,Matcha
Matcha Ureshi Bar,7.0573666,125.56099,5,"I ordered the vol 2, The matcha drink has a smooth, creamy texture with a rich, earthy flavor and a slight bitterness balanced by sweetness.",Matcha
Matcha Ureshi Bar,7.0573666,125.56099,5,Cozy place with good variety of matcha. Bold and creamy! 😋,Matcha
Matcha Ureshi Bar,7.0573666,125.56099,5,Love the place. Peaceful vibes. Price is good. Worth going back to.,Matcha
Matcha Ureshi Bar,7.0573666,125.56099,5,"It was nice, very cute and matcha is soo good!",Matcha
Matcha Ureshi Bar,7.0573666,125.56099,5,One of the best matcha in town,Matcha
Matcha Ureshi Bar,7.0573666,125.56099,4,Small shop. Has lots of matcha choices.,Matcha
Matcha Ureshi Bar,7.0573666,125.56099,5,yes i like it. worth the price! 😁 got the double matcha kuromi …,Matcha
Matcha Ureshi Bar,7.0573666,125.56099,5,"Good matcha, service and ambience",Matcha
Matcha Ureshi Bar,7.0573666,125.56099,5,"Loved the banana pudding matcha at Matcha Ureshi —one of the best in Davao. The matcha is smooth, and the banana pudding makes it extra creamy and delicious. Plus, they close late which is perfect for late-night matcha cravings. 🍵✨ …",Matcha
Matcha Ureshi Bar,7.0573666,125.56099,5,Probably one of the best matcha and hojicha here in davao! So worth the money <3,Matcha
Matcha Ureshi Bar,7.0573666,125.56099,5,The place is super cute & adorable.,Matcha
Matcha Ureshi Bar,7.0573666,125.56099,5,Love the place and the matcha ❤️,Matcha
Matcha Ureshi Bar,7.0573666,125.56099,5,The matcha was really good ♡,Matcha
Matcha Ureshi Bar,7.0573666,125.56099,5,Friendly staff and delicious matcha.,Matcha
Matcha Ureshi Bar,7.0573666,125.56099,5,Had to visit in another day bc they were full house last sunday afternoon. Ordered their dirty matcha and it was good. 🙂 …,Matcha
Matcha Ureshi Bar,7.0573666,125.56099,4,The matcha I got was a bit grainy so it kept making me choke hahaha. It probably wasn't whisked properly. Tasty though! Looking forward to trying their black sesame matcha,Matcha
Matcha Ureshi Bar,7.0573666,125.56099,5,yes i like it. worth the price! 😁 got the double matcha kuromi,Matcha
Matcha Ureshi Bar,7.0573666,125.56099,5,"Good matcha, service and ambience",Matcha
Matcha Ureshi Bar,7.0573666,125.56099,5,The place is super cute & adorable.,Matcha
Matcha Ureshi Bar,7.0573666,125.56099,5,Love the place and the matcha ❤️,Matcha
Matcha Ureshi Bar,7.0573666,125.56099,5,The matcha was really good ♡,Matcha
Matcha Ureshi Bar,7.0573666,125.56099,5,Friendly staff and delicious matcha.,Matcha
Matcha Ureshi Bar,7.0573666,125.56099,5,Best matcha in Davao 100/10!!!,Matcha
Matcha Ureshi Bar,7.0573666,125.56099,5,"Place is quaint but very comfortable, and their matcha is really good! Will come back for more 😋 …",Matcha
Matcha Ureshi Bar,7.0573666,125.56099,5,Their matcha is so goodd !! Happy that they finally have their physical store.,Matcha
Matcha Ureshi Bar,7.0573666,125.56099,5,"Easy to locate (unahan ng fat cow, V. Mapa st.) Small area only but nice ambiance. Love the matcha.",Matcha
Matcha Ureshi Bar,7.0573666,125.56099,5,"The matcha here is amazing—very smooth and not bitter. The shop is bright, clean, and looks great in photos. 🍵✨ …",Matcha
Matcha Ureshi Bar,7.0573666,125.56099,5,"The matcha is so good, definitely recommended. The staffs are very accommodating and friendly.",Matcha
Matcha Ureshi Bar,7.0573666,125.56099,5,Small space but the quality and service is excellent.,Matcha
Matcha Ureshi Bar,7.0573666,125.56099,5,Cozy and friendly staff,Matcha
Matcha Ureshi Bar,7.0573666,125.56099,5,any variant is perfect for any occasion. must visit matcha/hojicha place in Davao!,Matcha
Matcha Ureshi Bar,7.0573666,125.56099,5,Quality matcha,Matcha
Matcha Ureshi Bar,7.0573666,125.56099,5,I enjoyed the double hojicha kurimu! The soft serve ice cream I enjoyed the most! The server was really kind and sweet💕 …,Matcha
Matcha Ureshi Bar,7.0573666,125.56099,5,Good matcha 💞 …,Matcha
Matcha Ureshi Bar,7.0573666,125.56099,5,"the place is calm and relaxing, great ambiance if you just want to unwind for a few minutes",Matcha
Matcha Ureshi Bar,7.0573666,125.56099,5,"the place is very cozy and the service is good, perfect place to hang out with friends",Matcha
Matcha Ureshi Bar,7.0573666,125.56099,5,"Finally got to visit Matcha Ureshi's first brick-and-mortar store and tried the Matcha Vol II. I liked that it wasn't too bitter or bold, a nice entry point for someone who isn't a hardcore matcha drinker like me. Plus points because it's …",Matcha
Matcha Ureshi Bar,7.0573666,125.56099,2,for me nice place,Matcha
Matcha Ureshi Bar,7.0573666,125.56099,5,One of the best matcha i had in Davao <3,Matcha
Matcha Ureshi Bar,7.0573666,125.56099,5,so cute !! my fave is their vanilla sea salt natcha hehe💗 …,Matcha
Matcha Ureshi Bar,7.0573666,125.56099,5,A place you can always count on for great matcha 💚 …,Matcha
Matcha Ureshi Bar,7.0573666,125.56099,5,"i love their matcha, super gooddd!!",Matcha
Matcha Ureshi Bar,7.0573666,125.56099,5,Best matcha in Davao 100/10!!!,Matcha
Matcha Ureshi Bar,7.0573666,125.56099,5,Their matcha is so goodd !! Happy that they finally have their physical store.,Matcha
Matcha Ureshi Bar,7.0573666,125.56099,5,Small space but the quality and service is excellent.,Matcha
Matcha Ureshi Bar,7.0573666,125.56099,5,Cozy and friendly staff,Matcha
Matcha Ureshi Bar,7.0573666,125.56099,5,Quality matcha,Matcha
Matcha Ureshi Bar,7.0573666,125.56099,2,for me nice place,Matcha
Matcha Ureshi Bar,7.0573666,125.56099,5,One of the best matcha i had in Davao <3,Matcha
Matcha Ureshi Bar,7.0573666,125.56099,5,so cute !! my fave is their vanilla sea salt natcha hehe💗,Matcha
Matcha Ureshi Bar,7.0573666,125.56099,5,"i love their matcha, super gooddd!!",Matcha
Matcha Ureshi Bar,7.0573666,125.56099,5,very nice ambience,Matcha
Matcha Ureshi Bar,7.0573666,125.56099,4,MUST TRYYY!!,Matcha
Matcha Ureshi Bar,7.0573666,125.56099,5,Hojicha at its best!! 👌👌 …,Matcha
Matcha Ureshi Bar,7.0573666,125.56099,5,Definitely a good spot for matcha lovers 🍵 …,Matcha
Matcha Ureshi Bar,7.0573666,125.56099,5,Loved this place. Will come back for more.,Matcha
Matcha Ureshi Bar,7.0573666,125.56099,5,Friendly staff. ❤️,Matcha
Matcha Ureshi Bar,7.0573666,125.56099,5,I had their Banana Pudding Matcha.,Matcha
Matcha Ureshi Bar,7.0573666,125.56099,5,Double Matcha kurumu the best!! 😋💓 …,Matcha
Matcha Ureshi Bar,7.0573666,125.56099,5,Their earl gray hojicha keeps me coming back all the time!,Matcha
Matcha Ureshi Bar,7.0573666,125.56099,5,very aesthetic!,Matcha
Matcha Ureshi Bar,7.0573666,125.56099,5,very nice ambience,Matcha
Matcha Ureshi Bar,7.0573666,125.56099,4,MUST TRYYY!!,Matcha
Matcha Ureshi Bar,7.0573666,125.56099,5,Hojicha at its best!! 👌👌,Matcha
Matcha Ureshi Bar,7.0573666,125.56099,5,Definitely a good spot for matcha lovers 🍵,Matcha
Matcha Ureshi Bar,7.0573666,125.56099,5,Friendly staff. ❤️,Matcha
Matcha Ureshi Bar,7.0573666,125.56099,5,I had their Banana Pudding Matcha.,Matcha
Matcha Ureshi Bar,7.0573666,125.56099,5,Double Matcha kurumu the best!! 😋💓,Matcha
Matcha Ureshi Bar,7.0573666,125.56099,5,Their earl gray hojicha keeps me coming back all the time!,Matcha
Matcha Ureshi Bar,7.0573666,125.56099,5,very aesthetic!,Matcha
Matcha Ureshi Bar,7.0573666,125.56099,5,best matcha place,Matcha
Matcha Ureshi Bar,7.0573666,125.56099,5,love the matcha💚 …,Matcha
Matcha Ureshi Bar,7.0573666,125.56099,5,I love the matcha pudding sm,Matcha
Matcha Ureshi Bar,7.0573666,125.56099,5,Been waiting for their physical store! 🩷 …,Matcha
Matcha Ureshi Bar,7.0573666,125.56099,5,We'll come back again💯! …,Matcha
Matcha Ureshi Bar,7.0573666,125.56099,5,I whole experience is superb,Matcha
Matcha Ureshi Bar,7.0573666,125.56099,5,very nice and yummy!!!,Matcha
Matcha Ureshi Bar,7.0573666,125.56099,5,Small cozy cafe,Matcha
Matcha Ureshi Bar,7.0573666,125.56099,5,Cozy and good drinks,Matcha
Matcha Ureshi Bar,7.0573666,125.56099,5,Love their hojicha,Matcha
Matcha Ureshi Bar,7.0573666,125.56099,5,earl grey was smooth and balanced,Matcha
Matcha Ureshi Bar,7.0573666,125.56099,5,🤩🤩 …,Matcha
Matcha Ureshi Bar,7.0573666,125.56099,5,Is good,Matcha
Matcha Ureshi Bar,7.0573666,125.56099,5,Cozy !!,Matcha
Matcha Ureshi Bar,7.0573666,125.56099,5,Authentic. ⭐️⭐️⭐️⭐️⭐️,Matcha
Matcha Ureshi Bar,7.0573666,125.56099,4,"I tried their Banana Pudding Matcha to try something new. As a fan of both matcha and banana, I expected a nice balance of matcha bitterness and banana sweetness. However, the pudding had a slight bitterness, so the drink wasn't as sweet or …",Matcha
Matcha Ureshi Bar,7.0573666,125.56099,5,💚 …,Matcha
Matcha Ureshi Bar,7.0573666,125.56099,5,"My go-to matcha café, their price is affordable yet very satisfying taste. However, the place is too small, hoping for an expansion.",Matcha
Matcha Ureshi Bar,7.0573666,125.56099,5,It was a great matcha place in dvo. A must try.,Matcha
Matcha Ureshi Bar,7.0573666,125.56099,5,Place is cozy. Service is great.,Matcha
Matcha Ureshi Bar,7.0573666,125.56099,5,Love it so muchhh,Matcha
Matcha Ureshi Bar,7.0573666,125.56099,5,Very aesthetic and taste so good🥰 …,Matcha
Matcha Ureshi Bar,7.0573666,125.56099,4,"Great place! Place is cozy with song choices. Smooth and quality tasting matcha, but expect service to be on the slower side as it is hand whisked!",Matcha
Matcha Ureshi Bar,7.0573666,125.56099,5,My go to matcha!,Matcha
Matcha Ureshi Bar,7.0573666,125.56099,4,A compact space that mimics a cubicle. Replaced the old spot of Fyoco Desserts. Calm. Minimalist. Orderly. I hate to say this but the short menu rounds out the intention and charm of the place. I always love a scoop (or scoops) of ice …,Matcha
Matcha Ureshi Bar,7.0573666,125.56099,5,"good ambiance, good matcha & good service",Matcha
Matcha Ureshi Bar,7.0573666,125.56099,5,Where Happiness meets matchaaa!,Matcha
Matcha Ureshi Bar,7.0573666,125.56099,5,Taste was matchalicious!,Matcha
Matcha Ureshi Bar,7.0573666,125.56099,5,I always order their vol 2 as my pick me upper. So good 🥰 …,Matcha
Matcha Ureshi Bar,7.0573666,125.56099,4,This is nice. Vanilla Seasalt works good.,Matcha
Matcha Ureshi Bar,7.0573666,125.56099,5,"The place is cute and the matcha is delicious, hehe",Matcha
Matcha Ureshi Bar,7.0573666,125.56099,5,The barista is handsome and friendly. The smile is super handsome. Keep up the good work bro hihihi,Matcha
Matcha Ureshi Bar,7.0573666,125.56099,5,They finally have a physical store ❤️,Matcha
Matcha Ureshi Bar,7.0573666,125.56099,5,lami so muchhh 😋😋😋😋😋😋🤩🤩🤩🤩🤩🤩🫶🏻🫶🏻🫶🏻👉🏻👈🏻 …,Matcha
Matcha Ureshi Bar,7.0573666,125.56099,5,,Matcha
Matcha Ureshi Bar,7.0573666,125.56099,5,,Matcha
Matcha Ureshi Bar,7.0573666,125.56099,5,,Matcha
Matcha Ureshi Bar,7.0573666,125.56099,5,,Matcha
Matcha Ureshi Bar,7.0573666,125.56099,5,,Matcha
Matcha Ureshi Bar,7.0573666,125.56099,5,,Matcha
Matcha Ureshi Bar,7.0573666,125.56099,5,,Matcha
Matcha Ureshi Bar,7.0573666,125.56099,5,,Matcha
Matcha Ureshi Bar,7.0573666,125.56099,5,,Matcha
Matcha Ureshi Bar,7.0573666,125.56099,5,,Matcha
Matcha Ureshi Bar,7.0573666,125.56099,5,,Matcha
Matcha Ureshi Bar,7.0573666,125.56099,5,,Matcha
Matcha Ureshi Bar,7.0573666,125.56099,5,,Matcha
Matcha Ureshi Bar,7.0573666,125.56099,5,,Matcha
Matcha Ureshi Bar,7.0573666,125.56099,5,,Matcha
Matcha Ureshi Bar,7.0573666,125.56099,5,,Matcha
Matcha Ureshi Bar,7.0573666,125.56099,5,,Matcha
Matcha Ureshi Bar,7.0573666,125.56099,5,,Matcha
Matcha Ureshi Bar,7.0573666,125.56099,5,,Matcha
Matcha Ureshi Bar,7.0573666,125.56099,5,,Matcha
Matcha Ureshi Bar,7.0573666,125.56099,5,,Matcha
Matcha Ureshi Bar,7.0573666,125.56099,4,,Matcha
Matcha Ureshi Bar,7.0573666,125.56099,5,,Matcha
Matcha Ureshi Bar,7.0573666,125.56099,5,,Matcha
Matcha Ureshi Bar,7.0573666,125.56099,5,,Matcha
Matcha Ureshi Bar,7.0573666,125.56099,5,,Matcha
Matcha Ureshi Bar,7.0573666,125.56099,4,,Matcha
Matcha Ureshi Bar,7.0573666,125.56099,5,,Matcha
Matcha Ureshi Bar,7.0573666,125.56099,5,,Matcha
Matcha Ureshi Bar,7.0573666,125.56099,5,The food and drinks💯💯 I'll be back again and again! …,Matcha
Matcha Ureshi Bar,7.0573666,125.56099,5,,Matcha
Matcha Ureshi Bar,7.0573666,125.56099,5,,Matcha
Matcha Ureshi Bar,7.0573666,125.56099,5,,Matcha
Matcha Ureshi Bar,7.0573666,125.56099,5,love the matcha💚,Matcha
Matcha Ureshi Bar,7.0573666,125.56099,5,I love the matcha pudding sm,Matcha
Matcha Ureshi Bar,7.0573666,125.56099,5,Been waiting for their physical store! 🩷,Matcha
Matcha Ureshi Bar,7.0573666,125.56099,5,We'll come back again💯!,Matcha
Matcha Ureshi Bar,7.0573666,125.56099,5,I whole experience is superb,Matcha
Matcha Ureshi Bar,7.0573666,125.56099,5,very nice and yummy!!!,Matcha
Matcha Ureshi Bar,7.0573666,125.56099,5,Small cozy cafe,Matcha
Matcha Ureshi Bar,7.0573666,125.56099,5,Cozy and good drinks,Matcha
Matcha Ureshi Bar,7.0573666,125.56099,5,Love their hojicha,Matcha
Matcha Ureshi Bar,7.0573666,125.56099,5,earl grey was smooth and balanced,Matcha
Matcha Ureshi Bar,7.0573666,125.56099,5,Is good,Matcha
Matcha Ureshi Bar,7.0573666,125.56099,5,Cozy !!,Matcha
Matcha Ureshi Bar,7.0573666,125.56099,5,Authentic. ⭐️⭐️⭐️⭐️⭐️,Matcha
Matcha Ureshi Bar,7.0573666,125.56099,5,It was a great matcha place in dvo. A must try.,Matcha
Matcha Ureshi Bar,7.0573666,125.56099,5,Place is cozy. Service is great.,Matcha
Matcha Ureshi Bar,7.0573666,125.56099,5,Very aesthetic and taste so good🥰,Matcha
Matcha Ureshi Bar,7.0573666,125.56099,5,"good ambiance, good matcha & good service",Matcha
Matcha Ureshi Bar,7.0573666,125.56099,5,Where Happiness meets matchaaa!,Matcha
Matcha Ureshi Bar,7.0573666,125.56099,5,Taste was matchalicious!,Matcha
Matcha Ureshi Bar,7.0573666,125.56099,5,I always order their vol 2 as my pick me upper. So good 🥰,Matcha
Matcha Ureshi Bar,7.0573666,125.56099,4,This is nice. Vanilla Seasalt works good.,Matcha
Matcha Ureshi Bar,7.0573666,125.56099,5,"The place is cute and the matcha is delicious, hehe",Matcha
Matcha Ureshi Bar,7.0573666,125.56099,5,They finally have a physical store ❤️,Matcha
Matcha Ureshi Bar,7.0573666,125.56099,5,lami so muchhh 😋😋😋😋😋😋🤩🤩🤩🤩🤩🤩🫶🏻🫶🏻🫶🏻👉🏻👈🏻,Matcha
Matcha Ureshi Bar,7.0573666,125.56099,5,,Matcha
Matcha Ureshi Bar,7.0573666,125.56099,5,,Matcha
Matcha Ureshi Bar,7.0573666,125.56099,5,,Matcha
Matcha Ureshi Bar,7.0573666,125.56099,5,,Matcha
Matcha Ureshi Bar,7.0573666,125.56099,5,,Matcha
Matcha Ureshi Bar,7.0573666,125.56099,5,,Matcha
Matcha Ureshi Bar,7.0573666,125.56099,5,,Matcha
Matcha Ureshi Bar,7.0573666,125.56099,5,,Matcha
Matcha Ureshi Bar,7.0573666,125.56099,5,,Matcha
Matcha Ureshi Bar,7.0573666,125.56099,5,,Matcha
Matcha Ureshi Bar,7.0573666,125.56099,5,,Matcha
Matcha Ureshi Bar,7.0573666,125.56099,5,,Matcha
Matcha Ureshi Bar,7.0573666,125.56099,5,,Matcha
Matcha Ureshi Bar,7.0573666,125.56099,5,,Matcha
Matcha Ureshi Bar,7.0573666,125.56099,5,,Matcha
Matcha Ureshi Bar,7.0573666,125.56099,5,,Matcha
Matcha Ureshi Bar,7.0573666,125.56099,5,,Matcha
Matcha Ureshi Bar,7.0573666,125.56099,5,,Matcha
Matcha Ureshi Bar,7.0573666,125.56099,5,,Matcha
Matcha Ureshi Bar,7.0573666,125.56099,4,,Matcha
Matcha Ureshi Bar,7.0573666,125.56099,5,,Matcha
Matcha Ureshi Bar,7.0573666,125.56099,5,,Matcha
Matcha Ureshi Bar,7.0573666,125.56099,5,,Matcha
Matcha Ureshi Bar,7.0573666,125.56099,4,,Matcha
Matcha Ureshi Bar,7.0573666,125.56099,5,The food and drinks💯💯 I'll be back again and again!,Matcha
Matcha Ureshi Bar,7.0573666,125.56099,5,,Matcha
Matchalaine,7.0773953,125.6021924,5,"Love their matcha, they said they use 5g!! Their coffee is also worth trying. Will definitely go back for more",Matcha
Midori Matcha Davao,7.0573665,125.56099,5,"yummy, high quality matcha! 🍵 …",Matcha
Midori Matcha Davao,7.0573665,125.56099,5,I tried their pop up in Abreeza and it was my first time trying matcha here in dvo and it didn't disappoint me at all especially when their pricing was not bad and the matcha itself was so good! 💗💗💗 …,Matcha
Midori Matcha Davao,7.0573665,125.56099,4,"Went here May 24, 2026. Got the ₱230 Iced Hiro with no sweetener. Honestly, it's not something I will get again if this is the umami type but I will say it's doing the caffeine work on me. Had to transfer the drink to my insulated container …",Matcha
Midori Matcha Davao,7.0573665,125.56099,5,,Matcha
Midori Matcha Davao,7.0573665,125.56099,5,,Matcha
Midori Matcha Davao,7.0573665,125.56099,5,,Matcha
Midori Matcha Davao,7.0573665,125.56099,5,,Matcha
Mille Matcha - DGT,7.0570294,125.5613334,4,"Tack this on to your list of matcha places when you find yourself in the South. Tranquil in the mornings. I don't mind the limited menu. Drinks were deep and satisfying. Rates were justifiable. Hopefully, pastries would be inserted in the menu soon enough.",Matcha
Mille Matcha - DGT,7.0570294,125.5613334,4,Food: (4.4/5) I love their midnight sunrise. The best citrus/coffee/soda mix I have tried. Truly refreshing. I'm not a fan of matcha - its a good thing they have coffee and non-coffee/matcha options. …,Matcha
Mille Matcha - DGT,7.0570294,125.5613334,5,"The matcha was delicious, with a nutty and creamy profile. Our friends truly enjoyed the energy of the team behind the counter. We always value exceptional service, and it's the main reason we'll be returning to this cafe.",Matcha
Mille Matcha - DGT,7.0570294,125.5613334,5,Great matcha. Nice place. Although air conditioning can be improved if the place is packed.,Matcha
Mille Matcha - DGT,7.0570294,125.5613334,5,Houseblend and cotton candy matcha was to die for!,Matcha
Mille Matcha - DGT,7.0570294,125.5613334,2,"Great matcha, probably one of the best in Davao. The interior looks nice, but the ambience needs work. The music was too loud and …",Matcha
Mille Matcha - DGT,7.0570294,125.5613334,5,"Overall, it was a positive experience.",Matcha
Mille Matcha - DGT,7.0570294,125.5613334,5,The only matcha bar we swear by!! They just opened this year but no doubt already on top. Prices are super reasonable for the quality! …,Matcha
Mille Matcha - DGT,7.0570294,125.5613334,5,"This café is very aesthetic and has a spacious interior, making it a great place to hang out or relax. I tried their Cotton Candy Matcha, and I really enjoyed it! The flavor was good, and what stood out the most was the serving size—it was …",Matcha
Mille Matcha - DGT,7.0570294,125.5613334,5,Best matcha in Davao! Serves authentic ceremonial matcha - I like my matcha drink to be smooth and creamy.,Matcha
Mille Matcha - DGT,7.0570294,125.5613334,5,They make good matcha. Better than the one next door. Ill keep coming back.,Matcha
Mille Matcha - DGT,7.0570294,125.5613334,5,"One of the Best Unsweetened Matcha Latte I've tasted... ("",)",Matcha
Mille Matcha - DGT,7.0570294,125.5613334,5,,Matcha
Mille Matcha - DGT,7.0570294,125.5613334,5,Houseblend and cotton candy matcha was to die for!,Matcha
Mille Matcha - DGT,7.0570294,125.5613334,5,"Overall, it was a positive experience.",Matcha
Mille Matcha - DGT,7.0570294,125.5613334,5,,Matcha
"Miss Bridgette,",7.0573666,125.56099,5,"We had a good dining experience here on a Sunday around noon. We were greeted by staff on arrival and given menus. The menu has many good options for drinks and food. We ordered a Matcha Espresso, Spanish Latte, Blueberry Cheesecake, Asian …",Matcha
"Miss Bridgette,",7.0573666,125.56099,3,Place is so cozy. Since we were around 10pax they offered us the exclusive room I guess it is consumable for 3k?(I can't remember) We availed the promo from EW CC users and got a big discount. …,Matcha
"Miss Bridgette,",7.0573666,125.56099,5,"The food is just so delicious! Especially matcha strawberry and their pizza! It's worth the money. The ambience of the cafe is also very calming, just the perfect place to do work, study, or simply hang out with friends. The waiters/waitresses are also very friendly and accommodating, especially ate Joy! 😊 …",Matcha
"Miss Bridgette,",7.0573666,125.56099,5,"Very fast service, unexpectedly had big servings for their dishes. Delicious food and great atmosphere!",Matcha
"Miss Bridgette,",7.0573666,125.56099,4,"This place definitely has a nice atmosphere and looks clean and spacious. Good place to have lunch/dinner with friends because it is not too crowded and the noise level is quite moderate. Food presentation is ⭐️⭐️⭐️⭐️, taste - around …",Matcha
"Miss Bridgette,",7.0573666,125.56099,4,The place is really clean and nice to look at. They have plenty of seats and private rooms. There is also a place/tables with outlets so you can charge your electronics. …,Matcha
"Miss Bridgette,",7.0573666,125.56099,3,"Went here for a supposed to be surprise for our friend. Unfortunately, we were the ones surprised because they did not take note of our reservation for a private room. It was booked a month ago thru their fb page. …",Matcha
"Miss Bridgette,",7.0573666,125.56099,4,Second time here. The food is kinda hit and miss hence why it took us long to try again. But this pizza that we ordered is highly recommended. It has an egg in the middle. At first i thought it was weird but it actually complemented with …,Matcha
"Miss Bridgette,",7.0573666,125.56099,5,"Wow! I'm am American who has been living here for over 1 year. I love the Philippines and all it offers but I miss my food. It is impossible to get a good burger in this town... But Miss Bridgette delivered. The service was amazing and that burger, worth the wait... I'm going back this morning for another one!",Matcha
"Miss Bridgette,",7.0573666,125.56099,4,Food is so so. Service is good. Ambiance is superb. I think it's because we got there when they've only opened. Not too much noise. Enjoyed our lunch. Also cafe is so clean. Serving portion is OK ✨ Will recommend 🫡 …,Matcha
"Miss Bridgette,",7.0573666,125.56099,1,The service charge is not worth the service. It's so bad. I have a lot of expectations for this restaurant because lots of people said it's good but my god the service crew is so terrible. …,Matcha
"Miss Bridgette,",7.0573666,125.56099,4,Miss Bridgette is an ideal breakfast place that opens at 7am along Tulip Drive. The restaurant layout is spacious and homey. Food orders promptly arrived within 15 minutes and presented well. Lemon cake can be improved by preparing a …,Matcha
"Miss Bridgette,",7.0573666,125.56099,3,"Love the place, the interior looks nice and clean. Staff are nice and friendly. We had our dinner here and ordered pizza and pasta, need some improvements though as the food is quite expensive for the quality and taste.",Matcha
"Miss Bridgette,",7.0573666,125.56099,5,"Great food and drink option. I love they have Hibiscus ice tea, which I ordered two! Along with chicken and mash potato dish and pumkin soup.",Matcha
"Miss Bridgette,",7.0573666,125.56099,5,"I think I just found my daily dose of joy. It has pleasing vibes! Great choice of location, friendly staff and clean looking space. Favorful perfection that makes every moment at the table memorable. We were full when we went here but for sure we will try their specials and others on the menu soon.",Matcha
"Miss Bridgette,",7.0573666,125.56099,4,"📍 Miss Bridgette, Tulip Drive, DVO ⏰ Open daily from 7 AM to 11 PM …",Matcha
"Miss Bridgette,",7.0573666,125.56099,4,"I had the Bolognese Mozzarella Pasta and an Iced Spanish Latte (I think 😅) at Miss Bridgette, and I was very impressed! The service was friendly and very attentive, plus the atmosphere was inviting for me. I would definitely recommend Miss Bridgette, to anyone looking for a delicious and enjoyable meal. :) …",Matcha
"Miss Bridgette,",7.0573666,125.56099,5,"We've been here a few times and the food, service, and atmosphere are among the top rated in Davao, in my opinion. The staff know their food well. The food options are excellent, and I've yet to find food here that I don't like. Will come back again. Highly recommended.",Matcha
"Miss Bridgette,",7.0573666,125.56099,5,"A very nice place! Good food, good ambience, good service 👍. I definitely recommend this. They also have charging ports available and a wifi. There are different corners you can choose such as by the window where it's bright and sunny ( you …",Matcha
"Miss Bridgette,",7.0573666,125.56099,4,"Whether you're looking for a solo unwind session, a catch-up with friends, or a coffee break pick-me-up, Miss Bridgette Resto is your answer. Don't miss out on this hidden gem! …",Matcha
"Miss Bridgette,",7.0573666,125.56099,4,Great ambiance but coffee tasted regular (nothing special with the Spanish) though the cake was yummy. Staff were also friendly and accommodating.,Matcha
"Miss Bridgette,",7.0573666,125.56099,5,"I love the interior. They also have function rooms with a consumable rate and can accommodate upto 20pax. The interior and design is pleasing to the eyes and comforting. The food was great though I only ordered coffee, lemon cake and …",Matcha
"Miss Bridgette,",7.0573666,125.56099,5,"A quiet place to be, with good food, excellent service and ambience. Try their Dubai Cookie. Loved it!",Matcha
"Miss Bridgette,",7.0573666,125.56099,4,It's a cozy and serene place. A lot of choices on food and beverages.,Matcha
"Miss Bridgette,",7.0573666,125.56099,1,"The overall dining experience was just okay-not particularly memorable. Most of the food was passable, but nothing stood out. We had to return the truffle pasta because it was extremely bland-it tasted like plain boiled pasta with no …",Matcha
"Miss Bridgette,",7.0573666,125.56099,4,After brunch next door (Weatherbee) we proceeded here. (Having been there so early we decided to maximize our time with our nice parking slots). I like the interior design. Lovely ambience. Students working quietly. Prices are cheaper than …,Matcha
"Miss Bridgette,",7.0573666,125.56099,5,"5 stars i like the food, It is the best resturant i ever been to",Matcha
"Miss Bridgette,",7.0573666,125.56099,1,"Waiter was extremely unhelpful and was not able to answer any questions we had about the menu. I ordered the steak, which was 3500 php. I ordered medium rare and got a dry overcooked fatty piece of steak. We had to ask for vegetables and …",Matcha
"Miss Bridgette,",7.0573666,125.56099,4,Delicious food. Cozy place. Jazz music. The best.,Matcha
"Miss Bridgette,",7.0573666,125.56099,4,Our second time around to try out other items in the menu.,Matcha
"Miss Bridgette,",7.0573666,125.56099,5,What I love about this place is that the place is so conducive for studying/working. It's pricey but the place is worth your money!,Matcha
"Miss Bridgette,",7.0573666,125.56099,5,"I just tried their spanish latte and it was delicious. It opens at 7am and they will soon serve breakfast :) Unfortunately, they do not have enough parking space 'coz they share it with Weatherbee.",Matcha
"Miss Bridgette,",7.0573666,125.56099,5,wonderful meal as great steak dishes including salmon and chicken rice entrees,Matcha
"Miss Bridgette,",7.0573666,125.56099,5,"Best service, pasta is quite salty, but overall best foods",Matcha
"Miss Bridgette,",7.0573666,125.56099,5,It's a genius idea to have a conversation starter pack in every table.,Matcha
"Miss Bridgette,",7.0573666,125.56099,5,I love the look of the place. It's very aesthetic,Matcha
"Miss Bridgette,",7.0573666,125.56099,5,"Amazing, love this place😊 …",Matcha
"Miss Bridgette,",7.0573666,125.56099,5,Favorite place,Matcha
"Miss Bridgette,",7.0573666,125.56099,1,"We have a recent experience with this restaurant and it was totally unpleasant. We found the owners pet-unfriendly, too inflexible, inconsiderate and completely inhuman. …",Matcha
"Miss Bridgette,",7.0573666,125.56099,5,Cozy placement,Matcha
"Miss Bridgette,",7.0573666,125.56099,5,"Best service, pasta is quite salty, but overall best foods",Matcha
"Miss Bridgette,",7.0573666,125.56099,5,I love the look of the place. It's very aesthetic,Matcha
"Miss Bridgette,",7.0573666,125.56099,5,"Amazing, love this place😊",Matcha
"Miss Bridgette,",7.0573666,125.56099,5,Favorite place,Matcha
"Miss Bridgette,",7.0573666,125.56099,5,Cozy placement,Matcha
"Miss Bridgette,",7.0573666,125.56099,5,Great service. Great place. Food was reasonably priced. Cold aircon with wifi so perfect for work/studying. Has limited parking.,Matcha
"Miss Bridgette,",7.0573666,125.56099,1,"Pricey but the water is tap water. I'm sensitive to tap water I thought their service water was mineral water because of course the price would be expensive, teeehhhh but when I got home my stomach hurt!!! grbe! The waiter is still better …",Matcha
"Miss Bridgette,",7.0573666,125.56099,3,"Off service– unenthusiastic, inattentive, and sluggish (well, except for my older brother guard). We eventually approached and asked for extra chairs for our friends who were still standing after we realized they wouldn't initiate on that …",Matcha
"Miss Bridgette,",7.0573666,125.56099,4,,Matcha
"Miss Bridgette,",7.0573666,125.56099,5,,Matcha
"Miss Bridgette,",7.0573666,125.56099,5,,Matcha
"Miss Bridgette,",7.0573666,125.56099,5,,Matcha
"Miss Bridgette,",7.0573666,125.56099,5,,Matcha
"Miss Bridgette,",7.0573666,125.56099,5,,Matcha
"Miss Bridgette,",7.0573666,125.56099,5,,Matcha
"Miss Bridgette,",7.0573666,125.56099,5,,Matcha
"Miss Bridgette,",7.0573666,125.56099,3,,Matcha
"Miss Bridgette,",7.0573666,125.56099,5,,Matcha
"Miss Bridgette,",7.0573666,125.56099,5,,Matcha
"Miss Bridgette,",7.0573666,125.56099,3,,Matcha
"Miss Bridgette,",7.0573666,125.56099,4,,Matcha
"Miss Bridgette,",7.0573666,125.56099,4,,Matcha
"Miss Bridgette,",7.0573666,125.56099,3,,Matcha
"Miss Bridgette,",7.0573666,125.56099,2,,Matcha
"Miss Bridgette,",7.0573666,125.56099,5,,Matcha
"Miss Bridgette,",7.0573666,125.56099,5,,Matcha
"Miss Bridgette,",7.0573666,125.56099,4,,Matcha
"Miss Bridgette,",7.0573666,125.56099,5,,Matcha
"Miss Bridgette,",7.0573666,125.56099,5,,Matcha
"Miss Bridgette,",7.0573666,125.56099,4,,Matcha
"Miss Bridgette,",7.0573666,125.56099,4,,Matcha
"Miss Bridgette,",7.0573666,125.56099,5,,Matcha
"Miss Bridgette,",7.0573666,125.56099,5,,Matcha
"Miss Bridgette,",7.0573666,125.56099,5,,Matcha
"Miss Bridgette,",7.0573666,125.56099,5,,Matcha
"Miss Bridgette,",7.0573666,125.56099,5,,Matcha
"Miss Bridgette,",7.0573666,125.56099,5,,Matcha
"Miss Bridgette,",7.0573666,125.56099,5,,Matcha
"Miss Bridgette,",7.0573666,125.56099,3,,Matcha
"Miss Bridgette,",7.0573666,125.56099,5,,Matcha
"Miss Bridgette,",7.0573666,125.56099,5,,Matcha
"Miss Bridgette,",7.0573666,125.56099,3,,Matcha
"Miss Bridgette,",7.0573666,125.56099,4,,Matcha
"Miss Bridgette,",7.0573666,125.56099,4,,Matcha
"Miss Bridgette,",7.0573666,125.56099,3,,Matcha
"Miss Bridgette,",7.0573666,125.56099,2,,Matcha
"Miss Bridgette,",7.0573666,125.56099,5,,Matcha
"Miss Bridgette,",7.0573666,125.56099,5,,Matcha
MOMOYO GMALL BAJADA,7.0782333,125.5934075,5,Excellent taste with exceptional flavors. What an unforgettable experience especially for MATCHA Lovers. MUST TRY!,Matcha
MOMOYO GMALL BAJADA,7.0782333,125.5934075,5,Always our place to go when magcrave something cold and refreshing. Super sulit ang products at very nice ang place. Must try and my fave ang matcha bobba. Thanks Momoyo.,Matcha
MOMOYO GMALL BAJADA,7.0782333,125.5934075,5,"As a matcha lover, their matcha is a must try. If you're a fan of milktea, this store is a must visit.",Matcha
MOMOYO GMALL BAJADA,7.0782333,125.5934075,5,The matcha fruit sundae taste amazing!,Matcha
MOMOYO GMALL BAJADA,7.0782333,125.5934075,5,i really love the matcha flavour 🥹🥹 …,Matcha
MOMOYO GMALL BAJADA,7.0782333,125.5934075,5,"your matcha ice cream is a top tier, i'll comeback here soon",Matcha
MOMOYO GMALL BAJADA,7.0782333,125.5934075,5,"Matcha is delicious, guys, especially those who like sweets.",Matcha
MYLK Cafe,7.0573666,125.56099,5,"I ordered the Daily Matcha, and it tasted amazing. The place has a very cool vibe, though it's not that big. There are sockets available, so you can chill there and charge your devices. The service was great and the staff were friendly. Overall, their drinks are good and worth coming back for.",Matcha
MYLK Cafe,7.0573666,125.56099,5,"10/10. Very welcoming barista. Thoughtfully asked to warm the complimentary brownie. A good place to kill time while waiting for the next class. Also, great for vegans since they're plant-based coffee shop.",Matcha
MYLK Cafe,7.0573666,125.56099,5,"The place is so nice, it's small yet their drinks are so delicious 🩷! It's a nice catching up session cafe with your friends. Recommend their sweet hatsumi matcha 🍵 …",Matcha
MYLK Cafe,7.0573666,125.56099,5,"I'll start with the positives first because there are many - •too good Barista, kuya AJ , he was very warm , very knowledgeable, very energetic and very mature . He helped us choosing the best drink even without asking …",Matcha
MYLK Cafe,7.0573666,125.56099,4,"I come here for the drinks. their matcha and coffee are consistently good. The space is very small and not the most comfortable for staying. Despite that, it's still the place I recommend to friends when they're looking for a good matcha or coffee.",Matcha
MYLK Cafe,7.0573666,125.56099,5,"place was very cozy. the spanish cold brew was really good. the barista was very nice and welcoming. overall, the cafe's great. will definitely visit again. ❤️",Matcha
MYLK Cafe,7.0573666,125.56099,5,"We love Mylk Cafe. Their drinks are of excellent quality. Must try Their Hojicha ,my favorite, so far th best in town. The barista is very Calm , professional and friendly. ❤️",Matcha
MYLK Cafe,7.0573666,125.56099,5,"the chai latte was so delicious warm, flavorful, and perfectly spiced.",Matcha
MYLK Cafe,7.0573666,125.56099,5,"Unquestionably, the best vegan coffee shop in the area. The atmosphere is relaxing inside. They have wide range of drinks to choose from and also great food. I would recommend - Iced vanilla bean, Spanish cold brew, matcha, Smokey ham and grilled cheese. Trust me, you will love the experience and would come back for more.",Matcha
MYLK Cafe,7.0573666,125.56099,5,Excellent grilled cheese sandwiches here. Not too greasy. An adequate amount of tasty white vegan cheese. Comes with a few crunchy ruffles potato chips. Hits the spot! The owner also owns 'The Vegan Dinosaur' next door too which has an …,Matcha
MYLK Cafe,7.0573666,125.56099,5,"Really loved MYLK Cafe! The drinks are so good and you can tell they're made with quality ingredients. The place has a chill, cozy vibe and perfect for hanging out or just relaxing. Staff are super friendly too, which makes the experience even better. Definitely coming back and would recommend it to friends",Matcha
MYLK Cafe,7.0573666,125.56099,5,"Next door after The Vegan Dinosaur. Expect the black sesame and tiramisu beverages' sweetness toned down to a level you can easily smile. Menu items are reasonable being vegan and carefully prepared. The hungarian sausage bowl and deconstructed spam musubi, hmmm absolutely delicious!",Matcha
MYLK Cafe,7.0573666,125.56099,5,Mylk has always been a staple for me before the matcha craze even happened. Their cookies are bomb also. The service is always good whenever I come it feels very personal when I speak with the staff. My favorite is their matcha.,Matcha
MYLK Cafe,7.0573666,125.56099,4,"For this charming vegan coffee shop, and I'm so glad I tried it. While the shop itself is quite cozy, I wouldn't recommend lingering for too long, especially during rush hour. However, their coffee and non-coffee offerings are absolutely …",Matcha
MYLK Cafe,7.0573666,125.56099,5,"It's my first time here and I already love the curated menu and it's intimate ambiance. It's a small space but it's perfect for studying, hanging out with friends, and just casual matcha hopping. Overall it's a great cafe in the heart of the city.",Matcha
MYLK Cafe,7.0573666,125.56099,5,"We tried the spanish latte and it was delightful. The vegan toasties were also delicious. Definitely, A MUST TRY COFFEE STOP! …",Matcha
MYLK Cafe,7.0573666,125.56099,5,Ordered Spanish Latte! 10/10! The service of the crew is recommended. This is our go to cafe whenever we drop by marfori after eating at Vegan Dino,Matcha
MYLK Cafe,7.0573666,125.56099,5,"The iced vanilla latte is one of the best I've tasted in Davao, and I'm very happy it's offered in a sugar-free variety. The plant-based cheese melts are also good!",Matcha
MYLK Cafe,7.0573666,125.56099,4,"The matcha latte is good. Also, the place has a good climate.",Matcha
MYLK Cafe,7.0573666,125.56099,5,An Instagram-worthy cafe that actually serves good drinks. Try out their Iced Matcha or Purple Latte. You won't be disappointed!,Matcha
MYLK Cafe,7.0573666,125.56099,4,"The matcha latte is good. Also, the place has a good climate.",Matcha
MYLK Cafe,7.0573666,125.56099,5,Very good customer service! I ordered Hatsumi matcha (sweet) and the taste that I wanted for my matcha. Visit now!,Matcha
MYLK Cafe,7.0573666,125.56099,5,love this cafe so much! i always go here to study + there are outlets everywhere ;) very friendly barista & the matcha is superb!,Matcha
MYLK Cafe,7.0573666,125.56099,4,Has good food and coffee. Staff is also nice and helpful :),Matcha
MYLK Cafe,7.0573666,125.56099,5,"It's my 3rd time in this cafe and service is always excellent, same as the food! We'll definitely keep coming back for the matcha.",Matcha
MYLK Cafe,7.0573666,125.56099,5,Space was small but very homey like ambiance,Matcha
MYLK Cafe,7.0573666,125.56099,5,Their matcha and hojicha deserves more hype!,Matcha
MYLK Cafe,7.0573666,125.56099,5,"Cozy vibes and good food. Server here was really kind, its our 2nd visit and service remains amazing",Matcha
MYLK Cafe,7.0573666,125.56099,5,The staff are very accommodating. Their drinks are good.,Matcha
MYLK Cafe,7.0573666,125.56099,5,Good matcha and coffee! One of the best in town :),Matcha
MYLK Cafe,7.0573666,125.56099,5,As a vegan it's comforting to know that there is a cafe wherein I need not to worry about the coffee I am drinking. I am no longer limited to just americano whenever I want a coffee fix because I am assured that everything they use from …,Matcha
MYLK Cafe,7.0573666,125.56099,4,Has good food and coffee. Staff is also nice and helpful :),Matcha
MYLK Cafe,7.0573666,125.56099,5,Space was small but very homey like ambiance,Matcha
MYLK Cafe,7.0573666,125.56099,5,Their matcha and hojicha deserves more hype!,Matcha
MYLK Cafe,7.0573666,125.56099,5,The staff are very accommodating. Their drinks are good.,Matcha
MYLK Cafe,7.0573666,125.56099,5,Good matcha and coffee! One of the best in town :),Matcha
MYLK Cafe,7.0573666,125.56099,5,I treat myself to this store every so often just to pick myself up after a tiring day.,Matcha
MYLK Cafe,7.0573666,125.56099,5,"Good food, service and drinks. Highly recommended :)",Matcha
MYLK Cafe,7.0573666,125.56099,5,Very good service. Friendly and accomodating staff,Matcha
MYLK Cafe,7.0573666,125.56099,5,"Great place, great drink!",Matcha
MYLK Cafe,7.0573666,125.56099,5,Zen place for headspace + vegan haven,Matcha
MYLK Cafe,7.0573666,125.56099,5,Matcha is creamy and well balanced 💚 …,Matcha
MYLK Cafe,7.0573666,125.56099,5,Very good coffee and service!,Matcha
MYLK Cafe,7.0573666,125.56099,5,I tried their Mocha and I like the taste 'coz it is not the typical 'Mocha' flavor. :),Matcha
MYLK Cafe,7.0573666,125.56099,5,Probably one of the best coffee in Marfori!,Matcha
MYLK Cafe,7.0573666,125.56099,5,Very accommodating,Matcha
MYLK Cafe,7.0573666,125.56099,5,"Good food, service and drinks. Highly recommended :)",Matcha
MYLK Cafe,7.0573666,125.56099,5,Very good service. Friendly and accomodating staff,Matcha
MYLK Cafe,7.0573666,125.56099,5,"Great place, great drink!",Matcha
MYLK Cafe,7.0573666,125.56099,5,Matcha is creamy and well balanced 💚,Matcha
MYLK Cafe,7.0573666,125.56099,5,Very good coffee and service!,Matcha
MYLK Cafe,7.0573666,125.56099,5,Very accommodating,Matcha
MYLK Cafe,7.0573666,125.56099,5,guilt-free delicious snacks,Matcha
MYLK Cafe,7.0573666,125.56099,5,"Great coffee, perfection of aroma and flavour. Best coffee in davao.",Matcha
MYLK Cafe,7.0573666,125.56099,5,Accommodating during our time,Matcha
MYLK Cafe,7.0573666,125.56099,5,good matcha!,Matcha
MYLK Cafe,7.0573666,125.56099,5,Quiet and chill place,Matcha
MYLK Cafe,7.0573666,125.56099,5,wow,Matcha
MYLK Cafe,7.0573666,125.56099,5,,Matcha
MYLK Cafe,7.0573666,125.56099,4,Cozy space and strong ac!,Matcha
MYLK Cafe,7.0573666,125.56099,1,Worst coffee in davao,Matcha
MYLK Cafe,7.0573666,125.56099,5,"The store is super nice, very cold ☺️ the staff is also super friendly, highly recommended for people who like a chill coffee shop, especially for those who just want to read because the place is also very quiet.",Matcha
MYLK Cafe,7.0573666,125.56099,5,"Their coffee is delicious, the place is super quiet and chill, highly recommended for those who want to have a chill coffee.",Matcha
MYLK Cafe,7.0573666,125.56099,1,cold brew was meh... sayang pera,Matcha
MYLK Cafe,7.0573666,125.56099,5,,Matcha
MYLK Cafe,7.0573666,125.56099,5,,Matcha
MYLK Cafe,7.0573666,125.56099,5,,Matcha
MYLK Cafe,7.0573666,125.56099,5,,Matcha
MYLK Cafe,7.0573666,125.56099,5,,Matcha
MYLK Cafe,7.0573666,125.56099,4,,Matcha
MYLK Cafe,7.0573666,125.56099,5,The matcha is delicious.,Matcha
MYLK Cafe,7.0573666,125.56099,5,,Matcha
MYLK Cafe,7.0573666,125.56099,5,guilt-free delicious snacks,Matcha
MYLK Cafe,7.0573666,125.56099,5,Accommodating during our time,Matcha
MYLK Cafe,7.0573666,125.56099,5,good matcha!,Matcha
MYLK Cafe,7.0573666,125.56099,5,Quiet and chill place,Matcha
MYLK Cafe,7.0573666,125.56099,5,wow,Matcha
MYLK Cafe,7.0573666,125.56099,5,,Matcha
MYLK Cafe,7.0573666,125.56099,4,Cozy space and strong ac!,Matcha
MYLK Cafe,7.0573666,125.56099,5,,Matcha
MYLK Cafe,7.0573666,125.56099,5,,Matcha
MYLK Cafe,7.0573666,125.56099,5,,Matcha
MYLK Cafe,7.0573666,125.56099,5,,Matcha
MYLK Cafe,7.0573666,125.56099,5,,Matcha
MYLK Cafe,7.0573666,125.56099,4,,Matcha
MYLK Cafe,7.0573666,125.56099,5,The matcha is delicious.,Matcha
MYLK Cafe,7.0573666,125.56099,5,,Matcha
MYLK Cafe,7.0573666,125.56099,5,,Matcha
MYLK Cafe,7.0573666,125.56099,5,,Matcha
MYLK Cafe,7.0573666,125.56099,5,,Matcha
MYLK Cafe,7.0573666,125.56099,5,,Matcha
MYLK Cafe,7.0573666,125.56099,5,,Matcha
MYLK Cafe,7.0573666,125.56099,5,,Matcha
MYLK Cafe,7.0573666,125.56099,5,,Matcha
MYLK Cafe,7.0573666,125.56099,5,,Matcha
MYLK Cafe,7.0573666,125.56099,5,,Matcha
MYLK Cafe,7.0573666,125.56099,5,,Matcha
MYLK Cafe,7.0573666,125.56099,5,,Matcha
MYLK Cafe,7.0573666,125.56099,5,,Matcha
MYLK Cafe,7.0573666,125.56099,5,,Matcha
MYLK Cafe,7.0573666,125.56099,5,,Matcha
MYLK Cafe,7.0573666,125.56099,5,,Matcha
MYLK Cafe,7.0573666,125.56099,5,,Matcha
MYLK Cafe,7.0573666,125.56099,5,,Matcha
MYLK Cafe,7.0573666,125.56099,5,,Matcha
MYLK Cafe,7.0573666,125.56099,5,,Matcha
MYLK Cafe,7.0573666,125.56099,5,,Matcha
MYLK Cafe,7.0573666,125.56099,5,,Matcha
MYLK Cafe,7.0573666,125.56099,5,,Matcha
MYLK Cafe,7.0573666,125.56099,5,,Matcha
MYLK Cafe,7.0573666,125.56099,4,,Matcha
MYLK Cafe,7.0573666,125.56099,5,,Matcha
MYLK Cafe,7.0573666,125.56099,5,,Matcha
MYLK Cafe,7.0573666,125.56099,5,,Matcha
MYLK Cafe,7.0573666,125.56099,5,,Matcha
MYLK Cafe,7.0573666,125.56099,4,,Matcha
OFFSET Cafe + Matcha,7.08709,125.5979978,5,"This is definitely a new favorite! The drinks were delicious. I ordered the Tokyo Fog, and I loved how the earl …",Matcha
OFFSET Cafe + Matcha,7.08709,125.5979978,5,Cute space!! Gave us free stickers for each drink too!,Matcha
OFFSET Cafe + Matcha,7.08709,125.5979978,5,Superb service! The young baristas who are also the owners were very attentive to details. They asked for my preferences which I appreciated. …,Matcha
OFFSET Cafe + Matcha,7.08709,125.5979978,5,,Matcha
Onse Kopi,7.0573666,125.56099,1,"We ordered the oat matcha and oat hojicha. Both drinks were very bland and watered down, we could barely taste the oat milk. The matcha tasted like instant matcha, and the hojicha didn't taste like hojicha at all. Overall, the drinks lacked flavor and were quite disappointing. Considering the price, they were not worth it.",Matcha
Onse Kopi,7.0573666,125.56099,5,"A quaint cafe tucked inconspicuously within a milktea shop. One of the OG cafes I've been too since post-pandemic. Their Grano cold brew is a must-try, plus their Taho Series. I'm an avid fan of their Tahojicha. Place is cozy, with lots of …",Matcha
Onse Kopi,7.0573666,125.56099,5,"The staff at this establishment is incredibly friendly and helpful. They took the time to explain the menu and recommend items based on my preferences, making the experience even more enjoyable. As a first-time visitor, I appreciated their …",Matcha
Onse Kopi,7.0573666,125.56099,5,"One of the best coffee in Davao, a hidden gem if you dont have a keen eye. Tucked inside a food hall and within bubble milk tea, without signages. …",Matcha
Onse Kopi,7.0573666,125.56099,5,"Onse is one of my go-to spots. It's a bit hidden, which makes it feel like a nice little gem. The place is small and simple, but it has a cozy vibe that adds to its charm. Their drinks are consistently good, especially their coffee and …",Matcha
Onse Kopi,7.0573666,125.56099,5,"best cold brew! love the espresso drinks too as well as the matcha menu. in short, everything is good and worth the money. quaint & cozy cafe with murals and plants. kid & pet-friendly too!!",Matcha
Onse Kopi,7.0573666,125.56099,4,"Discreetly inside the vicinity where BC Chicken is, this place is obscure from the highway. Not much to get away with but the dirty matcha and white choco macadamia cookie were a nummy pair.",Matcha
Onse Kopi,7.0573666,125.56099,5,"This is Onse Kopi shop, one of the underrated coffee shops in davao where you can find the best coffee in town.... They are using Arabica Brazil Coffee Bean, I must say na lasang lasa mo talaga yung kape dito... Also, they are using rice straws.. Located near BC Chicken House, where you can taste The Best Authentic Chicken Inasal.",Matcha
Onse Kopi,7.0573666,125.56099,5,Love the matcha and cold brew grano,Matcha
Onse Kopi,7.0573666,125.56099,5,"Whenever I have friends fly in who I know love coffee and love visiting different cafes Onse is always the first stop. Very good coffee, the staff and the owners are very friendly. 10/10",Matcha
Onse Kopi,7.0573666,125.56099,5,Love the matcha and cold brew grano,Matcha
Onse Kopi,7.0573666,125.56099,5,Love the Grano drink! A cozy place with limited space,Matcha
Onse Kopi,7.0573666,125.56099,5,Grano! The best! 💯💕 …,Matcha
Onse Kopi,7.0573666,125.56099,5,Would come here more often gyud if they were near my house. Please open a branch sa North! 😭 …,Matcha
Onse Kopi,7.0573666,125.56099,5,Love the vibe of this cafe💛 Their Grano drink is my fave😍 …,Matcha
Onse Kopi,7.0573666,125.56099,5,"All of their coffee and matcha varieties are super tasty, and you can choose whether you prefer sweet or nutty, and pure matcha or matcha with hints of coffee",Matcha
Onse Kopi,7.0573666,125.56099,5,"Delicious coffee, skilled baristas, relaxed environment. Highly recommended for your daily coffee fix",Matcha
Onse Kopi,7.0573666,125.56099,5,Blanco's my go to ☕️!,Matcha
Onse Kopi,7.0573666,125.56099,5,Matcha is superb! Owner is also kind,Matcha
Onse Kopi,7.0573666,125.56099,5,One of the best coffee shops in the city!,Matcha
Onse Kopi,7.0573666,125.56099,4,a very simple cafe.,Matcha
Onse Kopi,7.0573666,125.56099,5,Grano! The best! 💯💕,Matcha
Onse Kopi,7.0573666,125.56099,4,a very simple cafe.,Matcha
Onse Kopi,7.0573666,125.56099,5,Great coffee. Great people.,Matcha
Onse Kopi,7.0573666,125.56099,4,Coffee is life!!,Matcha
Onse Kopi,7.0573666,125.56099,5,Grano unsweetened is my favorite! It's very easy to drink and delicious! I recommend it!,Matcha
Onse Kopi,7.0573666,125.56099,5,,Matcha
Onse Kopi,7.0573666,125.56099,3,,Matcha
Onse Kopi,7.0573666,125.56099,5,,Matcha
Onse Kopi,7.0573666,125.56099,4,,Matcha
Onse Kopi,7.0573666,125.56099,5,,Matcha
Onse Kopi,7.0573666,125.56099,5,,Matcha
Onse Kopi,7.0573666,125.56099,5,,Matcha
Onse Kopi,7.0573666,125.56099,5,Great coffee. Great people.,Matcha
Onse Kopi,7.0573666,125.56099,4,Coffee is life!!,Matcha
Onse Kopi,7.0573666,125.56099,5,,Matcha
Onse Kopi,7.0573666,125.56099,3,,Matcha
Onse Kopi,7.0573666,125.56099,5,,Matcha
Onse Kopi,7.0573666,125.56099,4,,Matcha
Onse Kopi,7.0573666,125.56099,5,,Matcha
Onse Kopi,7.0573666,125.56099,5,,Matcha
Onse Kopi,7.0573666,125.56099,5,,Matcha
Onse Kopi,7.0573666,125.56099,5,,Matcha
Onse Kopi,7.0573666,125.56099,5,,Matcha
Onse Kopi,7.0573666,125.56099,5,,Matcha
Onse Kopi,7.0573666,125.56099,5,,Matcha
Onse Kopi,7.0573666,125.56099,5,,Matcha
Out of Boredom,7.0881264,125.5943935,4,"Out of Boredom is located on the second floor. It's a small but charming spot that's great for grab-and-go drinks. We tried the Level 2 Matcha and the Himalayan Matcha. The Level 2 was a bit mild for my taste, so I think Level 3 might have …",Matcha
Out of Boredom,7.0881264,125.5943935,4,"A great place to get your matcha fix. We got their level 2 OOB blend matcha and we really liked it! It was smooth, creamy, earthy, and a perfect balance for me. I would definitely come back to try their specialty menus. The place is just …",Matcha
Out of Boredom,7.0881264,125.5943935,5,"I am from Cebu and have been drinking a lot of Matcha from different cafés. I must say Out of Boredom's Matcha exceeded my expectations. The matcha has a smooth, consistent texture with a well-balanced umami flavor and a rich, authentic …",Matcha
Out of Boredom,7.0881264,125.5943935,5,"ive only gone here twice but this is already my top 1 cafe for matcha 🥹 drinks are superb, staff are friendly, and well-maintained ug kumpleto ang cr (HAHA major plus) …",Matcha
Out of Boredom,7.0881264,125.5943935,5,"Out of Boredom Cafe in Bajada, Davao City is such a hidden gem 🤍 Their matcha drinks are incredibly smooth, …",Matcha
Out of Boredom,7.0881264,125.5943935,4,"The space is quite small — probably just enough to seat around 10 people inside — so it's not the best pick for big groups. I tried their drinks and they were okay. The matcha was a little too sweet for my taste, and the Spanish latte …",Matcha
Out of Boredom,7.0881264,125.5943935,4,"The matcha here is really good! It's on the pricier side, but definitely worth it for the taste. I like that they offer different levels of flavor to choose from. The space is quite small though, and since all the seats were taken, we didn't get to hang out there.",Matcha
Out of Boredom,7.0881264,125.5943935,5,"Extremely underrated cafe near the main road. Relatively new so the location is not yet available on Instagram. The barista is friendly, the cappuccino was good. AND they don't charge you extra for oat milk which is a huge plus for a lactose intolerant person like me. Loved it.",Matcha
Out of Boredom,7.0881264,125.5943935,5,Super cute and cozy place! 1st time to order matcha and definitely love it!!! Limited space but we don't mind. Ordered matcha: Black sesame(recommend) and Himalayan. Prices: 250 each,Matcha
Out of Boredom,7.0881264,125.5943935,5,It had been a while since my last but I remembered enjoying my matcha latte a lot. …,Matcha
Out of Boredom,7.0881264,125.5943935,4,Small cafe with only 6 small tables but their drinks are flavorful. We ordered their black sesame latte and hojicha matcha and THERE IS NO ADDITIONAL FEE FOR CHANGING TO OAT MILK. I've been to this cafe twice and i thino I'll back here often for my caffeine fix.,Matcha
Out of Boredom,7.0881264,125.5943935,2,The matcha is good but quite pricey but i understand. The place is quite small for my liking and also the place is ment for socials not for working and collaborating. …,Matcha
Out of Boredom,7.0881264,125.5943935,5,"imo, they might have the best mocha in davao. they definitely have good coffee beans! production may take some time and their place is quite small (they're expanding soon)",Matcha
Out of Boredom,7.0881264,125.5943935,4,Inconspicuously on the second floor of the building that fronts BOXED UP. Such a cute place and I mean that literally. Did an easy grab and I was on a high with the Black Sesame (Matcha). The Houjicha was surprisingly good and uncommon …,Matcha
Out of Boredom,7.0881264,125.5943935,5,Charming matcha place in the downtown area. Famous for their matcha drinks and it did not disappoint. We will be back to try more!! 🤩 …,Matcha
Out of Boredom,7.0881264,125.5943935,5,Game-changer! This coffee's got depth and complexity. Addictive to it and for sure I will try their other blend asap!,Matcha
Out of Boredom,7.0881264,125.5943935,5,BEST STRAWBERRY MATCHA IN DAVAO CITY! No wonder why people won't stop raving about this place 👏🏻 …,Matcha
Out of Boredom,7.0881264,125.5943935,5,"Must try: Black Sesame Matcha Latte Seating is limited especially during peak hours but don't hesitate taking your drinks to go, super worth it!!!",Matcha
Out of Boredom,7.0881264,125.5943935,5,This shop is small and I think they will need a bigger shop as many people go here and try one of the best matcha around davao.,Matcha
Out of Boredom,7.0881264,125.5943935,4,Great quality matcha!,Matcha
Out of Boredom,7.0881264,125.5943935,4,Great quality matcha!,Matcha
Out of Boredom,7.0881264,125.5943935,5,One of my go-to Matcha in the city!,Matcha
Out of Boredom,7.0881264,125.5943935,5,Greaaaat black sesame matcha! A dream,Matcha
Out of Boredom,7.0881264,125.5943935,5,Matcha!!! One of the best🤩 …,Matcha
Out of Boredom,7.0881264,125.5943935,1,doesn't open on time,Matcha
Out of Boredom,7.0881264,125.5943935,4,"I had OOB LVL 2 it has grainy, creamy like taste that stays in your tongue and bitter aftertaste, new to my taste buds. …",Matcha
Out of Boredom,7.0881264,125.5943935,3,Not enough seats but the coffee and service is good.,Matcha
Out of Boredom,7.0881264,125.5943935,4,Yummy matcha. Just be willing to wait. Crepe rolls were creamy.,Matcha
Out of Boredom,7.0881264,125.5943935,4,"I finally got to visit Out of Boredom. I tried their Spanish latte and it was good... The espresso was not under or over extracted, just perfect for my taste. I love the interior design as well. The thing is the place is quite small, so it …",Matcha
Out of Boredom,7.0881264,125.5943935,3,Don't go on weekends because there are a lot of people. You'll just have to wait a long time to get a seat. It seems like this is a dating spot for some people. It's weird that there were a lot of couples there when I went. Lol. But overall I like the place and their matcha is delicious. Hehehe. 10/10.,Matcha
Out of Boredom,7.0881264,125.5943935,5,Delicious,Matcha
Out of Boredom,7.0881264,125.5943935,5,One of my go-to Matcha in the city!,Matcha
Out of Boredom,7.0881264,125.5943935,5,Greaaaat black sesame matcha! A dream,Matcha
Out of Boredom,7.0881264,125.5943935,5,Matcha!!! One of the best🤩,Matcha
Out of Boredom,7.0881264,125.5943935,5,Delicious,Matcha
Out of Boredom,7.0881264,125.5943935,5,,Matcha
Out of Boredom,7.0881264,125.5943935,5,,Matcha
Out of Boredom,7.0881264,125.5943935,4,,Matcha
Out of Boredom,7.0881264,125.5943935,4,,Matcha
Out of Boredom,7.0881264,125.5943935,5,,Matcha
Out of Boredom,7.0881264,125.5943935,5,,Matcha
Out of Boredom,7.0881264,125.5943935,5,,Matcha
Out of Boredom,7.0881264,125.5943935,5,,Matcha
Out of Boredom,7.0881264,125.5943935,5,,Matcha
Out of Boredom,7.0881264,125.5943935,5,,Matcha
Out of Boredom,7.0881264,125.5943935,4,,Matcha
Out of Boredom,7.0881264,125.5943935,4,,Matcha
Oye Coffee,7.0574508,125.5609042,4,"… The interior is small, but has a friendly vibe. In terms of their drinks, I liked their salted coffee along with their matcha. The croffle wasn't too bad too. Parking in front is limited though, but you can still park at the side of the …",Matcha
Oye Coffee,7.0574508,125.5609042,5,"If you haven't tried their pistachio latte, you're definitely missing out! I also have a new favorite from their menu called the strawberry cream matcha. Another favorite of mine is their iced shaken salted caramel. 👌🏼 …",Matcha
Oye Coffee,7.0574508,125.5609042,5,Strawberry Matcha was great :),Matcha
Oye Coffee,7.0574508,125.5609042,4,"This is such a quaint, neighborhood coffeeshop. The interior is small, but has a friendly vibe. In terms of their drinks, I liked their salted coffee along with their matcha. The croffle wasn't too bad too. Parking in front is limited though, but you can still park at the side of the road. Overall, would still recommend.",Matcha
Perfols Matcha,7.1001483,125.5777311,5,"Very very accomodating and kidn staff! I love that it's badically a ONE-STOP MATCHA SHOP. Like, if you're starting your matcha journey, this is the place to be!",Matcha
Serenitea,7.0881264,125.5943935,4,"Ordered the cookie supreme matcha, fries, and their collab tumbler with pokemon 🫶🏻 very cute tumbler and the matcha drink was *chef's kiss* 10/10. only complain, the fries tastes good but was kinda stale when it arrived …",Matcha
Serenitea,7.0881264,125.5943935,5,i love their taho milk tea series..especially the matcha taho.,Matcha
Serenitea,7.0881264,125.5943935,5,Calm place. Amazing iced drinks with affordable prices,Matcha
Serenitea,7.0881264,125.5943935,5,I really like their milktea.,Matcha
Serenitea,7.0881264,125.5943935,5,Everything is good!,Matcha
Serenitea,7.0881264,125.5943935,4,"The place is clean and has a pleasant atmosphere, but the customer service could be improved. When I arrived, no one greeted or welcomed me. One staff member was sleeping at a table in the dining area, and it was unclear whether they were …",Matcha
Serenitea,7.0881264,125.5943935,1,"The staff was unprofessional just before the 11pm cut off, we arrived at 11:06 am and asked if we could still order, they said no, soo at 11:11 we just left because they said they had already taken inventory and were not allowed to order …",Matcha
Serenitea,7.0881264,125.5943935,5,,Matcha
Serenitea,7.0881264,125.5943935,5,,Matcha
Serenitea,7.0881264,125.5943935,3,,Matcha
Serenitea,7.0881264,125.5943935,5,Everything is good!,Matcha
Serenitea,7.0881264,125.5943935,5,,Matcha
Serenitea,7.0881264,125.5943935,5,,Matcha
Serenitea,7.0881264,125.5943935,3,,Matcha
sips sala,7.0573666,125.56099,4,"Went here Jan. 18, 2026. Had our first caffeine area since getting back in Davao (airplane coffee does not count) …",Matcha
sips sala,7.0573666,125.56099,5,"Good drinks, cozy atmosphere. Even has a perfume collection you can try out. Perfect for chilling and intimate conversations, would definitely visit another time",Matcha
sips sala,7.0573666,125.56099,5,SO HAPPY I CAME HERE!!! My new go to matcha hihi. Super love the people din serving us and the place was so chill and intimate parang secret spot lng for u and ur kasama,Matcha
sips sala,7.0573666,125.56099,5,Super cozy and intimate spot w yum and authentic tlga na matcha,Matcha
sips sala,7.0573666,125.56099,5,"Their matcha is really good, but what my friend tried was the coffee, Spanish latte, which was also delicious. It's obvious that the menu was well thought out, not just the usual coffee trends. Also, the staff are very accommodating and let us vid the whole thing.",Matcha
sips sala,7.0573666,125.56099,5,"Their coffee is also delicious and now I'm obsessed with their focacia. Last visit I tried the matcha banana and goodies, I'm really just a coffee person.",Matcha
sips sala,7.0573666,125.56099,5,,Matcha
sips sala,7.0573666,125.56099,5,,Matcha
sips sala,7.0573666,125.56099,5,,Matcha
sips sala,7.0573666,125.56099,5,,Matcha
sips sala,7.0573666,125.56099,5,Super cozy and intimate spot w yum and authentic tlga na matcha,Matcha
sips sala,7.0573666,125.56099,5,,Matcha
sips sala,7.0573666,125.56099,5,,Matcha
sips sala,7.0573666,125.56099,5,,Matcha
sips sala,7.0573666,125.56099,5,,Matcha
sips sala,7.0573666,125.56099,5,,Matcha
sips sala,7.0573666,125.56099,5,,Matcha
sips sala,7.0573666,125.56099,5,,Matcha
sips sala,7.0573666,125.56099,5,,Matcha
sips sala,7.0573666,125.56099,5,,Matcha
Spilled Coffee,7.0574508,125.5609042,4,"The place is small but has quiet seats, which is nice for a quick study or chill session. I ordered their matcha — it's good, though I think they only offer it in one size. Still a nice spot to drop by!",Matcha
Spilled Coffee,7.0574508,125.5609042,5,"been there several times and i liked how you can customize your drink according to your preference. baristas are kind enough to tailor it to your taste and the beans they use smell so good?! interior is nice and cozy, too. one of my go-to cafés in town",Matcha
Spilled Coffee,7.0574508,125.5609042,5,"This winsomely wee coffee place along Ruby Street in Marfori has a loud black and white signage. Glad I was able to get a second glance. Passion Sunrise under Sparkling Fruity Coffee, the Butterscotch Espresso Iced and the Tuna Melt sandwich was reasonably sweet for a midday downtime. Would love to step in again sometime….",Matcha
Spilled Coffee,7.0574508,125.5609042,5,I love their coffee and also the service of the barista is impressive. I do also love the ambiance there and the choice of their music.,Matcha
Spilled Coffee,7.0574508,125.5609042,5,Barista knowledge on another level. Learned a lot and influenced me to make my own and start on our spot!,Matcha
Spilled Coffee,7.0574508,125.5609042,5,"If you're looking for a good place to have coffee or meet with a friend or two, this is the place to be. You will be greeted with a warm welcome by the baristas. Every drink and food on their menu is made with love. …",Matcha
Spilled Coffee,7.0574508,125.5609042,4,"Small place nicely decorated, Food was super good ,special mention to their lattes..",Matcha
Spilled Coffee,7.0574508,125.5609042,4,part of the davao coffee crawl. barista knows his stuff. loved my drink.,Matcha
Spilled Coffee,7.0574508,125.5609042,5,I love their signature lattes! Legit good coffee- not commercialized ❤️,Matcha
Spilled Coffee,7.0574508,125.5609042,5,,Matcha
Spilled Coffee,7.0574508,125.5609042,5,I love their signature lattes! Legit good coffee- not commercialized ❤️,Matcha
Spilled Coffee,7.0574508,125.5609042,5,,Matcha
Spilled Coffee,7.0574508,125.5609042,5,,Matcha
Spilled Coffee,7.0574508,125.5609042,5,,Matcha
The Lobby Cafe by Arcadia,7.0529141,125.5636072,5,The Biscoff and Chocolate Cheesecake is a must-try. You can also customize the sugar level for your drinks; mine was the Matcha Latte.,Matcha
The Lobby Cafe by Arcadia,7.0529141,125.5636072,3,"When I entered the cafe, the staff did not greet me or smiled at me even while already taking the order. I ordered matcha latte to go. When the order was served, they did not provide a cup holder. I had to ask it from the staff. When I …",Matcha
The Matcha Tokyo - Azuela High Street,7.1018229,125.6248087,1,"… bench that spans the length of the space. Form the menu, we ordered the Matcha Frozen Latte (₱280), Ube Matcha Latte (₱280), and Matcha Frozen Lemonade (₱205). While we are no strangers to matcha, we were genuinely surprised by …",Matcha
The Matcha Tokyo - Azuela High Street,7.1018229,125.6248087,5,"… The place is clean and has a soft, aesthetic vibe—nothing too fancy, just comfortable and easy to stay in. The matcha is really good. It tastes natural and well-made, not overly sweet, and you can actually taste the matcha itself. It's …",Matcha
The Matcha Tokyo - Azuela High Street,7.1018229,125.6248087,4,"… the quality of their matcha. The flavor was rich, earthy, and noticeably more authentic than the average café matcha latte, with a pleasant umami depth and just the right level of sweetness. The minimalist Japanese-inspired atmosphere also …",Matcha
The Matcha Tokyo - Azuela High Street,7.1018229,125.6248087,4,"… pastries, and even more substantial food options for those looking for a full meal. What We Ordered: Matcha Latte with Soft Serve: This was a standout. The matcha flavor was present without being overpowering, maintaining a decent ratio …",Matcha
The Matcha Tokyo - Azuela High Street,7.1018229,125.6248087,5,… . place was kinda full when I visited but I found a corner where I ate my ice cream peacefully. update: the hot matcha latte is so good with the latte art. update: the madeleines are so good. 3 pieces for P165 and its worth the price. …,Matcha
The Matcha Tokyo - Azuela High Street,7.1018229,125.6248087,4,I finally got the chance to visit this spot after wanting to check it out for a while. You should try their matcha soft serve over their matcha latte. The place is so nice and aesthetic but leaning to pricier side.,Matcha
The Matcha Tokyo - Azuela High Street,7.1018229,125.6248087,4,"📍 The Matcha Tokyo @ Azuela Cove ✅ A must-visit spot for matcha lovers ✅ High-quality matcha taste ✅ Matcha drinks are smooth and creamy, no bitter aftertaste 💖 Iced Matcha Warabi Latte - P280 💖 Limited Edition Matcha Mint Chocolate …",Matcha
The Matcha Tokyo - Azuela High Street,7.1018229,125.6248087,5,"We ordered Salted Matcha Latte, Matcha Ube Latte, Mochi Soft Cream Matcha and Hokkaido Soft Cream Matcha, it was very delicious! and we're so happy and satisfied!",Matcha
The Matcha Tokyo - Azuela High Street,7.1018229,125.6248087,5,Not a matcha lover but I find myself craving for matcha tokyo. Their Matcha Salted Cream and Matcha Spanish latte are sweet tooth-friendly! Also just tried the cookie butter basque cheesecake and I loved it as well. ☺️,Matcha
The Matcha Tokyo - Azuela High Street,7.1018229,125.6248087,5,"… not too bitter. You can tell they use good quality matcha because the flavor is smooth and a bit earthy. The matcha latte is well-balanced, and the desserts aren't overly sweet, which makes them better to pair with the drink. Overall, …",Matcha
The Matcha Tokyo - Azuela High Street,7.1018229,125.6248087,1,"April 2026 – Located at Cluster 1, Unit 2 of Azuela High Street in Lanang, The Matcha Tokyo is one of the first establishments to open in this new complex. It is easy to find, as it fronts the courtyard and the Eco-bike station, right near the Azuela High Street signage. First, be prepared for the price point as this is an expensive spot. Aesthetically, the store is stunning; it's bathed in a clean stucco finish with beautiful wooden furniture and a sleek, curved cushioned bench that spans the length of the space. Form the menu, we ordered the Matcha Frozen Latte (₱280), Ube Matcha Latte (₱280), and Matcha Frozen Lemonade (₱205). While we are no strangers to matcha, we were genuinely surprised by the lack of balance in these drinks. Matcha Frozen Lemonade. This was the only drink we enjoyed, though primarily for the lemonade itself; the matcha felt more like a thematic garnish than a core flavor. Ube Matcha Latte. This was a total disappointment. It lacked any semblance of Ube – the iconic Philippine purple yam now famous worldwide, thanks to Jollibee. Instead, the drink was overwhelmingly bitter, reminiscent of blended ampalaya (bitter gourd). Matcha Frozen Latte. Unfortunately, the flavor profile was completely off. I understand the appeal of high-quality matcha, but this mixture was unpalatable. We struggled to understand the high 4.7-star rating. Perhaps we ordered the wrong items, but it was a disappointing nightcap. I noticed the store offers stickers to those who leave reviews; however, I prefer to provide an honest account of our experience. Additionally, the cleanliness left much to be desired. We sat at our table for quite some time while waiting for our drinks but used items from previous customers remained uncleaned the entire time. For a premium-priced establishment, the service and quality should be much higher. Overall, not the best matcha experience, and if this is the standard, maybe, we are not made for matcha.",Matcha
The Matcha Tokyo - Azuela High Street,7.1018229,125.6248087,5,"Tried this café and it's a nice, simple spot. The place is clean and has a soft, aesthetic vibe—nothing too fancy, just comfortable and easy to stay in. The matcha is really good. It tastes natural and well-made, not overly sweet, and you can actually taste the matcha itself. It's smooth with a slight earthy flavor, which makes it feel more authentic. The desserts are also okay—not too heavy, and they go well with the drinks. Overall, it's a good place if you want decent matcha and a chill environment. Rating: 8/10",Matcha
The Matcha Tokyo - Azuela High Street,7.1018229,125.6248087,4,"I recently tried The Matcha Tokyo and was impressed by the quality of their matcha. The flavor was rich, earthy, and noticeably more authentic than the average café matcha latte, with a pleasant umami depth and just the right level of sweetness. The minimalist Japanese-inspired atmosphere also made the experience feel calm and inviting. While the drinks are on the pricier side and the serving size could be bigger, the quality of the matcha and overall experience make it worth trying for matcha lovers.",Matcha
The Matcha Tokyo - Azuela High Street,7.1018229,125.6248087,4,"If you are looking for a spacious and aesthetic spot to get your matcha fix, THE MATCHA TOKYO is definitely worth a visit. The atmosphere is top-notch: clean, modern, and very relaxing. They have an impressive selection of drinks, pastries, and even more substantial food options for those looking for a full meal. What We Ordered: Matcha Latte with Soft Serve: This was a standout. The matcha flavor was present without being overpowering, maintaining a decent ratio of tea to milk. Hojicha Latte: Another solid choice for those who prefer that roasted, earthy profile. Hojicha Panna Cotta: We really liked this! The texture was spot on, and the hojicha ganache pour perfectly balanced the light-flavored jiggling panna cotta. The Verdict: It is definitely on the pricey side, so be prepared for a bit of a splurge. However, between the quality of the ingredients and the beautiful environment, it feels justified for a treat. Pros: Excellent tea balance, beautiful interior, great desserts. Cons: Premium pricing. Will we be back? Definitely! It's a great place to hang out and enjoy high-quality matcha.",Matcha
The Matcha Tokyo - Azuela High Street,7.1018229,125.6248087,5,finally visited this branch. and this is the first Matcha Tokyo branch in DVO which i waited for. i tried the mixed matcha and hokkaido milk soft ice cream and it was so good. Staff are accommodating and they prepared my order immediately. place was kinda full when I visited but I found a corner where I ate my ice cream peacefully. update: the hot matcha latte is so good with the latte art. update: the madeleines are so good. 3 pieces for P165 and its worth the price. update: tried their pasta. taste is great but serving is too small.,Matcha
The Matcha Tokyo - Azuela High Street,7.1018229,125.6248087,5,"The place is really nice and clean, with a simple aesthetic. It has that calm, cozy vibe that makes you want to stay for a while. Not too loud, good for studying or just hanging out. For the matcha, it tastes authentic—not too sweet and not too bitter. You can tell they use good quality matcha because the flavor is smooth and a bit earthy. The matcha latte is well-balanced, and the desserts aren't overly sweet, which makes them better to pair with the drink. Overall, it's a solid spot if you're looking for a chill place with good matcha. Rating: 8.5/10",Matcha
The Matcha Tokyo - Azuela High Street,7.1018229,125.6248087,5,"Great matcha, cozy ambiance, and perfect lighting for reading or quiet muni-muni moments. The space feels calm and inviting, and the friendly servers make the experience even better, definitely a spot worth coming back to. 🍵💚 …",Matcha
The Matcha Tokyo - Azuela High Street,7.1018229,125.6248087,5,Nice place! The matcha tastes so authentic and rich — truly feels like a taste of Japan 😍 Definitely worth a visit for all matcha lovers! …,Matcha
The Matcha Tokyo - Azuela High Street,7.1018229,125.6248087,3,"… liked the cookie with its sealed packaging. Having awarded already (in my mind) three (3) local places to get matcha indulgences and here comes this, well… A few more visits and it might change. There are interesting items on the …",Matcha
The Matcha Tokyo - Azuela High Street,7.1018229,125.6248087,5,I really liked the matcha—its flavor is unique and stands out from others. What I loved most was the quality; you can really tell it's made with high-quality ingredients.,Matcha
The Matcha Tokyo - Azuela High Street,7.1018229,125.6248087,4,"Tried Iced Matcha Latte, Matcha Sea Salt Latte, and Iced Warabi Matcha! Liked Iced Warabi the most since it has japanese mochi sinkers. Fast service and very clean store. Staff are also well knowledged with their products. Will be back for …",Matcha
The Matcha Tokyo - Azuela High Street,7.1018229,125.6248087,4,My first time here and the experience was really warm and friendly! i recommend people to come and visit here with their friends and loved ones! (must try matcha latte and their ice creams with macaroons),Matcha
The Matcha Tokyo - Azuela High Street,7.1018229,125.6248087,5,"A cozy matcha café with a relaxing vibe and friendly staff. The matcha drinks are rich, smooth, and not too sweet. A great spot for matcha lovers!",Matcha
The Matcha Tokyo - Azuela High Street,7.1018229,125.6248087,3,"I ordered a Matcha Latte with float. Taste-wise? Yes, it's really good — smooth, and you can tell they used quality matcha powder. Price-wise? It's too much. The total was ₱400, and the cup was really small with plenty of ice. The small …",Matcha
The Matcha Tokyo - Azuela High Street,7.1018229,125.6248087,4,"Exciting news for matcha enthusiasts in Davao and Mindanao! The Matcha Tokyo has opened its doors, becoming the first and only location in the region. Situated in the charming Azuela High Street, it offers a delightful ambiance reminiscent …",Matcha
The Matcha Tokyo - Azuela High Street,7.1018229,125.6248087,3,"I ordered iced matcha latte. As someone who loves ceremonial matcha, it's kind of too bitter for my liking. While for the mango soft served, i like the way how it is not too sweet. If you're into matcha that leans more on the bitter side, …",Matcha
The Matcha Tokyo - Azuela High Street,7.1018229,125.6248087,5,"The Matcha Tokyo is a cozy and minimalist café that serves some of the best matcha drinks around. Their matcha latte is smooth, rich, and perfectly balanced — not too sweet, just pure, authentic flavor. You can really taste the quality of …",Matcha
The Matcha Tokyo - Azuela High Street,7.1018229,125.6248087,5,One of my go-to matcha place. Especially if you want your matcha taste really grassy 😁 …,Matcha
The Matcha Tokyo - Azuela High Street,7.1018229,125.6248087,5,"Very cozy vibe. No question about their matcha drinks, all are must haves. Don't forget their panini, also a must try!",Matcha
The Matcha Tokyo - Azuela High Street,7.1018229,125.6248087,5,As a matcha lover this is highly recommended to visit if you are around in Davao. Must try!,Matcha
The Matcha Tokyo - Azuela High Street,7.1018229,125.6248087,4,"Comfortable place, good for catching up with friends, legit matcha 🍵 …",Matcha
The Matcha Tokyo - Azuela High Street,7.1018229,125.6248087,5,"This is the second time i got here and i their matcha is good, but what i really loved is the ambience, would love to come back!",Matcha
The Matcha Tokyo - Azuela High Street,7.1018229,125.6248087,4,"Very nice ambience, with high ceilings. Drinks are ok. I find the matcha not rich enough. But the menu is extensive and you'll find something for everyone (they even have coffee).",Matcha
The Matcha Tokyo - Azuela High Street,7.1018229,125.6248087,3,Place is good and relaxing. staff are friendly/accomodating. Ordered the iced matcha latte. Not bad. Will try the salted cream latte next time.,Matcha
The Matcha Tokyo - Azuela High Street,7.1018229,125.6248087,4,good quality iced matcha latte 👍 loved their ube matcha ! …,Matcha
The Matcha Tokyo - Azuela High Street,7.1018229,125.6248087,3,"… for just a decent-regular cup of matcha. I mean matcha is pricey, that's given—but to charge ₱280 for a Plain Matcha Latte? I mean the price would be justifiable if it tasted anymore than average. But it was average. I must not be the …",Matcha
The Matcha Tokyo - Azuela High Street,7.1018229,125.6248087,3,"Was circling Azuela grounds but couldn't find the store. Not that visible from the road. Vehicles parked near one sidewalk gave me a hint so I followed suit. And there it was! Only few people before noon, two kinds of pastries at the counter, and a lot of unavailable items as well. Rates ain't cheap. Settled for takeaway. Tastewise, I can't quite pinpoint what's missing (with my drinks). I really liked the cookie with its sealed packaging. Having awarded already (in my mind) three (3) local places to get matcha indulgences and here comes this, well… A few more visits and it might change. There are interesting items on the menu that are not that prevalent in the city. 'Tis just odd they don't have GCash knowing the usual excuse of cafés not provided PCF or loose change by management….By the way, the designated parking lot was later pointed to by a roving guard on wheels which was farther down the road… Still keen for another round soon…",Matcha
The Matcha Tokyo - Azuela High Street,7.1018229,125.6248087,4,"Comfortable place, good for catching up with friends, legit matcha 🍵",Matcha
The Matcha Tokyo - Azuela High Street,7.1018229,125.6248087,4,good quality iced matcha latte 👍 loved their ube matcha !,Matcha
The Matcha Tokyo - Azuela High Street,7.1018229,125.6248087,3,"The place overall was relaxing and aesthetic. The staff were kind and the service was great. Only problem I had was the outrageous price for just a decent-regular cup of matcha. I mean matcha is pricey, that's given—but to charge ₱280 for a Plain Matcha Latte? I mean the price would be justifiable if it tasted anymore than average. But it was average. I must not be the target audience but if you're going to charge those kinds of prices, at least serve justice with it.",Matcha
The Matcha Tokyo - Azuela High Street,7.1018229,125.6248087,5,"Tried The Matcha Tokyo for the first time and I'm officially hooked. 🍵 Smooth, earthy, and surprisingly comforting, definitely lived up to the hype. Would 100% have it again! …",Matcha
The Matcha Tokyo - Azuela High Street,7.1018229,125.6248087,5,This place is a vibe. Love the matcha,Matcha
The Matcha Tokyo - Azuela High Street,7.1018229,125.6248087,4,Great matcha latte but 4⭐️ only for value of money.,Matcha
The Matcha Tokyo - Azuela High Street,7.1018229,125.6248087,5,"Stopped by during non peak hours. Wide variety of desserts. Matcha fix, check!",Matcha
The Matcha Tokyo - Azuela High Street,7.1018229,125.6248087,5,"If you love matcha, you will love this place!",Matcha
The Matcha Tokyo - Azuela High Street,7.1018229,125.6248087,3,"Lukewarm matcha latte and lukewarm hojicha latte. Barista offered to microwave my lattes,but they dont have ceramic cups to pour the lukewarm drinks which expected to be Hot.",Matcha
The Matcha Tokyo - Azuela High Street,7.1018229,125.6248087,5,"I really love matcha. So, this is the perfect spot to stay! 💚 …",Matcha
The Matcha Tokyo - Azuela High Street,7.1018229,125.6248087,5,I love their spanish matcha latte and soft serve.,Matcha
The Matcha Tokyo - Azuela High Street,7.1018229,125.6248087,4,"We ordered the regular matcha latte and the Spanish matcha latte. Unfortunately, they didn't have an oat milk option available, so we had to go with almond milk instead — and honestly, it did affect the overall taste of the matcha. On a …",Matcha
The Matcha Tokyo - Azuela High Street,7.1018229,125.6248087,5,Their matcha is good. Quality is same as what I have tasted abroad. Very good.,Matcha
The Matcha Tokyo - Azuela High Street,7.1018229,125.6248087,5,Delicious ice cream and matchaaa love it,Matcha
The Matcha Tokyo - Azuela High Street,7.1018229,125.6248087,5,ordered the iced ube matcha latte and it's definitely one of best dessert matchas i've ever tried,Matcha
The Matcha Tokyo - Azuela High Street,7.1018229,125.6248087,5,Very nice cafe ambiance and yummy matcha!! 💚💚 …,Matcha
The Matcha Tokyo - Azuela High Street,7.1018229,125.6248087,4,Good and quality matcha and now served with foods,Matcha
The Matcha Tokyo - Azuela High Street,7.1018229,125.6248087,5,Good and quality matcha and with food now,Matcha
The Matcha Tokyo - Azuela High Street,7.1018229,125.6248087,5,Yummy and perfect for matcha lovers,Matcha
The Matcha Tokyo - Azuela High Street,7.1018229,125.6248087,4,"Healthy Options, For matcha lovers",Matcha
The Matcha Tokyo - Azuela High Street,7.1018229,125.6248087,5,The best matcha!,Matcha
The Matcha Tokyo - Azuela High Street,7.1018229,125.6248087,5,"Quality matcha, friendly staff. It was a little busy when we went, but the vibe was still good.",Matcha
The Matcha Tokyo - Azuela High Street,7.1018229,125.6248087,5,Love the matcha here. I was looking forward for the soft serve with mochi and I really love it :),Matcha
The Matcha Tokyo - Azuela High Street,7.1018229,125.6248087,5,This place is a vibe. Love the matcha,Matcha
The Matcha Tokyo - Azuela High Street,7.1018229,125.6248087,5,"If you love matcha, you will love this place!",Matcha
The Matcha Tokyo - Azuela High Street,7.1018229,125.6248087,5,"I really love matcha. So, this is the perfect spot to stay! 💚",Matcha
The Matcha Tokyo - Azuela High Street,7.1018229,125.6248087,5,I love their spanish matcha latte and soft serve.,Matcha
The Matcha Tokyo - Azuela High Street,7.1018229,125.6248087,5,Delicious ice cream and matchaaa love it,Matcha
The Matcha Tokyo - Azuela High Street,7.1018229,125.6248087,5,Very nice cafe ambiance and yummy matcha!! 💚💚,Matcha
The Matcha Tokyo - Azuela High Street,7.1018229,125.6248087,4,Good and quality matcha and now served with foods,Matcha
The Matcha Tokyo - Azuela High Street,7.1018229,125.6248087,5,Good and quality matcha and with food now,Matcha
The Matcha Tokyo - Azuela High Street,7.1018229,125.6248087,5,Yummy and perfect for matcha lovers,Matcha
The Matcha Tokyo - Azuela High Street,7.1018229,125.6248087,4,"Healthy Options, For matcha lovers",Matcha
The Matcha Tokyo - Azuela High Street,7.1018229,125.6248087,5,The best matcha!,Matcha
The Matcha Tokyo - Azuela High Street,7.1018229,125.6248087,5,the matcha is so delicious and the place is so cozy!,Matcha
The Matcha Tokyo - Azuela High Street,7.1018229,125.6248087,5,"Perfect place, lots of choices for matcha and desserts. Perfect go to place after a good run",Matcha
The Matcha Tokyo - Azuela High Street,7.1018229,125.6248087,5,Authentic taste of matcha! 🤤😍 …,Matcha
The Matcha Tokyo - Azuela High Street,7.1018229,125.6248087,5,service was fast and their matcha is so good,Matcha
The Matcha Tokyo - Azuela High Street,7.1018229,125.6248087,5,The food and matcha are yummy,Matcha
The Matcha Tokyo - Azuela High Street,7.1018229,125.6248087,5,Favorite matcha drink and pastry,Matcha
The Matcha Tokyo - Azuela High Street,7.1018229,125.6248087,5,Relaxing and enjoying the place with my matcha,Matcha
The Matcha Tokyo - Azuela High Street,7.1018229,125.6248087,5,GOATED matcha spot 🤩🤩🤩 …,Matcha
The Matcha Tokyo - Azuela High Street,7.1018229,125.6248087,5,Live the foods and matcha,Matcha
The Matcha Tokyo - Azuela High Street,7.1018229,125.6248087,5,Perfect matcha!,Matcha
The Matcha Tokyo - Azuela High Street,7.1018229,125.6248087,4,"… and modern. The interiors are simple, with clean lines and a cozy vibe that makes you want to stay longer. The matcha latte was rich and smooth, not overly sweet, which I really liked. Their cheesecake was soft and creamy, with just the …",Matcha
The Matcha Tokyo - Azuela High Street,7.1018229,125.6248087,4,The atmosphere was a vibe and also the matcha,Matcha
The Matcha Tokyo - Azuela High Street,7.1018229,125.6248087,5,"very solid and very good output, matcha tastes great like the authentic matcha in japan. overall",Matcha
The Matcha Tokyo - Azuela High Street,7.1018229,125.6248087,5,"First time in The Matcha Tokyo! For sure coming back, the matcha is really good",Matcha
The Matcha Tokyo - Azuela High Street,7.1018229,125.6248087,5,the matcha and coffee was good!!,Matcha
The Matcha Tokyo - Azuela High Street,7.1018229,125.6248087,3,"Honest review It's just a little tasteless, Meh... there's too much milk in the matcha latte. The matcha is overpowered by the milk flavor... Then the matcha ube KY same, the …",Matcha
The Matcha Tokyo - Azuela High Street,7.1018229,125.6248087,5,the matcha is so delicious and the place is so cozy!,Matcha
The Matcha Tokyo - Azuela High Street,7.1018229,125.6248087,5,Authentic taste of matcha! 🤤😍,Matcha
The Matcha Tokyo - Azuela High Street,7.1018229,125.6248087,5,The food and matcha are yummy,Matcha
The Matcha Tokyo - Azuela High Street,7.1018229,125.6248087,5,Favorite matcha drink and pastry,Matcha
The Matcha Tokyo - Azuela High Street,7.1018229,125.6248087,5,GOATED matcha spot 🤩🤩🤩,Matcha
The Matcha Tokyo - Azuela High Street,7.1018229,125.6248087,5,Live the foods and matcha,Matcha
The Matcha Tokyo - Azuela High Street,7.1018229,125.6248087,5,Perfect matcha!,Matcha
The Matcha Tokyo - Azuela High Street,7.1018229,125.6248087,4,"When I visited The Matcha Tokyo, the place felt calm and modern. The interiors are simple, with clean lines and a cozy vibe that makes you want to stay longer. The matcha latte was rich and smooth, not overly sweet, which I really liked. Their cheesecake was soft and creamy, with just the right balance of matcha flavor. The staff were polite and served quickly. Prices are a bit higher compared to regular cafés, but the quality of the matcha makes it worth it. It's a nice spot to relax, study, or catch up with friends while enjoying authentic Japanese flavors.",Matcha
The Matcha Tokyo - Azuela High Street,7.1018229,125.6248087,4,The atmosphere was a vibe and also the matcha,Matcha
The Matcha Tokyo - Azuela High Street,7.1018229,125.6248087,5,the matcha and coffee was good!!,Matcha
The Matcha Tokyo - SM Davao,7.0571137,125.5612475,3,For me: totally overpriced. Served in a lot of waste - even on dine in. Picture of food has nothing in common with the serving. Very friendly staff. …,Matcha
The Matcha Tokyo - SM Davao,7.0571137,125.5612475,5,Was able to try this branch of Matcha Tokyo here at SM City Davao. Their place is smaller compared to the Azuela branch. It is also simplier when it comes to interior and aesthetics. Staff was welcoming and attentive. I ordered their …,Matcha
The Matcha Tokyo - SM Davao,7.0571137,125.5612475,5,matcha drinks/dessert are always good. staff are accommodating and suggests you options. place is not crowded during non peak hours. clean and well-maintained.,Matcha
The Matcha Tokyo - SM Davao,7.0571137,125.5612475,4,"Their matcha tastes great but quite expensive compared to other cafe you could drink matcha from, otherwise it's good. They also whisk their matcha. However, they only have limited seats and space. Would love to try their matcha ice cream next time.",Matcha
The Matcha Tokyo - SM Davao,7.0571137,125.5612475,5,I'm not really a huge fan of matcha but it's so good! Especially their mochi matcha ice cream. Definitely recommended!,Matcha
The Matcha Tokyo - SM Davao,7.0571137,125.5612475,5,"I've ordered matcha twice here and it's always been good quality. I prefer a hotter green tea, but they advised against it to preserve the taste. They clearly know their matcha well. Overall, I'm happy with my experience.",Matcha
The Matcha Tokyo - SM Davao,7.0571137,125.5612475,4,"Despite my choice of drink is not available, they gave me other options which is also good and delicious.",Matcha
The Matcha Tokyo - SM Davao,7.0571137,125.5612475,5,Visited Matcha Tokyo SM Ecoland while doing our Christmad shopping. The matcha lovers in the family made sure we tried this particular branch in Davao. The shop is within the new chic annex of the mall. …,Matcha
The Matcha Tokyo - SM Davao,7.0571137,125.5612475,5,Very clean and great relaxing atmosphere. Love their matcha drinks and pastries.,Matcha
The Matcha Tokyo - SM Davao,7.0571137,125.5612475,5,"Loved my first visit to THE MATCHA TOKYO! Excellent matcha latte, tasty cheesecake, and a beautiful minimalist vibe. The perfect spot to relax.",Matcha
The Matcha Tokyo - SM Davao,7.0571137,125.5612475,5,The matcha were super great and premium. The staff were all smile and thoughtful. All the best,Matcha
The Matcha Tokyo - SM Davao,7.0571137,125.5612475,5,"Nice Place, Good Service, I Loved the coffee.",Matcha
The Matcha Tokyo - SM Davao,7.0571137,125.5612475,3,"I love the Matcha drinks and soft serve ice cream. However, service was not impressive. Seems like the cashier or the order taker was very tired. Not smiling and not waiting on customers orders. She does not seem fit to work at the front line.",Matcha
The Matcha Tokyo - SM Davao,7.0571137,125.5612475,5,One of our go to matcha cafe in mnl is now in dvo. The matcha tastes impeccable and the staff are friendly and quick.,Matcha
The Matcha Tokyo - SM Davao,7.0571137,125.5612475,5,"Staff here is friendly. Their matcha products are good, not too sweet and not too bitter. Big fan of their soft serve.",Matcha
The Matcha Tokyo - SM Davao,7.0571137,125.5612475,5,"Finally tried Matcha Tokyo— got the Matcha Frozen Latte for me, and Spanish Latte for the wifey! 🌟 …",Matcha
The Matcha Tokyo - SM Davao,7.0571137,125.5612475,5,"Came during their soft opening and I am impressed with the food and service. I ordered the sea salt matcha latte and mochi soft serve and I liked both, the matcha flavor is very strong, I was especially surprised with the matcha kick of the …",Matcha
The Matcha Tokyo - SM Davao,7.0571137,125.5612475,4,"The Matcha Tokyo SM Davao is currently on soft opening, so service, especially at the cashier, was a bit slow. Still, I have to commend the cashier for staying calm and pleasant throughout. …",Matcha
The Matcha Tokyo - SM Davao,7.0571137,125.5612475,5,Loveeeee Ittttt!!! Good Matcha & Hokkaido Soft Serve & everything is gooood 🫶🫶🫶🫶🫶 Guys don't forget to drop byyyy!!! …,Matcha
The Matcha Tokyo - SM Davao,7.0571137,125.5612475,5,"Food, Service, & the atmosphere are great! Would like to come back💚🤍 Also love the aesthetic vibes …",Matcha
The Matcha Tokyo - SM Davao,7.0571137,125.5612475,5,"The matcha ice cream was delicious—you can really taste the matcha, they definitely used premium quality. Plus points because it's pet friendly. I also really liked the macarons; they were so good and soft. It was worth the price. Sayang lang we didn't get to try the matcha drinks because they weren't available at that time.",Matcha
The Matcha Tokyo - SM Davao,7.0571137,125.5612475,5,"The vanilla ice cream was really good, and the matcha salted latte didn't disappoint either. The staff were polite and accommodating, and the place had exactly the kind of vibe you'd expect from Matcha Tokyo.",Matcha
The Matcha Tokyo - SM Davao,7.0571137,125.5612475,5,"Love the aesthetic and how clean the space is! I'm usually not a matcha person, but this is the only one I'll actually drink. Great atmosphere and even better service.",Matcha
The Matcha Tokyo - SM Davao,7.0571137,125.5612475,5,Subtle at first. But when you savour it has that kick. Great atmosphere. Very accommodating to the seniors. …,Matcha
The Matcha Tokyo - SM Davao,7.0571137,125.5612475,5,good matcha + good company 💯 …,Matcha
The Matcha Tokyo - SM Davao,7.0571137,125.5612475,5,Great drinks! One thing I also love is their Matcha Pecan Ice Cream cups.,Matcha
The Matcha Tokyo - SM Davao,7.0571137,125.5612475,5,Mochi Hokkaido and Special Hokkaido Ice Cream are divine. The BURNT CHEESECAKE though...IT'S LEFT BREATHLESS!!,Matcha
The Matcha Tokyo - SM Davao,7.0571137,125.5612475,5,"First time to try seasalt cream matcha here in l ""the matcha tokyo"" (in their pop up)and it didn't disappoint me. It was smooth and creamy at same time you can still taste the matcha. Staff was very accommodating and helpful. Matcha approved!. ❤️👍 …",Matcha
The Matcha Tokyo - SM Davao,7.0571137,125.5612475,5,Another matcha place in Davao. 😋 …,Matcha
The Matcha Tokyo - SM Davao,7.0571137,125.5612475,5,Best matcha in the city 🫶🏻 …,Matcha
The Matcha Tokyo - SM Davao,7.0571137,125.5612475,5,The staff were very nice and the drinks are worth more than its price! will definitely go again,Matcha
The Matcha Tokyo - SM Davao,7.0571137,125.5612475,5,The place is so amazing and the staffs are friendly and great!,Matcha
The Matcha Tokyo - SM Davao,7.0571137,125.5612475,5,i love the matcha banana smoothie!!!!! 💗 the place is very cozy and aesthetic …,Matcha
The Matcha Tokyo - SM Davao,7.0571137,125.5612475,2,"Hi! I'm a suki at a Japanese-owned matcha house near SM, and I order there around 5x a week 😅 (not to mention I've also been to Japan), so I kinda know what good matcha should taste like. …",Matcha
The Matcha Tokyo - SM Davao,7.0571137,125.5612475,5,Spanish Latte and the Kinoki Warabi Mochi is so yummy! 😊🤍 nice place to chill din. …,Matcha
The Matcha Tokyo - SM Davao,7.0571137,125.5612475,5,Place is clean and staff are pleasant,Matcha
The Matcha Tokyo - SM Davao,7.0571137,125.5612475,5,Its so good,Matcha
The Matcha Tokyo - SM Davao,7.0571137,125.5612475,5,Ambiance is good! They gave me a free sticker as well,Matcha
The Matcha Tokyo - SM Davao,7.0571137,125.5612475,5,Not Too Sweet But It is so creamy 😋🤤 …,Matcha
The Matcha Tokyo - SM Davao,7.0571137,125.5612475,5,Food is delicious (mochi) and the place is cozy,Matcha
The Matcha Tokyo - SM Davao,7.0571137,125.5612475,5,"love the drinks, love the vibes, love the service!",Matcha
The Matcha Tokyo - SM Davao,7.0571137,125.5612475,5,"Ordered Matcha latte 230 pesos, milk substitute oatmilk 50 pesos :)",Matcha
The Matcha Tokyo - SM Davao,7.0571137,125.5612475,5,Good food and good place! Perfect place for my wife and I!,Matcha
The Matcha Tokyo - SM Davao,7.0571137,125.5612475,5,their staff was so friendly and accommodating and I liked their matcha ice cream! 💚🫶🏻 …,Matcha
The Matcha Tokyo - SM Davao,7.0571137,125.5612475,5,Highly recommended Will buy again,Matcha
The Matcha Tokyo - SM Davao,7.0571137,125.5612475,5,So good! :) legit matcha!!!,Matcha
The Matcha Tokyo - SM Davao,7.0571137,125.5612475,5,Its giving aesthetic ✨🤌🏻 …,Matcha
The Matcha Tokyo - SM Davao,7.0571137,125.5612475,5,"very kind and accommodating staff, thank you for making our experience very nice!",Matcha
The Matcha Tokyo - SM Davao,7.0571137,125.5612475,5,Authentic matcha. Very yummy,Matcha
The Matcha Tokyo - SM Davao,7.0571137,125.5612475,5,Good food. Excellent service.,Matcha
The Matcha Tokyo - SM Davao,7.0571137,125.5612475,5,"Nice Place, Good Service, I Loved the coffee.",Matcha
The Matcha Tokyo - SM Davao,7.0571137,125.5612475,5,good matcha + good company 💯,Matcha
The Matcha Tokyo - SM Davao,7.0571137,125.5612475,5,Another matcha place in Davao. 😋,Matcha
The Matcha Tokyo - SM Davao,7.0571137,125.5612475,5,i love the matcha banana smoothie!!!!! 💗 the place is very cozy and aesthetic,Matcha
The Matcha Tokyo - SM Davao,7.0571137,125.5612475,5,Place is clean and staff are pleasant,Matcha
The Matcha Tokyo - SM Davao,7.0571137,125.5612475,5,Its so good,Matcha
The Matcha Tokyo - SM Davao,7.0571137,125.5612475,5,Not Too Sweet But It is so creamy 😋🤤,Matcha
The Matcha Tokyo - SM Davao,7.0571137,125.5612475,5,Food is delicious (mochi) and the place is cozy,Matcha
The Matcha Tokyo - SM Davao,7.0571137,125.5612475,5,"love the drinks, love the vibes, love the service!",Matcha
The Matcha Tokyo - SM Davao,7.0571137,125.5612475,5,Good food and good place! Perfect place for my wife and I!,Matcha
The Matcha Tokyo - SM Davao,7.0571137,125.5612475,5,Highly recommended Will buy again,Matcha
The Matcha Tokyo - SM Davao,7.0571137,125.5612475,5,So good! :) legit matcha!!!,Matcha
The Matcha Tokyo - SM Davao,7.0571137,125.5612475,5,Its giving aesthetic ✨🤌🏻,Matcha
The Matcha Tokyo - SM Davao,7.0571137,125.5612475,5,Authentic matcha. Very yummy,Matcha
The Matcha Tokyo - SM Davao,7.0571137,125.5612475,5,Good food. Excellent service.,Matcha
The Matcha Tokyo - SM Davao,7.0571137,125.5612475,5,very good i love matcha,Matcha
The Matcha Tokyo - SM Davao,7.0571137,125.5612475,5,Clean place! Well organized and friendly!,Matcha
The Matcha Tokyo - SM Davao,7.0571137,125.5612475,5,the coffee and matcha were so good !,Matcha
The Matcha Tokyo - SM Davao,7.0571137,125.5612475,4,I like the matcha salted cream latte,Matcha
The Matcha Tokyo - SM Davao,7.0571137,125.5612475,5,Quick service and great ambience 🍵 love the soft serve! 🍦 …,Matcha
The Matcha Tokyo - SM Davao,7.0571137,125.5612475,5,I loved my visit to The Matcha Tokyo at SM Davao. The staff was welcoming and attentive. The matcha drinks are authentic and refreshing—highly recommend!,Matcha
The Matcha Tokyo - SM Davao,7.0571137,125.5612475,5,The beans they use are literally amazing!,Matcha
The Matcha Tokyo - SM Davao,7.0571137,125.5612475,5,We love the ice cream!!,Matcha
The Matcha Tokyo - SM Davao,7.0571137,125.5612475,5,Matcha Banana Smoothie is so good,Matcha
The Matcha Tokyo - SM Davao,7.0571137,125.5612475,5,Delicious matcha place 😋 …,Matcha
The Matcha Tokyo - SM Davao,7.0571137,125.5612475,5,So happy that they opened here in SM Davao City! Their matcha is the best so far! Staff are also v friendly 💚💚 …,Matcha
The Matcha Tokyo - SM Davao,7.0571137,125.5612475,5,this is so goooof,Matcha
The Matcha Tokyo - SM Davao,7.0571137,125.5612475,5,the service and drink is so good,Matcha
The Matcha Tokyo - SM Davao,7.0571137,125.5612475,5,best matcha ever,Matcha
The Matcha Tokyo - SM Davao,7.0571137,125.5612475,5,got the iced cafe latte and it was good!,Matcha
The Matcha Tokyo - SM Davao,7.0571137,125.5612475,5,Love the match salted caramel,Matcha
The Matcha Tokyo - SM Davao,7.0571137,125.5612475,5,I love the ambiance and the authenticity of the matcha,Matcha
The Matcha Tokyo - SM Davao,7.0571137,125.5612475,5,Love we have a nearer branch to our place and the staff are so nice even on opening day.,Matcha
The Matcha Tokyo - SM Davao,7.0571137,125.5612475,4,Very good service and foods,Matcha
The Matcha Tokyo - SM Davao,7.0571137,125.5612475,5,very good matcha and nice interior,Matcha
The Matcha Tokyo - SM Davao,7.0571137,125.5612475,5,"I absolutely love Matcha Tokyo, SM Ecoland branch. Their service is fast, and the baristas are super friendly and welcoming. they really make the experience even better. The whole aesthetic of the place totally matches my vibe. calm, …",Matcha
The Matcha Tokyo - SM Davao,7.0571137,125.5612475,5,Love the matcha ice cream and very aesthetic place 😍 …,Matcha
The Matcha Tokyo - SM Davao,7.0571137,125.5612475,5,Neil is amazing. He provides great service and great matcha,Matcha
The Matcha Tokyo - SM Davao,7.0571137,125.5612475,5,Not crowded,Matcha
The Matcha Tokyo - SM Davao,7.0571137,125.5612475,5,Matcha is addicting! Nice place as well,Matcha
The Matcha Tokyo - SM Davao,7.0571137,125.5612475,5,Workers are very kind and the food is yummy,Matcha
The Matcha Tokyo - SM Davao,7.0571137,125.5612475,1,"the sandwich bread is to long toasted. the mayonaise is not from japan. the smoked salmon is nahhh, AND SO SMALL. AND FOR THAT PRICE?",Matcha
The Matcha Tokyo - SM Davao,7.0571137,125.5612475,5,best matcha in davao :),Matcha
The Matcha Tokyo - SM Davao,7.0571137,125.5612475,4,Yummy matcha! :),Matcha
The Matcha Tokyo - SM Davao,7.0571137,125.5612475,5,Great drinks foods and service,Matcha
The Matcha Tokyo - SM Davao,7.0571137,125.5612475,5,The food was good. Nice service,Matcha
The Matcha Tokyo - SM Davao,7.0571137,125.5612475,5,Nice yummy,Matcha
The Matcha Tokyo - SM Davao,7.0571137,125.5612475,5,loved the matcha here 🫶🏻🍵 …,Matcha
The Matcha Tokyo - SM Davao,7.0571137,125.5612475,5,My go to matcha!,Matcha
The Matcha Tokyo - SM Davao,7.0571137,125.5612475,5,love the matcha salted cream,Matcha
The Matcha Tokyo - SM Davao,7.0571137,125.5612475,5,Love the matcha ice cream,Matcha
The Matcha Tokyo - SM Davao,7.0571137,125.5612475,5,Love the drinks!,Matcha
The Matcha Tokyo - SM Davao,7.0571137,125.5612475,5,so good,Matcha
The Matcha Tokyo - SM Davao,7.0571137,125.5612475,5,Nice service,Matcha
The Matcha Tokyo - SM Davao,7.0571137,125.5612475,5,Love the Matcha!!,Matcha
The Matcha Tokyo - SM Davao,7.0571137,125.5612475,5,very good i love matcha,Matcha
The Matcha Tokyo - SM Davao,7.0571137,125.5612475,5,Clean place! Well organized and friendly!,Matcha
The Matcha Tokyo - SM Davao,7.0571137,125.5612475,5,the coffee and matcha were so good !,Matcha
The Matcha Tokyo - SM Davao,7.0571137,125.5612475,4,I like the matcha salted cream latte,Matcha
The Matcha Tokyo - SM Davao,7.0571137,125.5612475,5,Quick service and great ambience 🍵 love the soft serve! 🍦,Matcha
The Matcha Tokyo - SM Davao,7.0571137,125.5612475,5,Delicious matcha place 😋,Matcha
The Matcha Tokyo - SM Davao,7.0571137,125.5612475,5,this is so goooof,Matcha
The Matcha Tokyo - SM Davao,7.0571137,125.5612475,5,the service and drink is so good,Matcha
The Matcha Tokyo - SM Davao,7.0571137,125.5612475,5,best matcha ever,Matcha
The Matcha Tokyo - SM Davao,7.0571137,125.5612475,5,got the iced cafe latte and it was good!,Matcha
The Matcha Tokyo - SM Davao,7.0571137,125.5612475,5,Love the match salted caramel,Matcha
The Matcha Tokyo - SM Davao,7.0571137,125.5612475,5,I love the ambiance and the authenticity of the matcha,Matcha
The Matcha Tokyo - SM Davao,7.0571137,125.5612475,5,very good matcha and nice interior,Matcha
The Matcha Tokyo - SM Davao,7.0571137,125.5612475,5,Love the matcha ice cream and very aesthetic place 😍,Matcha
The Matcha Tokyo - SM Davao,7.0571137,125.5612475,5,Neil is amazing. He provides great service and great matcha,Matcha
The Matcha Tokyo - SM Davao,7.0571137,125.5612475,5,Not crowded,Matcha
The Matcha Tokyo - SM Davao,7.0571137,125.5612475,5,Matcha is addicting! Nice place as well,Matcha
The Matcha Tokyo - SM Davao,7.0571137,125.5612475,5,Workers are very kind and the food is yummy,Matcha
The Matcha Tokyo - SM Davao,7.0571137,125.5612475,5,best matcha in davao :),Matcha
The Matcha Tokyo - SM Davao,7.0571137,125.5612475,4,Yummy matcha! :),Matcha
The Matcha Tokyo - SM Davao,7.0571137,125.5612475,5,Great drinks foods and service,Matcha
The Matcha Tokyo - SM Davao,7.0571137,125.5612475,5,The food was good. Nice service,Matcha
The Matcha Tokyo - SM Davao,7.0571137,125.5612475,5,Nice yummy,Matcha
The Matcha Tokyo - SM Davao,7.0571137,125.5612475,5,loved the matcha here 🫶🏻🍵,Matcha
The Matcha Tokyo - SM Davao,7.0571137,125.5612475,5,My go to matcha!,Matcha
The Matcha Tokyo - SM Davao,7.0571137,125.5612475,5,love the matcha salted cream,Matcha
The Matcha Tokyo - SM Davao,7.0571137,125.5612475,5,Love the matcha ice cream,Matcha
The Matcha Tokyo - SM Davao,7.0571137,125.5612475,5,so good,Matcha
The Matcha Tokyo - SM Davao,7.0571137,125.5612475,5,Nice service,Matcha
The Matcha Tokyo - SM Davao,7.0571137,125.5612475,5,Love the Matcha!!,Matcha
The Matcha Tokyo - SM Davao,7.0571137,125.5612475,4,Nice matcha,Matcha
The Matcha Tokyo - SM Davao,7.0571137,125.5612475,5,100% love it!,Matcha
The Matcha Tokyo - SM Davao,7.0571137,125.5612475,5,great food and service!,Matcha
The Matcha Tokyo - SM Davao,7.0571137,125.5612475,5,Matcha's really good!,Matcha
The Matcha Tokyo - SM Davao,7.0571137,125.5612475,5,soooo niceeee,Matcha
The Matcha Tokyo - SM Davao,7.0571137,125.5612475,5,Very super B,Matcha
The Matcha Tokyo - SM Davao,7.0571137,125.5612475,5,matcha frozen float is superb!!,Matcha
The Matcha Tokyo - SM Davao,7.0571137,125.5612475,5,Good food and place.,Matcha
The Matcha Tokyo - SM Davao,7.0571137,125.5612475,5,Lerv it! True Matcha! 💚🌱 …,Matcha
The Matcha Tokyo - SM Davao,7.0571137,125.5612475,5,I like the ambience of the place,Matcha
The Matcha Tokyo - SM Davao,7.0571137,125.5612475,5,Very good,Matcha
The Matcha Tokyo - SM Davao,7.0571137,125.5612475,5,Perfect experience,Matcha
The Matcha Tokyo - SM Davao,7.0571137,125.5612475,5,❤️❤️❤️,Matcha
The Matcha Tokyo - SM Davao,7.0571137,125.5612475,5,:3,Matcha
The Matcha Tokyo - SM Davao,7.0571137,125.5612475,5,Chill environment,Matcha
The Matcha Tokyo - SM Davao,7.0571137,125.5612475,5,💚💚💚 …,Matcha
The Matcha Tokyo - SM Davao,7.0571137,125.5612475,5,Recommended,Matcha
The Matcha Tokyo - SM Davao,7.0571137,125.5612475,5,"The food here is great, especially the carbonara and panini.",Matcha
The Matcha Tokyo - SM Davao,7.0571137,125.5612475,5,One of my fave spots for a matcha run when I'm at the mall! Miso Carbonara is also good,Matcha
The Matcha Tokyo - SM Davao,7.0571137,125.5612475,5,"I only got the warabi matcha latte to treat myself, and it was rlly good. The warabi mochs were soft and sweet and the matcha was just right. Great atmosphere and service too :))",Matcha
The Matcha Tokyo - SM Davao,7.0571137,125.5612475,5,this is my first in THE MATCHA TOKYO and i have i tried their hojicha latte and the kinako mochi... overall the experience is not too loud and they use traditional method in making hojicha... would come back next visit,Matcha
The Matcha Tokyo - SM Davao,7.0571137,125.5612475,5,The place is giving tokyo drift vibe char! Haha kidding … been to many cafes that serve matcha and this here in THE MATCHA TOKYO hits differently like real authentic matcha tlga as in hindi chararat 39 matcha simbako! worth the money! the …,Matcha
The Matcha Tokyo - SM Davao,7.0571137,125.5612475,5,Super legit!!! Super love it ❤️💚💚 …,Matcha
The Matcha Tokyo - SM Davao,7.0571137,125.5612475,5,The salted cream latte is delicious. Worth it.,Matcha
The Matcha Tokyo - SM Davao,7.0571137,125.5612475,4,"I'm a star, a star, Megan",Matcha
The Matcha Tokyo - SM Davao,7.0571137,125.5612475,3,,Matcha
The Matcha Tokyo - SM Davao,7.0571137,125.5612475,5,Very tasty!,Matcha
The Matcha Tokyo - SM Davao,7.0571137,125.5612475,4,,Matcha
The Matcha Tokyo - SM Davao,7.0571137,125.5612475,5,,Matcha
The Matcha Tokyo - SM Davao,7.0571137,125.5612475,5,,Matcha
The Matcha Tokyo - SM Davao,7.0571137,125.5612475,4,,Matcha
The Matcha Tokyo - SM Davao,7.0571137,125.5612475,5,,Matcha
The Matcha Tokyo - SM Davao,7.0571137,125.5612475,5,,Matcha
The Matcha Tokyo - SM Davao,7.0571137,125.5612475,4,,Matcha
The Matcha Tokyo - SM Davao,7.0571137,125.5612475,5,,Matcha
The Matcha Tokyo - SM Davao,7.0571137,125.5612475,5,,Matcha
The Matcha Tokyo - SM Davao,7.0571137,125.5612475,4,,Matcha
The Matcha Tokyo - SM Davao,7.0571137,125.5612475,5,,Matcha
The Matcha Tokyo - SM Davao,7.0571137,125.5612475,5,,Matcha
The Matcha Tokyo - SM Davao,7.0571137,125.5612475,5,,Matcha
The Matcha Tokyo - SM Davao,7.0571137,125.5612475,4,Nice matcha,Matcha
The Matcha Tokyo - SM Davao,7.0571137,125.5612475,5,100% love it!,Matcha
The Matcha Tokyo - SM Davao,7.0571137,125.5612475,5,great food and service!,Matcha
The Matcha Tokyo - SM Davao,7.0571137,125.5612475,5,Matcha's really good!,Matcha
The Matcha Tokyo - SM Davao,7.0571137,125.5612475,5,soooo niceeee,Matcha
The Matcha Tokyo - SM Davao,7.0571137,125.5612475,5,Very super B,Matcha
The Matcha Tokyo - SM Davao,7.0571137,125.5612475,5,matcha frozen float is superb!!,Matcha
The Matcha Tokyo - SM Davao,7.0571137,125.5612475,5,Lerv it! True Matcha! 💚🌱,Matcha
The Matcha Tokyo - SM Davao,7.0571137,125.5612475,5,I like the ambience of the place,Matcha
The Matcha Tokyo - SM Davao,7.0571137,125.5612475,5,Perfect experience,Matcha
The Matcha Tokyo - SM Davao,7.0571137,125.5612475,5,❤️❤️❤️,Matcha
The Matcha Tokyo - SM Davao,7.0571137,125.5612475,5,:3,Matcha
The Matcha Tokyo - SM Davao,7.0571137,125.5612475,5,Chill environment,Matcha
The Matcha Tokyo - SM Davao,7.0571137,125.5612475,5,💚💚💚,Matcha
The Matcha Tokyo - SM Davao,7.0571137,125.5612475,5,Recommended,Matcha
The Matcha Tokyo - SM Davao,7.0571137,125.5612475,4,"I'm a star, a star, Megan",Matcha
The Matcha Tokyo - SM Davao,7.0571137,125.5612475,3,,Matcha
The Matcha Tokyo - SM Davao,7.0571137,125.5612475,5,Very tasty!,Matcha
The Matcha Tokyo - SM Davao,7.0571137,125.5612475,5,,Matcha
The Matcha Tokyo - SM Davao,7.0571137,125.5612475,5,,Matcha
The Matcha Tokyo - SM Davao,7.0571137,125.5612475,4,,Matcha
The Matcha Tokyo - SM Davao,7.0571137,125.5612475,5,,Matcha
The Matcha Tokyo - SM Davao,7.0571137,125.5612475,5,,Matcha
The Matcha Tokyo - SM Davao,7.0571137,125.5612475,4,,Matcha
The Matcha Tokyo - SM Davao,7.0571137,125.5612475,5,,Matcha
The Matcha Tokyo - SM Davao,7.0571137,125.5612475,5,,Matcha
The Matcha Tokyo - SM Davao,7.0571137,125.5612475,4,,Matcha
The Matcha Tokyo - SM Davao,7.0571137,125.5612475,5,,Matcha
The Matcha Tokyo - SM Davao,7.0571137,125.5612475,5,,Matcha
The Matcha Tokyo - SM Davao,7.0571137,125.5612475,5,,Matcha
The Matcha Tokyo - SM Davao,7.0571137,125.5612475,5,,Matcha
The Matcha Tokyo - SM Davao,7.0571137,125.5612475,5,,Matcha
The Matcha Tokyo - SM Davao,7.0571137,125.5612475,5,,Matcha
The Matcha Tokyo - SM Davao,7.0571137,125.5612475,5,,Matcha
The Matcha Tokyo - SM Davao,7.0571137,125.5612475,5,,Matcha
The Matcha Tokyo - SM Davao,7.0571137,125.5612475,5,,Matcha
The Matcha Tokyo - SM Davao,7.0571137,125.5612475,5,,Matcha
The Matcha Tokyo - SM Davao,7.0571137,125.5612475,5,,Matcha
The Matcha Tokyo - SM Davao,7.0571137,125.5612475,5,,Matcha
The Matcha Tokyo - SM Davao,7.0571137,125.5612475,4,,Matcha
The Matcha Tokyo - SM Davao,7.0571137,125.5612475,5,,Matcha
The Matcha Tokyo - SM Davao,7.0571137,125.5612475,5,,Matcha
The Matcha Tokyo - SM Davao,7.0571137,125.5612475,5,,Matcha
The Matcha Tokyo - SM Davao,7.0571137,125.5612475,4,,Matcha
The Matcha Tokyo - SM Davao,7.0571137,125.5612475,5,,Matcha
The Matcha Tokyo - SM Davao,7.0571137,125.5612475,5,,Matcha
The Matcha Tokyo - SM Davao,7.0571137,125.5612475,5,,Matcha
The Matcha Tokyo - SM Davao,7.0571137,125.5612475,5,,Matcha
The Matcha Tokyo - SM Davao,7.0571137,125.5612475,5,,Matcha
The Matcha Tokyo - SM Davao,7.0571137,125.5612475,5,,Matcha
The Matcha Tokyo - SM Davao,7.0571137,125.5612475,5,,Matcha
The Matcha Tokyo - SM Davao,7.0571137,125.5612475,5,,Matcha
The Matcha Tokyo - SM Davao,7.0571137,125.5612475,5,,Matcha
The Matcha Tokyo - SM Davao,7.0571137,125.5612475,5,,Matcha
The Matcha Tokyo - SM Davao,7.0571137,125.5612475,5,,Matcha
The Matcha Tokyo - SM Davao,7.0571137,125.5612475,5,,Matcha
The Matcha Tokyo - SM Davao,7.0571137,125.5612475,5,,Matcha
The Matcha Tokyo - SM Davao,7.0571137,125.5612475,5,,Matcha
The Matcha Tokyo - SM Davao,7.0571137,125.5612475,5,,Matcha
The Matcha Tokyo - SM Davao,7.0571137,125.5612475,4,,Matcha
The Matcha Tokyo - SM Davao,7.0571137,125.5612475,5,,Matcha
The Matcha Tokyo - SM Davao,7.0571137,125.5612475,5,,Matcha
The Matcha Tokyo - SM Davao,7.0571137,125.5612475,5,,Matcha
The Matcha Tokyo - SM Davao,7.0571137,125.5612475,4,,Matcha
The Matcha Tokyo - SM Davao,7.0571137,125.5612475,5,,Matcha
The Matcha Tokyo - SM Davao,7.0571137,125.5612475,5,,Matcha
The Matcha Tokyo - SM Davao,7.0571137,125.5612475,5,,Matcha
The Matcha Tokyo - SM Davao,7.0571137,125.5612475,5,,Matcha
The Matcha Tokyo - SM Davao,7.0571137,125.5612475,5,,Matcha
The Matcha Tokyo - SM Davao,7.0571137,125.5612475,5,,Matcha
The Matcha Tokyo - SM Davao,7.0571137,125.5612475,5,,Matcha
The Matcha Tokyo - SM Davao,7.0571137,125.5612475,5,,Matcha
The Matcha Tokyo - SM Davao,7.0571137,125.5612475,5,,Matcha
The Matcha Tokyo - SM Davao,7.0571137,125.5612475,5,,Matcha
The Matcha Tokyo - SM Davao,7.0571137,125.5612475,5,,Matcha
The Matcha Tokyo - SM Davao,7.0571137,125.5612475,5,,Matcha
The Matcha Tokyo - SM Davao,7.0571137,125.5612475,5,,Matcha
The Matcha Tokyo - SM Davao,7.0571137,125.5612475,5,,Matcha
The Matcha Tokyo - SM Davao,7.0571137,125.5612475,4,,Matcha
The Matcha Tokyo - SM Davao,7.0571137,125.5612475,5,,Matcha
The Matcha Tokyo - SM Davao,7.0571137,125.5612475,5,,Matcha
The Matcha Tokyo - SM Davao,7.0571137,125.5612475,5,,Matcha
The Matcha Tokyo - SM Davao,7.0571137,125.5612475,5,,Matcha
The Matcha Tokyo - SM Davao,7.0571137,125.5612475,5,,Matcha
The Matcha Tokyo - SM Davao,7.0571137,125.5612475,5,,Matcha
The Matcha Tokyo - SM Davao,7.0571137,125.5612475,5,,Matcha
The Matcha Tokyo - SM Davao,7.0571137,125.5612475,5,,Matcha
The Matcha Tokyo - SM Davao,7.0571137,125.5612475,5,,Matcha
The Matcha Tokyo - SM Davao,7.0571137,125.5612475,5,,Matcha
The Matcha Tokyo - SM Davao,7.0571137,125.5612475,5,,Matcha
The Matcha Tokyo - SM Davao,7.0571137,125.5612475,5,,Matcha
The Matcha Tokyo - SM Davao,7.0571137,125.5612475,5,,Matcha
The Matcha Tokyo - SM Davao,7.0571137,125.5612475,5,,Matcha
The Matcha Tokyo - SM Davao,7.0571137,125.5612475,5,,Matcha
The Matcha Tokyo - SM Davao,7.0571137,125.5612475,5,,Matcha
The Matcha Tokyo - SM Davao,7.0571137,125.5612475,5,,Matcha
The Matcha Tokyo - SM Davao,7.0571137,125.5612475,4,,Matcha
The Matcha Tokyo - SM Davao,7.0571137,125.5612475,5,,Matcha
The Matcha Tokyo - SM Davao,7.0571137,125.5612475,5,,Matcha
The Matcha Tokyo - SM Davao,7.0571137,125.5612475,4,"The matcha flavor is very rich, and it doesn't feel watery or unpleasant even after the ice melts!",Matcha
The Matcha Tokyo - SM Davao,7.0571137,125.5612475,5,,Matcha
The Matcha Tokyo - SM Davao,7.0571137,125.5612475,5,,Matcha
The Matcha Tokyo - SM Davao,7.0571137,125.5612475,5,,Matcha
The Matcha Tokyo - SM Davao,7.0571137,125.5612475,5,,Matcha
The Matcha Tokyo - SM Davao,7.0571137,125.5612475,5,,Matcha
The Matcha Tokyo - SM Davao,7.0571137,125.5612475,5,,Matcha
The Matcha Tokyo - SM Davao,7.0571137,125.5612475,5,,Matcha
The Matcha Tokyo - SM Davao,7.0571137,125.5612475,5,,Matcha
The Matcha Tokyo - SM Davao,7.0571137,125.5612475,5,,Matcha
The Matcha Tokyo - SM Davao,7.0571137,125.5612475,5,,Matcha
The Matcha Tokyo - SM Davao,7.0571137,125.5612475,5,,Matcha
The Matcha Tokyo - SM Davao,7.0571137,125.5612475,5,,Matcha
The Matcha Tokyo - SM Davao,7.0571137,125.5612475,5,,Matcha
The Matcha Tokyo - SM Davao,7.0571137,125.5612475,5,,Matcha
The Matcha Tokyo - SM Davao,7.0571137,125.5612475,5,,Matcha
The Matcha Tokyo - SM Davao,7.0571137,125.5612475,5,,Matcha
The Matcha Tokyo - SM Davao,7.0571137,125.5612475,5,,Matcha
The Matcha Tokyo - SM Davao,7.0571137,125.5612475,5,,Matcha
The Matcha Tokyo - SM Davao,7.0571137,125.5612475,5,,Matcha
The Matcha Tokyo - SM Davao,7.0571137,125.5612475,4,,Matcha
The Matcha Tokyo - SM Davao,7.0571137,125.5612475,5,,Matcha
The Matcha Tokyo - SM Davao,7.0571137,125.5612475,5,,Matcha
The Matcha Tokyo - SM Davao,7.0571137,125.5612475,5,,Matcha
The Matcha Tokyo - SM Davao,7.0571137,125.5612475,5,,Matcha
The Matcha Tokyo - SM Davao,7.0571137,125.5612475,5,,Matcha
The Matcha Tokyo - SM Davao,7.0571137,125.5612475,5,,Matcha
The Matcha Tokyo - SM Davao,7.0571137,125.5612475,5,,Matcha
The Matcha Tokyo - SM Davao,7.0571137,125.5612475,5,,Matcha
The Matcha Tokyo - SM Davao,7.0571137,125.5612475,5,,Matcha
The Matcha Tokyo - SM Davao,7.0571137,125.5612475,5,,Matcha
The Matcha Tokyo - SM Davao,7.0571137,125.5612475,5,,Matcha
The Matcha Tokyo - SM Davao,7.0571137,125.5612475,5,,Matcha
The Matcha Tokyo - SM Davao,7.0571137,125.5612475,5,,Matcha
The Matcha Tokyo - SM Davao,7.0571137,125.5612475,5,,Matcha
The Matcha Tokyo - SM Davao,7.0571137,125.5612475,5,,Matcha
The Matcha Tokyo - SM Davao,7.0571137,125.5612475,5,,Matcha
The Matcha Tokyo - SM Davao,7.0571137,125.5612475,5,,Matcha
The Matcha Tokyo - SM Davao,7.0571137,125.5612475,4,,Matcha
The Matcha Tokyo - SM Davao,7.0571137,125.5612475,5,,Matcha
The Matcha Tokyo - SM Davao,7.0571137,125.5612475,5,,Matcha
The Matcha Tokyo - SM Davao,7.0571137,125.5612475,5,,Matcha
The Matcha Tokyo - SM Davao,7.0571137,125.5612475,5,,Matcha
The Matcha Tokyo - SM Davao,7.0571137,125.5612475,5,,Matcha
Twelve Coffee Davao - Ecoland,7.0573666,125.56099,5,"It's a really simple cafe compared to others. But the service, serving portions, drinks and food are great. It's hard to find a cafe that actually serves good food and coffee. I love their aglio e olio!",Matcha
Twelve Coffee Davao - Ecoland,7.0573666,125.56099,5,I am not a fan of matcha flavor but their signature matcha drink is quite good. It doesn't have a strong grassy-flavor like how I always remember matcha's taste is. …,Matcha
Twelve Coffee Davao - Ecoland,7.0573666,125.56099,5,"This is the BEST cafe for me. The price, portion sizes, service and taste. Ever since I tried their milkyway, pabalik balik nako diri. Daghan nako na try lain cafe, pero kani jud nag stand out. Simple lang ilang place, but cozy. Much better compared to other known cafe na super expensive.",Matcha
Twelve Coffee Davao - Ecoland,7.0573666,125.56099,4,"Was driving by Ecoland and right then and there I saw, stopped, jumped off to this newly-opened coffee place along Eagle Street. The Cold Durian Seasalt Latte which is a Kadayawan Featured drink came out just today…I was surprised by the …",Matcha
Twelve Coffee Davao - Ecoland,7.0573666,125.56099,5,"Glad to have another coffee shop around the area. So far I ordered a latte and it was pretty good. The place was nice, and the staff seemed friendly and acommodating. Would try their food next time :)",Matcha
Twelve Coffee Davao - Ecoland,7.0573666,125.56099,5,"From the first sip to the last drop, their coffee leaves me craving for more. Their brew has rich aroma, smooth flavor— my new favorite spot for sure! Each cup is crafted with care and it truly shows and I'd like to try other blend soon!",Matcha
Twelve Coffee Davao - Ecoland,7.0573666,125.56099,1,"It took almost 45 minutes to prepare two iced coffees and 1 grilled sandwich. I've been ordering consistently from Twelve Coffee via Grab without any issues, but going in-person is a whole different experience. …",Matcha
Twelve Coffee Davao - Ecoland,7.0573666,125.56099,4,just want to try it here. coffee just fine. place is a bit small. parking is limited. Plus point because they have wifi. strong one. 👏🏻👏🏻 …,Matcha
Twelve Coffee Davao - Ecoland,7.0573666,125.56099,4,"their matcha latte is just so-so. order it if you like your matcha ""too"" creamy. their drinks r affordable. also has wifi and service water",Matcha
Twelve Coffee Davao - Ecoland,7.0573666,125.56099,5,"Great choices of teas and coffees. Food were great, value for food is excellent",Matcha
Twelve Coffee Davao - Ecoland,7.0573666,125.56099,5,"helooooww~ ordered coffee and banana bread today via grab. coffee was really good. I liked that they followed my request to not make the coffee too sweet (i ordered tiramisu latte called pick me up) the coffee was very yummy! also, the …",Matcha
Twelve Coffee Davao - Ecoland,7.0573666,125.56099,2,The drink was just okay. The barista judged me based on my question. Just wanted to know if my drink would be too sweet or watery based on the ingredients. They could've answered me politely than smirking and answering my question na pina …,Matcha
Twelve Coffee Davao - Ecoland,7.0573666,125.56099,5,Our quick go to coffee fix! They also have wonderful food selection to go with your drinks! You can't go wrong with 12!,Matcha
Twelve Coffee Davao - Ecoland,7.0573666,125.56099,5,Best coffee i have tasted so far.. pati non-coffee!! Doesn't have that aftertaste because of too much sweetness,Matcha
Twelve Coffee Davao - Ecoland,7.0573666,125.56099,5,"Barcelona and Madrid are my favorite coffee drinks, so good!!!👌 …",Matcha
Twelve Coffee Davao - Ecoland,7.0573666,125.56099,4,Good Drinks especially Barcelona.,Matcha
Twelve Coffee Davao - Ecoland,7.0573666,125.56099,5,"Very nice coffee, cookies and atmosphere. Reasonable price. I recommend it",Matcha
Twelve Coffee Davao - Ecoland,7.0573666,125.56099,5,Grilled cheese sandwich is a must try!,Matcha
Twelve Coffee Davao - Ecoland,7.0573666,125.56099,1,1 order coffee for 30mins..,Matcha
Twelve Coffee Davao - Ecoland,7.0573666,125.56099,5,Delicious coffee and nice place,Matcha
Twelve Coffee Davao - Ecoland,7.0573666,125.56099,4,Good Drinks especially Barcelona.,Matcha
Twelve Coffee Davao - Ecoland,7.0573666,125.56099,5,Grilled cheese sandwich is a must try!,Matcha
Twelve Coffee Davao - Ecoland,7.0573666,125.56099,1,1 order coffee for 30mins..,Matcha
Twelve Coffee Davao - Ecoland,7.0573666,125.56099,5,Delicious coffee and nice place,Matcha
Twelve Coffee Davao - Ecoland,7.0573666,125.56099,5,Cozy place,Matcha
Twelve Coffee Davao - Ecoland,7.0573666,125.56099,1,"1 sip and now it's all ice, also ordered chicken with white sauce but super dry and no sauce really unlike before, it didn't even make up for my second order which was chicken parm",Matcha
Twelve Coffee Davao - Ecoland,7.0573666,125.56099,2,"Their matcha latte tastes like they're drinking milk and has a lot of sugar. It's so sweet it's like there's no matcha, just milk.",Matcha
Twelve Coffee Davao - Ecoland,7.0573666,125.56099,5,"Their staff is so kind 🥺 And omg the drinks, hands down. They are delicious. I've actually tried their branch in kidapawan and their davao branch is just as good. Must try for coffee lovers …",Matcha
Twelve Coffee Davao - Ecoland,7.0573666,125.56099,5,"The coffee at Twelve Coffee Davao is so delicious. The taste is so delicious and rich in flavor, which is sure to thrill your taste buds. Apart from that, their customer service is also very good. The staff is caring and attentive, …",Matcha
Twelve Coffee Davao - Ecoland,7.0573666,125.56099,5,,Matcha
Twelve Coffee Davao - Ecoland,7.0573666,125.56099,5,,Matcha
Twelve Coffee Davao - Ecoland,7.0573666,125.56099,5,,Matcha
Twelve Coffee Davao - Ecoland,7.0573666,125.56099,4,,Matcha
Twelve Coffee Davao - Ecoland,7.0573666,125.56099,5,,Matcha
Twelve Coffee Davao - Ecoland,7.0573666,125.56099,5,Cozy place,Matcha
Twelve Coffee Davao - Ecoland,7.0573666,125.56099,5,,Matcha
Twelve Coffee Davao - Ecoland,7.0573666,125.56099,5,,Matcha
Twelve Coffee Davao - Ecoland,7.0573666,125.56099,5,,Matcha
Twelve Coffee Davao - Ecoland,7.0573666,125.56099,4,,Matcha
Twelve Coffee Davao - Ecoland,7.0573666,125.56099,5,,Matcha
Twelve Coffee Davao - Ecoland,7.0573666,125.56099,5,,Matcha
Twelve Coffee Davao - Ecoland,7.0573666,125.56099,5,,Matcha
Twelve Coffee Davao - Ecoland,7.0573666,125.56099,5,,Matcha
Twelve Coffee Davao - Ecoland,7.0573666,125.56099,5,,Matcha
Twelve Coffee Davao - Ecoland,7.0573666,125.56099,5,,Matcha
Twelve Coffee Davao - Ecoland,7.0573666,125.56099,5,,Matcha
Twelve Coffee Davao - Ecoland,7.0573666,125.56099,5,,Matcha
Whisk Davao Matcha,7.0569452,125.5614192,5,"the matcha is good. nice with the microfoam. but i wanted a glass cup instead of a paper cup to be eco-friendly. staff are friendly. the place is aesthetically pleasing, just the right decor and seating layout. it was not crowded during the …",Matcha
Whisk Davao Matcha,7.0569452,125.5614192,5,"The atmosphere of this place is absolutely lovely—calm, cozy, and thoughtfully curated, making it the perfect spot to slow down and enjoy the moment. Their matcha drink is incredibly authentic, rich, and deeply umami with a smooth balance …",Matcha
Whisk Davao Matcha,7.0569452,125.5614192,5,Tried one of their seasonal drinks- Strawberry Hojimatcha for ₱300. Really flavorful and I love that the strawberry doesn't overpower the taste of the drink like most do in strawb matchas. 🍓 …,Matcha
Whisk Davao Matcha,7.0569452,125.5614192,5,"Had the best experience here at Whisk. I loved the place, the people and their matcha is really 10/10. I have tried other popular coffee shops around Davao, and needless to say they serve top graded matcha! Definitely my new fave place 🥰 …",Matcha
Whisk Davao Matcha,7.0569452,125.5614192,5,"Go-to matcha spot in Juna! Tried their white chocolate matcha. The white chocolate is a great add-on if you like your matcha on the sweet side. Have also had the butterfly pea matcha, which was a nice combo. …",Matcha
Whisk Davao Matcha,7.0569452,125.5614192,5,"Really loved this matcha café. It's super cozy inside—calm, comfy vibes that make you just want to sit down and stay awhile. …",Matcha
Whisk Davao Matcha,7.0569452,125.5614192,5,"A highly recommended matcha shop. The staffs are friendly and welcoming, shout out to Sam and loki! The drinks we ordered were delicious. Best experience we had so far!",Matcha
Whisk Davao Matcha,7.0569452,125.5614192,4,"The quality and flavor are always excellent. The staff are also very accommodating and patient with my inquiries, especially Loki, who made the experience even better. Plus, the loyalty card is a great bonus. Highly recommended!",Matcha
Whisk Davao Matcha,7.0569452,125.5614192,5,One of the best matcha cafe we went to in Davao. ⭐️⭐️⭐️⭐️⭐️ 🍵 Matcha tasted authentic and worth their prices. + the staff were super …,Matcha
Whisk Davao Matcha,7.0569452,125.5614192,5,"Their drinks we're good, I really love their Salted Caramel Matcha with the asin tibuok(+presentation). The matcha flavor was not strong which I like and has a little kick to it. The Signature Cacao was amazing, you can really taste the …",Matcha
Whisk Davao Matcha,7.0569452,125.5614192,4,"It was my first time @whisk so I was really excited to try their matcha. I ordered 1 matcha latte gelato, 1 iced m. latte, and hot m. latte. For the gelato latte, it was quite on the bitter side, but once I mixed the gelato w the matcha, it …",Matcha
Whisk Davao Matcha,7.0569452,125.5614192,5,"Cozy place, good matcha, and bubbly staff! You can also whisk your own matcha for the experience! Ms. Angel and the rest of the staff were so kind and they'll let you know if you're whisking it correctly 😂 I got the white chocolate matcha …",Matcha
Whisk Davao Matcha,7.0569452,125.5614192,4,"I had a wonderful experience at Whisk. The place has such a warm and cozy vibe, making it the perfect spot to relax. The staff truly makes the difference, especially Areon. He is an expert at his craft, very accommodating, and takes the …",Matcha
Whisk Davao Matcha,7.0569452,125.5614192,5,"Upon entry, we were greeted warmly by Ms. Russel. We had the place to ourselves since this was before lunch time and it was very cozy and calm inside. …",Matcha
Whisk Davao Matcha,7.0569452,125.5614192,5,"I've been loving the way they make their matcha, it suits my taste perfectly. I've honestly been coming here almost every day since December 🤍 …",Matcha
Whisk Davao Matcha,7.0569452,125.5614192,5,Russel is such a sweetheart. All employees are very welcoming but Russel shined the most. She is very accommodating and has a genuine customer connection. I'm not a matcha lover but I finished my strawberry matcha. Love the ambience and service! Kudos to you all! 🫶 …,Matcha
Whisk Davao Matcha,7.0569452,125.5614192,5,"Tried their Strawberry Matcha and Matcha Latte, and both were sooo good! The strawberry matcha had that perfect mix of sweetness and earthy matcha flavor, superrrr refreshing! The matcha latte was smooth and creamy, just how I like it. …",Matcha
Whisk Davao Matcha,7.0569452,125.5614192,5,"I had an amazing experience at Whisk in Davao, thanks to Aaron. He truly went above and beyond by introducing and serving me a variety of matcha-based coffee drinks, each one with its own festive and unique character. He took the time to …",Matcha
Whisk Davao Matcha,7.0569452,125.5614192,5,"I dropped by this matcha spot after class after seeing it on TikTok, and I'm so glad I did. The space is cozy with limited seating, but the Japanese-inspired interior gives it a really authentic and calming vibe. …",Matcha
Whisk Davao Matcha,7.0569452,125.5614192,5,Very welcoming and kind ang staff esp miss Russell who knows us well na & is very lovely in preparing our orders💖we keep coming back for more~ Matcha is superb and my fiancé's favorite is their cacao drink matched with their chocolate …,Matcha
Whisk Davao Matcha,7.0569452,125.5614192,5,"i love this place! the place itself if so comfy and big compared to other matcha places na super sikip, the matcha is super good, i ordered their matcha latte and matcha latte gelato something haha. We loved them! Would definitely recommend this to everyone.",Matcha
Whisk Davao Matcha,7.0569452,125.5614192,5,My favorite matcha spot in Davao – @whisk_davao Loved the experience of pouring my freshly whisked matcha over my order. The …,Matcha
Whisk Davao Matcha,7.0569452,125.5614192,5,"The café itself is a beautiful and peaceful place, perfect for relaxing and enjoying the calm atmosphere. With its cozy ambiance, thoughtful service, and serene surroundings, Whisk Davao feels like a comforting escape from the busy city, …",Matcha
Whisk Davao Matcha,7.0569452,125.5614192,5,"I've been coming to Whisk Coffee for the past few months to work on school stuff, and it has genuinely become my comfort place. The matcha is always good, the ambiance is calm, and the staff are consistently warm and accommodating. …",Matcha
Whisk Davao Matcha,7.0569452,125.5614192,5,"Whisky Davao just gained a loyal customer. I love their Strawberry Matcha frappe, thanks to Russel for the recommendation. The matcha flavor is perfectly balanced, not too sweet and not too bitter. The place itself is cozy, and the music gives off a nostalgic Japan vibe.",Matcha
Whisk Davao Matcha,7.0569452,125.5614192,5,"First time visiting and will CERTAINLY come back to this place. The atmosphere is cozy, their drinks are top-notch as well, and not to mention their accommodating staff! (Hello to Ms. Russel hehe, thank u for accommodating us so sweetly, up …",Matcha
Whisk Davao Matcha,7.0569452,125.5614192,5,"If you're looking for a quick escape to Japan right in the heart of the city, this is the place! The ambiance at Whisk Davao Matcha is incredible—it has such an authentic, serene vibe that makes you feel like you've stepped into a cozy …",Matcha
Whisk Davao Matcha,7.0569452,125.5614192,5,"Great place to catch up with friends and Angel has kindly let my friend whisk her own matcha, such a fun interactive experience! Service definitely topnotch. I tried the espresso matcha and it was amazing!",Matcha
Whisk Davao Matcha,7.0569452,125.5614192,5,"Hey Matcha lover!🔥❤️❤️🤘🏻🫡 If youre looking for a place to chill and chat, here's a great place to taste matcha and feel the cozy vibes. Cheers! 🔥🍵🧉 …",Matcha
Whisk Davao Matcha,7.0569452,125.5614192,5,"Absolutely superb cafe experience! The coffee was fantastic, but the real highlight is the incredibly friendly and welcoming barista team. I love all the baristas vibe especially sir Loki, sir earon, ma'am russel, ma'am Angel & Ma'am Sam 💜 …",Matcha
Whisk Davao Matcha,7.0569452,125.5614192,5,"Great spot for delicious drinks and food, with a cozy feel. The staffs are really accommodating especially Ate Angel, she gives good recommendations, and takes great care of guests. Definitely worth a visit!",Matcha
Whisk Davao Matcha,7.0569452,125.5614192,5,"If you're looking for a quick escape, Whisk is the perfect spot. The entire cafe radiates a serene Japanese-inspired vibe that makes you feel like you've stepped right into a cozy corner of Kyoto. The ambiance is incredibly calm and …",Matcha
Whisk Davao Matcha,7.0569452,125.5614192,5,"Whisk has been my go-to matcha spot since June, and I honestly can't get enough. The staff are super friendly and make every visit feel welcoming. The place has that modern Japanese vibe, and with their Japanese playlist playing in the …",Matcha
Whisk Davao Matcha,7.0569452,125.5614192,5,"Matcha tastes just like in Japan, cafe aosphere is great, service is friendly and great special mention to the staff Ms. Angel. thabk you!",Matcha
Whisk Davao Matcha,7.0569452,125.5614192,5,"Super cozy cafe, perfect for chill na hangouts. Their matcha is really good, and the staff are very warm and welcoming, especially Ms. Angel (murag tropa ra!). You'll instantly feel at home.",Matcha
Whisk Davao Matcha,7.0569452,125.5614192,5,"about the place…It gives mi chill and good ambience, about the food and drinks yes it absolutely good well balanced. The service it also good and student friendly. Their lead crew LOKI is also the best.",Matcha
Whisk Davao Matcha,7.0569452,125.5614192,5,shoutout to ma'am russel & sir earon!! very nice staff and very accommodating: they readily give recommendations and adjust to your drink preferences if needed. …,Matcha
Whisk Davao Matcha,7.0569452,125.5614192,5,"Loved the Brewed Iced Tea and the Hot Matcha Latte. Customer service is superb, thanks Russel Mae 🥳 Will come back again. …",Matcha
Whisk Davao Matcha,7.0569452,125.5614192,5,"Matcha is their specialty, but they certainly know coffee as well. Upon entering the cleanliness, unique interior, and ambiance get your attention not to mention the great music and premium sound system. After looking over the menu we …",Matcha
Whisk Davao Matcha,7.0569452,125.5614192,5,The most accommodating staff I have ever experienced in a cafe. They're so knowledgeable and proactive as well. …,Matcha
Whisk Davao Matcha,7.0569452,125.5614192,4,"First of all, not really into matcha but kind of exploring some flavors still. Ordered the matcha with espresso - it was so good, rich and smooth! Perfect blend of bitterness of espresso and matcha. …",Matcha
Whisk Davao Matcha,7.0569452,125.5614192,5,"If you're a true matcha lover, Whisk Davao is definitely the place to be! You can really taste the authentic matcha flavor in their Matcha Latte - rich, earthy, and perfectly balanced. Big shoutout to the best matcharistas — Earon, Russel, …",Matcha
Whisk Davao Matcha,7.0569452,125.5614192,5,Just want to share how accommodating their staffs are. Russell and Sam. Matcha latte taste like one of boredoms matcha powder actually. If you're from south I'll recommend this place since medyo malayo ang location ng boredom. Will def go back.,Matcha
Whisk Davao Matcha,7.0569452,125.5614192,5,"Ordered iced Matcha latte and Salted Caramel Macchiato, both drinks were very good. Their matcha is one of the best I've tried. Staff is very accommodating and lively. Place is modern Japanese themed, great ambiance. Plenty of parking din.",Matcha
Whisk Davao Matcha,7.0569452,125.5614192,5,Whisk is 100% THE GO TO MATCHA PLACE 💚 Russel was kind enough to let me take videos during the whisking! Plus she offered to take my photos too. 10000000% RECOMMENDED 🫶🏻 …,Matcha
Whisk Davao Matcha,7.0569452,125.5614192,4,Cute Japanese vibe cafe !! I like the taste of their signature cacao! It's just the right consistency for me as a chocolate person 😋 The staff were also VERYY accommodating and welcoming that they gave us stickers and cards for keeps 🫶 10/10 experience !! …,Matcha
Whisk Davao Matcha,7.0569452,125.5614192,5,New Fav!!! I really really love the Iced Salted Caramel Match (Asin Tibuok). Russel and Sam are so hospitable. Very accommodating. Will surely go back. 💚💚💚 …,Matcha
Whisk Davao Matcha,7.0569452,125.5614192,3,"I really enjoyed the matcha drink they served it has such a distinct and delightful flavor, especially the White Chocolate Matcha I ordered! 🍵✨ What made the experience even better was the warm and friendly service from Earon, Angel, and Russel. They truly made my visit extra special! 💚 …",Matcha
Whisk Davao Matcha,7.0569452,125.5614192,5,"Now who would think this was a café? From the parking lot I was pretty sure my guess was it's a Japanese restaurant. When I finished the climb up, I was fooled. It just carried the concept. It's the third coffee shop here in the city that …",Matcha
Whisk Davao Matcha,7.0569452,125.5614192,5,Whisk is a great place to have a chill hang-out with friends or family. The interior design is also unique but simple. Their matcha drinks are one the best in Davao City. I would also like to make a special mention of Ma'am Angel's hospitality and service. Definitely a place I come back to every once in a while.,Matcha
Whisk Davao Matcha,7.0569452,125.5614192,5,Loved the matcha and the creamy seta alfredo Ms. Angel was very accommodating and made the experience even better.,Matcha
Whisk Davao Matcha,7.0569452,125.5614192,5,"Great place, peaceful vibe. Served by earon who was very nice and friendly. Will definitely visit again. …",Matcha
Whisk Davao Matcha,7.0569452,125.5614192,5,"Whisk is located on the 2nd floor of The Compound, accessible by stairs or elevator. There's usually plenty of parking spaces, depending on the time of day. We tried their strawberry matcha and iced Spanish latte, and both were really good. …",Matcha
Whisk Davao Matcha,7.0569452,125.5614192,5,"Always my Go-To Spot for matcha and the new Christmas specials surprised me! Sweet, funny, and accommodating staff (#Russel) and I loved the festive vibe! Merry Christmas to the staff!",Matcha
Whisk Davao Matcha,7.0569452,125.5614192,5,Place serves great matcha plus the ambience is nice and peaceful…Will definitely be back …Highly recommend the iced matcha latte ..they let you put the match as well for the experience,Matcha
Whisk Davao Matcha,7.0569452,125.5614192,5,"5 Stars – A Matcha Lover's Paradise! Whisk Matcha Davao is a must-visit for anyone who loves authentic, high-quality …",Matcha
Whisk Davao Matcha,7.0569452,125.5614192,3,Great matcha place! Their matcha is a bit on the sweeter side which suits our liking. Will try other menus on our future visit..,Matcha
Whisk Davao Matcha,7.0569452,125.5614192,5,a great place to read and study — calm and comfortable. plus the staff are vv accommodating (Hello Ms. Angel 💖) definitely a place i'd love to keep coming back to. …,Matcha
Whisk Davao Matcha,7.0569452,125.5614192,5,Whisk matcha was good! The ambiance was well and cozy for hangouts. Special thanks to Miss Russell for accommodating our group and making our matcha experience enjoyable! …,Matcha
Whisk Davao Matcha,7.0569452,125.5614192,4,"Cozy ambiance and good service. Hojicha drink is decent and on point, plus the cookies are good too.",Matcha
Whisk Davao Matcha,7.0569452,125.5614192,5,"The best White Chocolate Matcha ✅ Friendly staff. Thank you, Angel!",Matcha
Whisk Davao Matcha,7.0569452,125.5614192,5,"The best Matcha store in town! Great service, Loki!",Matcha
Whisk Davao Matcha,7.0569452,125.5614192,5,"Whisk Davao Matcha is more than just a café—it's an experience. The cozy, modern ambiance pairs perfectly with their well-balanced matcha and top-tier coffee made with high-quality ingredients. …",Matcha
Whisk Davao Matcha,7.0569452,125.5614192,5,"Everything is magical along with the matcha, the staff especially russel, sam and aeron. Kudos to you guys and thanks for everything! More power to you Whisk!",Matcha
Whisk Davao Matcha,7.0569452,125.5614192,5,Drinks are very good. Nice place to lounge. Barista Russel was so accommodating ❤️,Matcha
Whisk Davao Matcha,7.0569452,125.5614192,5,Ate russel was so accommodating and nice!! Drinks was so good and cant wait to try something new on my next visit,Matcha
Whisk Davao Matcha,7.0569452,125.5614192,5,"Omg I love this new cozy place. I ordered Iced Matcha Latte 1000/10 ⭐️ Mr. Aaron help me to decide which matcha fits to my taste and I prefer semi sweet not so sweet but still taste the matcha, very accommodating! 🍵 Will be back here again! …",Matcha
Whisk Davao Matcha,7.0569452,125.5614192,5,The matcha was very good. Angel helped us choosing matcha options and she's very accommodating as well. Will definitely come back here soon.,Matcha
Whisk Davao Matcha,7.0569452,125.5614192,5,"We first noticed the interior of the place, and we were in awe, it definitely has the vibes. The service and drink were great! Miss Angel was very accommodating, and as someone who's introverted, communicating was made easy.",Matcha
Whisk Davao Matcha,7.0569452,125.5614192,5,"the drinks were good and their staff are really accommodating ! what truly elevated our experience was the outstanding service provided by russell. overall, the entire atmoshpere generally felt very welcoming and relaxing :)",Matcha
Whisk Davao Matcha,7.0569452,125.5614192,5,One of the best matcha cafés I've tried in the city! My favorites are the hot Salted Caramel Matcha and White Chocolate Matcha — super worth it! I actually went back three times this week because I just couldn't get enough. We even played …,Matcha
Whisk Davao Matcha,7.0569452,125.5614192,5,Cozy. Good matcha. Most accommodating staff 👌🏼💚 …,Matcha
Whisk Davao Matcha,7.0569452,125.5614192,5,Had the best experience with whisking my own drink. My sister in law had the chance to do the same. It was both our first time. Thanks for the assistance sir Loki. You were very accommodating. Best overall matcha experience.,Matcha
Whisk Davao Matcha,7.0569452,125.5614192,5,"white chocolate matcha is good and the cheesecake as well, every accommodating din tung staff sila Russel and Sam.",Matcha
Whisk Davao Matcha,7.0569452,125.5614192,5,"One of the must try matcha cafes in Davao. Food, service, and ambience are all good. My cousin and I had a nice time catching up here. …",Matcha
Whisk Davao Matcha,7.0569452,125.5614192,5,"loved the drink, service, and the vibe. thank you to loki who made my order!!",Matcha
Whisk Davao Matcha,7.0569452,125.5614192,5,Love this matcha place! The staff very accommodating and friendly esp ate angel. 💗 …,Matcha
Whisk Davao Matcha,7.0569452,125.5614192,5,Delicious matcha and great service!,Matcha
Whisk Davao Matcha,7.0569452,125.5614192,5,matcha is super good!! very unique drink combos that just Work wonderfully. Will definitely be coming back— highly recommend the butterfly pea matcha,Matcha
Whisk Davao Matcha,7.0569452,125.5614192,5,delicious summer matcha and coffees. you can also whisk your own 🍵 …,Matcha
Whisk Davao Matcha,7.0569452,125.5614192,5,"super friendly staffs, especially miss russel who assisted us during our visit. their strawberry matcha was a 10/10",Matcha
Whisk Davao Matcha,7.0569452,125.5614192,5,"""Take the whisk, or lose the chance"". -Poley 2026 My go-to Matcha place every after pilates sesh 🧘 ♀️🍵 …",Matcha
Whisk Davao Matcha,7.0569452,125.5614192,5,"We were not sure what to order, Sam and Loki were really helpful in helping us choose💕 and the drinks they recommended were great. Will be back to taste the food too since we came from a lunch date when we visited Whisk💕 …",Matcha
Whisk Davao Matcha,7.0569452,125.5614192,5,My newest cafe favorite in town!! I love how they craft their Matcha here as their signature drink 🍵🤍💚 …,Matcha
Whisk Davao Matcha,7.0569452,125.5614192,5,"We enjoyed it much here; cozy, delicious drinks and great service. Ms Angel, their staff, was also very accommodating. We would definitely come back!!",Matcha
Whisk Davao Matcha,7.0569452,125.5614192,5,The food and drinks are well-prepared and the staff (especially Ms. Russel) are so kind and accommodating. Would recommended this to anyone who is looking for a calm place to unwind for a while.,Matcha
Whisk Davao Matcha,7.0569452,125.5614192,5,I leave this review as five star. Their atmosphere is superb and the drinks also on par with Starbucks! Recommended 10/10.,Matcha
Whisk Davao Matcha,7.0569452,125.5614192,5,Great cafe with great drinks and a peaceful vibe. The staff are exceptionally nice and friendly (Maam Angel to name one). It's a great place to sit and relax.,Matcha
Whisk Davao Matcha,7.0569452,125.5614192,5,I love place! It's relaxing and good for chilling. Staff are very friendly and accommodating especially Miss Russel :))),Matcha
Whisk Davao Matcha,7.0569452,125.5614192,5,"The strawberry matcha was really delicious, and Ate Russel along with the other kuyas were all very approachable.",Matcha
Whisk Davao Matcha,7.0569452,125.5614192,5,"The best Matcha store in town! Great service, Loki!",Matcha
Whisk Davao Matcha,7.0569452,125.5614192,5,Cozy. Good matcha. Most accommodating staff 👌🏼💚,Matcha
Whisk Davao Matcha,7.0569452,125.5614192,5,"Coffee and matcha are great, especially their salted caramel macchiato (they offer two salt options: asin tibuok and tultul). The crew is friendly and accommodating, especially Ms. Russel. Definitely worth the hype! 😊 …",Matcha
Whisk Davao Matcha,7.0569452,125.5614192,5,Best Iced White Chocolate Matcha! The Doctor Barista is highly recommended as well.,Matcha
Whisk Davao Matcha,7.0569452,125.5614192,5,"Loved the place & the matcha latte is 10/10!! Also, miss angel is very accommodating 💚 …",Matcha
Whisk Davao Matcha,7.0569452,125.5614192,5,I have been to many coffee shops since I've been here in the Philippines and by far this place has gotta be one of the most relaxing and comfortable at atmospheres that I have sat in. The decor in this place was very well thought and felt …,Matcha
Whisk Davao Matcha,7.0569452,125.5614192,3,"Went there in May 23, 2025. Got the usucha for ₱200. If you check the latest review, the usucha is now ₱230. …",Matcha
Whisk Davao Matcha,7.0569452,125.5614192,5,Love their coffee and matcha plus the place is amazing.,Matcha
Whisk Davao Matcha,7.0569452,125.5614192,3,"Whisk has a great location inside The Compound, making it an easy go-to spot after a meal. At first glance, the place is chic. It really gives off that Gen Z favorite hangout vibe. …",Matcha
Whisk Davao Matcha,7.0569452,125.5614192,5,First time visiting and I really love it!! Love the ambiance and their staff here. One of the matcha shop here in davao that serves pure and unique matcha flavor combinations. 💓💓 Must visit! …,Matcha
Whisk Davao Matcha,7.0569452,125.5614192,5,"Definitely worth the hype! The drinks, the place, most especially the service; vvvvv 10/10!! Veryyy accommodating and customer-centered esp si Sir Eron 👌🏼 …",Matcha
Whisk Davao Matcha,7.0569452,125.5614192,5,"The whole vibe is super cute, with a calm and cozy feel. It has that Japanese aesthetic that is clean, simple, and really relaxing. I tried their matcha latte, and it was really smooth and not too sweet. The staff were really nice and helpful too.",Matcha
Whisk Davao Matcha,7.0569452,125.5614192,5,Love their coffee and matcha plus the place is amazing.,Matcha
Whisk Davao Matcha,7.0569452,125.5614192,5,My go to matcha place whenever my wife craves matcha. Thumbs up for mam russel for serving customers well. Thanks,Matcha
Whisk Davao Matcha,7.0569452,125.5614192,5,Love how accessible the place is!!! LOVE their matcha too!!! Tastes like the ones I've had in Japan 🍵 …,Matcha
Whisk Davao Matcha,7.0569452,125.5614192,5,"Great place and ambience, Hospitable Staff Loki and Angel. And of course, the Matcha Latte (my favorite) is so good!",Matcha
Whisk Davao Matcha,7.0569452,125.5614192,5,Good place! Favorite white chocolate matcha and approachable staff especially Russel :),Matcha
Whisk Davao Matcha,7.0569452,125.5614192,5,"The best Matcha in town! Get the White Chocolate Matcha and get it HOT! It's too die for 💯 Thanks Russel and Angel! Exemplary service, too 🤩 …",Matcha
Whisk Davao Matcha,7.0569452,125.5614192,5,"Russel so cute and friendly ,drink so good",Matcha
Whisk Davao Matcha,7.0569452,125.5614192,5,Coffee and matcha drnks are well thought of and made.,Matcha
Whisk Davao Matcha,7.0569452,125.5614192,5,Great matcha drinks and great customer service. Good Job to Russel.,Matcha
Whisk Davao Matcha,7.0569452,125.5614192,5,"The barista's are so good and accommodating, Loki, sam and angel are very friendly.",Matcha
Whisk Davao Matcha,7.0569452,125.5614192,5,"staffs are nice, super fun and good to catch up with friends. Hi to ate Angel! one of the staffs hehe.",Matcha
Whisk Davao Matcha,7.0569452,125.5614192,5,"Russel so cute and friendly ,drink so good",Matcha
Whisk Davao Matcha,7.0569452,125.5614192,5,Coffee and matcha drnks are well thought of and made.,Matcha
Whisk Davao Matcha,7.0569452,125.5614192,5,Yum!!! Russel was such a cool slayterrific amazeballs ineffable hieroglyphical ecclesiastically amazingballs !! 🤩🤩🤩 …,Matcha
Whisk Davao Matcha,7.0569452,125.5614192,5,"the matcha is so good as well as the staffs especially in barista earon., very accommodating and really i can feel japan in the place",Matcha
Whisk Davao Matcha,7.0569452,125.5614192,5,"Earon, Angel, and Russel, serves good service, super friendly and gives extermely good customer quality service. the best Matcha in davao!",Matcha
Whisk Davao Matcha,7.0569452,125.5614192,5,love the intimate vibes and the japanese music in the background is really cool too. the staff are always kind and accommodating. definitely one of my go to cafes☺️,Matcha
Whisk Davao Matcha,7.0569452,125.5614192,5,Authentic ceremonial grade matcha definitely going back..baristas are warm and friendly..shoutout to Earon for getting our orders perfect,Matcha
Whisk Davao Matcha,7.0569452,125.5614192,5,Best matcha! Good service by Aaron and Russel.,Matcha
Whisk Davao Matcha,7.0569452,125.5614192,5,It's always a treat going here. Especially the staff always remembers me. Thank you to Angel and Sam of Whisk Davao. 💙 …,Matcha
Whisk Davao Matcha,7.0569452,125.5614192,5,"The best matcha in Davao!!! Laveeet, a must try Davao people. 💚💚💚 …",Matcha
Whisk Davao Matcha,7.0569452,125.5614192,5,So very yummy. Pls come.here. good customer service people very nice. Hi russel. 😃🍵🩷 …,Matcha
Whisk Davao Matcha,7.0569452,125.5614192,5,"Very nice and delicious authentic ceremonial matcha. Big shoutout to Earon, Loki, Russel and Sam for the great service",Matcha
Whisk Davao Matcha,7.0569452,125.5614192,5,Best matcha! Good service by Aaron and Russel.,Matcha
Whisk Davao Matcha,7.0569452,125.5614192,5,"The best matcha in Davao!!! Laveeet, a must try Davao people. 💚💚💚",Matcha
Whisk Davao Matcha,7.0569452,125.5614192,5,So very yummy. Pls come.here. good customer service people very nice. Hi russel. 😃🍵🩷,Matcha
Whisk Davao Matcha,7.0569452,125.5614192,5,Good place to hangout and catch up with friends,Matcha
Whisk Davao Matcha,7.0569452,125.5614192,5,Thanks Ms. Angel for allowing us whisk our own matcha ❤️,Matcha
Whisk Davao Matcha,7.0569452,125.5614192,5,Thank you maam Angel for a whiskful experience! Best matcha in the city!,Matcha
Whisk Davao Matcha,7.0569452,125.5614192,5,Great customer service. Thanks sir Loki 🤝🏻 …,Matcha
Whisk Davao Matcha,7.0569452,125.5614192,5,Excellent matcha! Best service! Great place!!💚💚💚 …,Matcha
Whisk Davao Matcha,7.0569452,125.5614192,5,"The matcha was really good, prepared by our baristas, Angel and Russel!",Matcha
Whisk Davao Matcha,7.0569452,125.5614192,5,Matchalicious!! Thanks Ms. Angel for letting me whisk my own matcha drink. 😃 …,Matcha
Whisk Davao Matcha,7.0569452,125.5614192,5,"Good service, Good barista Loki 🫡 …",Matcha
Whisk Davao Matcha,7.0569452,125.5614192,5,"Very Nice And Love The Vibes , Drinks is soo good & Aura of everything. Friendly Staff Loki & Russel 💚🤗 …",Matcha
Whisk Davao Matcha,7.0569452,125.5614192,4,"Tried their Whisk Hibiscus Matcha and loved it! Love the ambiance, too! 🍵 …",Matcha
Whisk Davao Matcha,7.0569452,125.5614192,5,Thanks Ms. Angel for allowing us whisk our own matcha ❤️,Matcha
Whisk Davao Matcha,7.0569452,125.5614192,5,Great customer service. Thanks sir Loki 🤝🏻,Matcha
Whisk Davao Matcha,7.0569452,125.5614192,5,Matchalicious!! Thanks Ms. Angel for letting me whisk my own matcha drink. 😃,Matcha
Whisk Davao Matcha,7.0569452,125.5614192,4,"Tried their Whisk Hibiscus Matcha and loved it! Love the ambiance, too! 🍵",Matcha
Whisk Davao Matcha,7.0569452,125.5614192,5,Awesome tasting specialty matcha!,Matcha
Whisk Davao Matcha,7.0569452,125.5614192,5,Thanks to Angel ☺️ 👍 …,Matcha
Whisk Davao Matcha,7.0569452,125.5614192,5,Love the ambiance & accommodating staff most esp Ms Russel & Sir Loki. All the best! 💚💚💚 …,Matcha
Whisk Davao Matcha,7.0569452,125.5614192,5,I'm Carlo Yee and I loveee this place!!! Sumptuous drinks and the atmosphere of the place is just so cozy!!!,Matcha
Whisk Davao Matcha,7.0569452,125.5614192,5,Their unique matcha drinks are a must try!!,Matcha
Whisk Davao Matcha,7.0569452,125.5614192,5,Spanish latte❤️.Must try the Whisk matcha strawberry latte,Matcha
Whisk Davao Matcha,7.0569452,125.5614192,5,I love the interiors! The drinks are delicious 😊 …,Matcha
Whisk Davao Matcha,7.0569452,125.5614192,5,Served by Angel,Matcha
Whisk Davao Matcha,7.0569452,125.5614192,5,Love their matcha! 💚 …,Matcha
Whisk Davao Matcha,7.0569452,125.5614192,5,Drinks are refreshing & service is awesome!,Matcha
Whisk Davao Matcha,7.0569452,125.5614192,5,NEW FAVE MATCHA SPOT!!!,Matcha
Whisk Davao Matcha,7.0569452,125.5614192,5,Amazing customer service from Angel,Matcha
Whisk Davao Matcha,7.0569452,125.5614192,5,Yum! I'll give it a 10/10! 😋 …,Matcha
Whisk Davao Matcha,7.0569452,125.5614192,5,Matcha was superb!,Matcha
Whisk Davao Matcha,7.0569452,125.5614192,5,Great service and great people,Matcha
Whisk Davao Matcha,7.0569452,125.5614192,5,We love the ambiance and offerings here in Whisk. Opens early and their staff Loki is very friendly.,Matcha
Whisk Davao Matcha,7.0569452,125.5614192,5,The best matcha place in Davao❤️❤️❤️,Matcha
Whisk Davao Matcha,7.0569452,125.5614192,5,"If you are a matcha purist who is constantly searching for that perfect vibrant green brew, you absolutely must visit this spot. I ordered a ceremonial-grade iced matcha latte, and it was executed flawlessly. It had that beautiful, deep …",Matcha
Whisk Davao Matcha,7.0569452,125.5614192,5,"Really enjoying my time here at Whisk Davao. The atmosphere is calm and peaceful, and people are respectful of the space, which makes it such a great place to study or catch up with a friend. The staff are also very kind and welcoming. I …",Matcha
Whisk Davao Matcha,7.0569452,125.5614192,5,100/10 the content is legit thanks russel mae,Matcha
Whisk Davao Matcha,7.0569452,125.5614192,5,Awesome tasting specialty matcha!,Matcha
Whisk Davao Matcha,7.0569452,125.5614192,5,Thanks to Angel ☺️ 👍,Matcha
Whisk Davao Matcha,7.0569452,125.5614192,5,Spanish latte❤️.Must try the Whisk matcha strawberry latte,Matcha
Whisk Davao Matcha,7.0569452,125.5614192,5,I love the interiors! The drinks are delicious 😊,Matcha
Whisk Davao Matcha,7.0569452,125.5614192,5,Served by Angel,Matcha
Whisk Davao Matcha,7.0569452,125.5614192,5,Love their matcha! 💚,Matcha
Whisk Davao Matcha,7.0569452,125.5614192,5,Drinks are refreshing & service is awesome!,Matcha
Whisk Davao Matcha,7.0569452,125.5614192,5,NEW FAVE MATCHA SPOT!!!,Matcha
Whisk Davao Matcha,7.0569452,125.5614192,5,Amazing customer service from Angel,Matcha
Whisk Davao Matcha,7.0569452,125.5614192,5,Yum! I'll give it a 10/10! 😋,Matcha
Whisk Davao Matcha,7.0569452,125.5614192,5,Matcha was superb!,Matcha
Whisk Davao Matcha,7.0569452,125.5614192,5,Great service and great people,Matcha
Whisk Davao Matcha,7.0569452,125.5614192,5,The best matcha place in Davao❤️❤️❤️,Matcha
Whisk Davao Matcha,7.0569452,125.5614192,5,100/10 the content is legit thanks russel mae,Matcha
Whisk Davao Matcha,7.0569452,125.5614192,5,The owner is so kind and the matcha is delicious 😋 …,Matcha
Whisk Davao Matcha,7.0569452,125.5614192,5,,Matcha
Whisk Davao Matcha,7.0569452,125.5614192,5,So good! Enjoying…… coffee and matcha 😎 …,Matcha
Whisk Davao Matcha,7.0569452,125.5614192,4,,Matcha
Whisk Davao Matcha,7.0569452,125.5614192,5,,Matcha
Whisk Davao Matcha,7.0569452,125.5614192,5,,Matcha
Whisk Davao Matcha,7.0569452,125.5614192,5,,Matcha
Whisk Davao Matcha,7.0569452,125.5614192,4,,Matcha
Whisk Davao Matcha,7.0569452,125.5614192,5,,Matcha
Whisk Davao Matcha,7.0569452,125.5614192,5,,Matcha
Whisk Davao Matcha,7.0569452,125.5614192,5,The owner is so kind and the matcha is delicious 😋,Matcha
Whisk Davao Matcha,7.0569452,125.5614192,5,,Matcha
Whisk Davao Matcha,7.0569452,125.5614192,5,So good! Enjoying…… coffee and matcha 😎,Matcha
Whisk Davao Matcha,7.0569452,125.5614192,4,,Matcha
Whisk Davao Matcha,7.0569452,125.5614192,5,,Matcha
Whisk Davao Matcha,7.0569452,125.5614192,5,,Matcha
Whisk Davao Matcha,7.0569452,125.5614192,5,,Matcha
Whisk Davao Matcha,7.0569452,125.5614192,4,,Matcha
Whisk Davao Matcha,7.0569452,125.5614192,5,,Matcha
Whisk Davao Matcha,7.0569452,125.5614192,5,,Matcha
Whisk Davao Matcha,7.0569452,125.5614192,5,,Matcha
Whisk Davao Matcha,7.0569452,125.5614192,5,,Matcha
Whisk Davao Matcha,7.0569452,125.5614192,5,,Matcha
Whisk Davao Matcha,7.0569452,125.5614192,5,,Matcha
Whisk Davao Matcha,7.0569452,125.5614192,5,,Matcha
Whisk Davao Matcha,7.0569452,125.5614192,5,,Matcha
Whisk Davao Matcha,7.0569452,125.5614192,5,,Matcha
Whisk Davao Matcha,7.0569452,125.5614192,5,,Matcha
Whisk Davao Matcha,7.0569452,125.5614192,5,,Matcha
Whisk Davao Matcha,7.0569452,125.5614192,5,,Matcha
Whisk Davao Matcha,7.0569452,125.5614192,5,,Matcha
Whisk Davao Matcha,7.0569452,125.5614192,5,,Matcha
Whisk It Good Matcha,7.0880421,125.5944794,5,"Found this gem on tiktok and wanted to try their cereal matcha sooo baddd so we decided to give the place a try. When we arrived sa café, we felt instantly at home. The barista/cafe owners were very nice and accommodating. Atmosphere of the …",Matcha
Whisk It Good Matcha,7.0880421,125.5944794,5,"My go-to place for matcha! The matcha is consistently great, and the pastries are just as delicious. What really keeps me coming back is the overall experience—the cozy, homey interior and the warm, friendly owners who always make sure you …",Matcha
Whisk It Good Matcha,7.0880421,125.5944794,5,"My friends and I visited at night, and the place is a laidback spot for good conversation. I think I ordered Just Right (unsweetened) , and true to its name, it's smooth and slightly bitter, just how I like it. The owners explained the menu …",Matcha
Whisk It Good Matcha,7.0880421,125.5944794,5,"Place is relatively new but is doing great! First of all, their matcha is really good. Tried their cereal matcha, strawberry matcha and sea-salt matcha and I really recommend it! Aside from their drinks, what really stood out to me was …",Matcha
Whisk It Good Matcha,7.0880421,125.5944794,5,"Visited to try Whisk It Good Matcha, and trust me, it's not just hype. Super worth it! May pastries din sila. …",Matcha
Whisk It Good Matcha,7.0880421,125.5944794,4,"Sits on a narrow road. Occupied the old spot of Ah-lyoh Bistro. Very warm inside. Too bad there's also an hour limit for dine in. As this was an establishment that practices CLAYGO, there were visible signs and bins provided. The menu was a …",Matcha
Whisk It Good Matcha,7.0880421,125.5944794,5,"Finally visited Whisk It Good Matcha. It's a tucked-away neighbourhood spot with a gentle, unhurried atmosphere that makes you want to linger a little longer than planned. The space feels warm and welcoming without trying too hard, and it's …",Matcha
Whisk It Good Matcha,7.0880421,125.5944794,5,"glad they have their place now! very cozy ang place and relaxing. lami ang drinks, especially the hojicha! i love that they offer if ganahan mo mag dagdag sweetener 5ml or 10 ml",Matcha
Whisk It Good Matcha,7.0880421,125.5944794,5,They helped me figure out the best matcha for a newbie like me. Excellent space with even better matcha. 🍵 …,Matcha
Whisk It Good Matcha,7.0880421,125.5944794,5,"Good matcha and perfect customer service! They are so accommodating and very detailed with their drinks ❤️ 🩹 the vibe inside is so cozyy too, perfect for hangouts and solo dates. …",Matcha
Whisk It Good Matcha,7.0880421,125.5944794,5,"Very good matcha, very good customer service. Uniquely different coz they ask your preference, which other stores don't usually do. U appreciate the owners more as they are welcoming. Gonna come back for sure",Matcha
Whisk It Good Matcha,7.0880421,125.5944794,5,Good ambiance and vibe. Matcha is great. Come visit this matcha cafe,Matcha
Whisk It Good Matcha,7.0880421,125.5944794,5,My wife's favorite matcha place in DVO 😊 10/10 customer service also! Appreciate ko rin how they run through all their …,Matcha
Whisk It Good Matcha,7.0880421,125.5944794,5,My favorite Matcha Place ♥️,Matcha
Whisk It Good Matcha,7.0880421,125.5944794,5,My favourite of all time! 🫶🏻🍵 Matcharistas will help you choose based on your preferences. Luv it! 👌🏻 …,Matcha
Whisk It Good Matcha,7.0880421,125.5944794,5,Very good matcha and very good service. Must try.,Matcha
Whisk It Good Matcha,7.0880421,125.5944794,5,Yummy drinks and food! Aesthetic vibes!,Matcha
Whisk It Good Matcha,7.0880421,125.5944794,5,Cozy,Matcha
Whisk It Good Matcha,7.0880421,125.5944794,5,"First time visiting after seeing on socials that they're moving soon, and I'm already hooked! If you want legitimate, high-quality matcha, this is the place. The owners really know their stuff and will patiently guide you to a drink based …",Matcha
Whisk It Good Matcha,7.0880421,125.5944794,5,Very accommodating ng owners and very approachable! love the food and drinks especially Pop the mastermind matchaaaaaa!,Matcha
Whisk It Good Matcha,7.0880421,125.5944794,5,My favorite Matcha Place ♥️,Matcha
Whisk It Good Matcha,7.0880421,125.5944794,5,Very good matcha and very good service. Must try.,Matcha
Whisk It Good Matcha,7.0880421,125.5944794,5,Yummy drinks and food! Aesthetic vibes!,Matcha
Whisk It Good Matcha,7.0880421,125.5944794,5,Cozy,Matcha
Whisk It Good Matcha,7.0880421,125.5944794,5,Delicious food; accommodating staffs; and the ambiance is homey.,Matcha
Whisk It Good Matcha,7.0880421,125.5944794,5,Matcha is delicious.,Matcha
Whisk It Good Matcha,7.0880421,125.5944794,4,,Matcha
Whisk It Good Matcha,7.0880421,125.5944794,5,,Matcha
Whisk It Good Matcha,7.0880421,125.5944794,5,,Matcha
Whisk It Good Matcha,7.0880421,125.5944794,5,,Matcha
Whisk It Good Matcha,7.0880421,125.5944794,4,,Matcha
Whisk It Good Matcha,7.0880421,125.5944794,5,,Matcha
Whisk It Good Matcha,7.0880421,125.5944794,5,,Matcha
Whisk It Good Matcha,7.0880421,125.5944794,5,Delicious food; accommodating staffs; and the ambiance is homey.,Matcha
Whisk It Good Matcha,7.0880421,125.5944794,5,Matcha is delicious.,Matcha
Whisk It Good Matcha,7.0880421,125.5944794,4,,Matcha
Whisk It Good Matcha,7.0880421,125.5944794,5,,Matcha
Whisk It Good Matcha,7.0880421,125.5944794,5,,Matcha
Whisk It Good Matcha,7.0880421,125.5944794,4,,Matcha
Yasumino Matcha,7.1510581,125.5838583,5,,Matcha
Yasumino Matcha,7.1510581,125.5838583,5,,Matcha
Yasumino Matcha,7.1510581,125.5838583,5,,Matcha
Yasumino Matcha,7.1510581,125.5838583,5,,Matcha
Yoro No Matcha x Crumb,7.0574815,125.4877513,4,"Matcha and Sea Salt Hojicha are the best, but the Sea Salt Hojicha truly stands out. The hint of sea salt elevates the umami and intensifies that warm, nutty flavor. Plus, the cozy, homey vibe makes it the perfect little hideout for friends/family.",Matcha
Yoro No Matcha x Crumb,7.0574815,125.4877513,5,Afforadable and legit matcha in Toril,Matcha
Yoro No Matcha x Crumb,7.0574815,125.4877513,5,Taste so gooodddd!! Very affordable💯,Matcha
Yoro No Matcha x Crumb,7.0574815,125.4877513,4,,Matcha
