place_name,shop_type,clean_review
Don Macchiatos Coffee,matcha, thumbs_up  thumbs_up  thumbs_up  thumbs_up  …
BRGR Alley Café,coffee,Place is clean and organized. Staff were polite. Food is good but I hope mas mabilis yung preparation next time.
The Matcha Tokyo - SM Davao,matcha,loved the matcha here  heart_hands_light_skin_tone  teacup_without_handle 
"KAOS CAFE - 24 Hours, Jacinto St.",coffee,"Unlocked its doors just last May. The white-black-red color motif the store played around together with the abstract paintings inside was admirable. Few parking slots, affordable rates and hopeful menu selection. Chicken adobo was delicious and the extra sauce made it scrummier. As more matcha beverages are gaining traction in cafés, this is one you'd definitely have to visit. The Hojicha whether 12 or 16 oz. was priced the same. Appreciate it more as the café operates 24 hours a day with kind staff to greet and bid you as you leave."
Fika Cafe - Lapu-Lapu,coffee,Their staff are very accommodating ang nice  thumbs_up   smiling_face_with_smiling_eyes  …
Whisk Davao Matcha,matcha,Served by Angel
The Matcha Tokyo - SM Davao,matcha,Nice service
Barok Cafe & Resto,coffee,"Food is good for its price. Mabilis lang din ang waiting time. I like what I ordered. Their tuna pesto pasta was good, tho it was a bit greasy for my liking but it's fine. I thought that the serving was a bit small, but I'm full. I forgot the name of the coffee I had but it was good too —on the sweeter side. But my friend said it was too bitter. Idk. Service is 3 bcs I don't know where to put the payment methods. It was the downside for me :( We don't really use cash and being able to take payments through credit cards or at least have QR codes for GCash will make it more convenient. Hope they'll have those options soon."
HYGGE COFFEE 2,coffee,My go to sa city 24 hrs good drinks not exceptional service all the time may crew na mabait at rude sometimes but overall a comfort coffee shop.
Knto Cinco - Lapu Lapu,matcha,"UPDATED: I haven't dined in here and always only go by Grab but I bet their pasta and cereal latte are great. However, the matcha is just disappointing because it's nothing special but it's pricey and just plain bad :( …"
Daleachious Cafe - Buhangin Branch,coffee,"Paid around 220 for a regular sized spanish latte with oatside (+40). Unfortunately, di lami. Unless you're staying inside the shop, masulit guro nimo ang 200+. Another overpriced ""aesthetic"" coffee shop."
Coffeepaste Davao,coffee,"The food and drinks are very budget friendly for students and it's really good. However, if you need a big space for studying, their space is quite small. Overall though, my visit here was worth it. Would definitely be coming back occasionally."
KISOM Atelier,matcha,good matcha. level 3 matcha is a must try!!
Habitat Coffee - Tulip Branch,coffee,₱179 pesos for a really small iced seasalt latte. I can't justify the taste and size for the price. I expected more because of the reviews. I guess this is just another aesthetic coffee shop in Davao na di lami.
Whisk Davao Matcha,matcha,"We enjoyed it much here; cozy, delicious drinks and great service. Ms Angel, their staff, was also very accommodating. We would definitely come back!!"
KISOM Atelier,matcha,"This is my first time reviewing a store and now I'm just expressing my experience with your staff, I forgot the name and it was like Thomas or something. So I ordered matcha with a flavored one I think it was pistachio and he was the …"
Whisk Davao Matcha,matcha,"I had an amazing experience at Whisk in Davao, thanks to Aaron. He truly went above and beyond by introducing and serving me a variety of matcha-based coffee drinks, each one with its own festive and unique character. He took the time to …"
WORK CO COWORKING MATINA BRANCH,coffee,place is cozy and cold internet is good and fast silent many clients good place to study parking area (first come first serve) until 8 am closing hours (meaning you can stay the whole night) nce nce may fridge pa sila if you want to buy softdrinks may cup noodles din sila for sale you can buy outside and bring them inside free coffee pakabusog ka free water good cr may common area with people or solo pod (alone) iz goooodddd
sips sala,matcha,"Went here Jan. 18, 2026. Had our first caffeine area since getting back in Davao (airplane coffee does not count) …"
The Matcha Tokyo - SM Davao,matcha,"Staff here is friendly. Their matcha products are good, not too sweet and not too bitter. Big fan of their soft serve."
Koffiepauze,matcha,Fronting a school makes it both a (+) plus and a (-) minus…..IDEAL TIME is after the students have been scooted inside and of course after school hours…..The hushed mood of the cafe at this time is just absolute for a starting meal of the …
The Matcha Tokyo - Azuela High Street,matcha,Authentic taste of matcha!  drooling_face  smiling_face_with_heart-eyes  …
&Matcha - Three Yards,matcha,"It was kind of hard to find since pasulod sya. Had a hard time parking since may bazaar during that time. The place was quite packed, we waited 20 mins to be seated. More on the pricier side but drinks were okay. Self service cafe."
KISOM Atelier,matcha,100/100 Thank you pl sa matcha and service ! Must try
Kafih - Davao,coffee,"the food is nice and the staffs are very approachable and friendly, worth the price yung food"
Matcha Ureshi Bar,matcha,I always order their vol 2 as my pick me upper. So good  smiling_face_with_hearts  …
Matcha Ureshi Bar,matcha,earl grey was smooth and balanced
Barok Cafe and Resto,coffee,"I went to Barok Café & Resto and the ambiance is amazing! They even have a co-working space, perfect for students and VAs — truly the best place to study and work.  fork_and_knife  The food is very affordable yet super delicious — definitely worth the price!  handshake  The service crew are so hospitable and friendly, it feels like you're just hanging out with your own friends while waiting for your order. I also visited their Magallanes branch, and I was surprised because no matter which branch you go to, the staff are consistently very accommodating. Big salute to Barok Café & Resto!"
Craft Coffee,coffee,Recommend if you plan to stay around the area lng
Matcha Ureshi Bar,matcha,We'll come back again hundred_points ! …
Matcha Bar - Marfori,matcha,5 stars. One of the best matcha spot here in Davao. Small space but great quality matcha and pastries. Great customer service too. Best time to visit would be noon to night. Great view of the park across the street.
Koffiepauze,matcha,The food is okay. The service is bad. Expensive... not really worth the money I give.
The Matcha Tokyo - SM Davao,matcha,The place is so amazing and the staffs are friendly and great!
Kopi lah Roti,coffee,Nice alternative to the usual starbucks. Usually a quiet place where you can find college students mostly those taking medical courses studying. Also a destination for families looking for good Malay coffee preparations and roti bread. Offers other food choices.
Beholden Coffee Experience - CM Recto,coffee,"First time dining in Beholden. I already like their matcha latte when I tried it sa Coastal branch nila. But this new drink kay lami kaayo. I substituted regular milk to coconut milk for this Hot Latte, lami kaayo. Must try. Iba ang creaminess and of course, non dairy siya so ok kaayo for those with lactose intolerance."
The Matcha Tokyo - SM Davao,matcha,got the iced cafe latte and it was good!
Baristro DVO,matcha,… here recently. The staff was accommodating and very friendly. I forgot what cheesecake I got it was so good. The matcha is kinda more on the milk side but I still enjoyed it nevertheless. The atmosphere of the place is great for …
The Bloom Coffee & Start-Up Space,coffee,A coffee shop I enjoyed and will recommend. Delicious coffee and satisfying meal. Tama lng din ang price.
PICKUP COFFEE - Davao Finance Center,coffee,"I recently visited Pick Up Coffee at the Finance Center. During my visit, the branch was managed by just one staff member, and he did a great job handling everything efficiently. The place is air-conditioned, clean, and comfortable—perfect for a quick coffee break. The coffee is affordable and tastes good. While it's not a premium coffee experience, it definitely delivers good value for the price. I ordered a Spanish Latte paired with a croissant, and they went well together. The staff was friendly and accommodating, which made the visit even more pleasant. Overall, it's a good spot if you're looking for an affordable coffee fix in a clean and convenient location. Recommended for students, office workers, and anyone who enjoys a simple coffee break."
Café de Vivré,coffee,"Ordered the Pour Over Ethiopia (Niguse Gemeda) and not exaggerating, it was one of the best cups I have ever had! The barista was very courteous and took the time to answer all my questions. I also love that this shop strayed from the usual Brazil beans, kasi to be honest, nakakaumay na rin minsan. Their Americano was really good too. My only lowlight would be that the place can be a bit tricky to find, especially if you are not from Davao. But overall, I will really miss this spot!"
The Matcha Tokyo - SM Davao,matcha,matcha frozen float is superb!!
Kafih - Davao,coffee,"I have visited a lot of cafes, but kafih is still my go-to spot for studying. It has unlimited wifi, is open 24/7, and is halal, which is great for my non-pork friends. The food and drinks are affordable and delicious, and the service is really excellent (super accommodating sila and mabait— hi ate and hi kuya!). plus, THE CATS! I sound like I am a paid promoter, but honestly, I really love Kafih. I think I have brought almost every friend I know here HAHAHA. you should genuinely try it!!!"
Out of Boredom,matcha,Greaaaat black sesame matcha! A dream
Starbucks - SM City Davao,coffee,I only visit this cafe if CBTL is not around in the place.
Cafe Demitasse,coffee,"After a hefty lunch, we stopped by and had some hot beverage. Tried their banoffee pie - not so sweet (pasado sa Tita vibe), cafe mocha, cappuccino. Coffeee were decent, nice interior, excellent service by staff- special mention to JB who was very attentive and elevated the experience for us!"
The Crazy Bite Co. Sky Cafe,coffee,MY OWN EXPERIENCE WHEN WE DINE IN WITH MY FRIENDS IS THEIR FOOD IS DELICIOUS ESPECIALLY THEIR BURGERS. SUPER KIND DIN NG MGA CREW NILA. CAN'T WAIT TO VISIT AGAIN  smiling_face_with_hearts  black_heart  yellow_heart 
Hygge Coffee,coffee,The staff clearly needs more training. Service was a bit unorganized and communication could be improved. Mali2 ang order. Quality of the food is mid.
The Crazy Bite Co. Sky Cafe,coffee,"Located on one of the oldest streets in Dvo, I discovered this establishment through the Davao Food Guide page, which did not disappoint btw, lami ilang beef burgers plus pts ang stunning Davao-Samal view. Visit na po kayo."
Whisk Davao Matcha,matcha,a great place to read and study — calm and comfortable. plus the staff are vv accommodating (Hello Ms. Angel  sparkling_heart ) definitely a place i'd love to keep coming back to. …
Wild Zebra Coffee,coffee,"Love their spanish latte and their pastries! Place is also very tidy and chill, they offer unli wifi here which is perfect place for students like me to stay at."
Aloha Kakou Neighborhood Cafe,coffee,"The nook where this seemly cafe is nestled has substantial parking for the whole building. Adore the peace and quiet. First visit —- the crabfat aglio olio needs a little boost... Iced cucumber tasted just right. Courteous but understaffed personnel. Need to ask for utensils and water….Only a visible lone person working the counter, drinks prep, and serving….Second trip — dark mocha latte was perfect (not surprisingly sweet)…Tuna melt sandwich and kani wrap salad was nicely plated but pricey for its small size. Left full….Surely would love to sample other dishes soon….."
Dunkin' Donuts- C. P. Garcia Highway,coffee,Didn't let me buy because they don't accept card payment.
Green Coffee - Marfori,coffee,Even though they off the aircon they should open the ceiling fans.
Matcha Ureshi Bar,matcha,"i love their matcha, super gooddd!!"
The Coffee Bar at GMall of Davao,coffee,Very enegertic and attentive si ate Glena! The best!
BRGR Alley Café,coffee,"Very yummy and well-prepared. Nabusog gyud mi, thank you kaayo! We also appreciate the warm welcome and accommodating staff. Great experience overall!  smiling_face_with_smiling_eyes  sparkles "
Starbucks,coffee,"Torres Starbucks is cozy.. not too much people , well , the time we went , it was ..perfect for a quick hot one  red_heart  thumbs_up  Christmas_tree  …"
Kanoffee Toril,coffee,"Kanoffee Toril is a hidden gem that satisfies your coffee cravings with its excellent Café Americano and iced coffee options. Pair that with their mouthwatering chocolate chip and red velvet cookies (yummy kaayo), and you're in for a treat. However, due to its proximity to a gas station and the highway, the noise levels can be distracting, making takeout the preferred option for a more tranquil experience, but the scenic view adjacent to the café adds a touch of natural beauty to the experience."
Thirty Third Café,coffee,There's so much coffee shops already in town but some really tastes different. This coffee shop will surely be part of the list.
Habitat Coffee - Tionko Branch,coffee,"Food is decent, but their mashed potatoes is not well seasoned, a bit bland siya for me. The coffee & matcha are good, though. The place is relaxing & not crowded, since we went on a weekday. The downside lang is that they only accept GCash-to-GCash transactions and don't offer other cashless payment options."
Matcha Ureshi Bar,matcha,"Ordered the Earl Grey Matcha, and it definitely didn't disappoint. The umami depth and subtle nuttiness were beautifully emphasized, while its smooth creaminess elevated the drink into a well-balanced and indulgent experience. Definitely must try!"
Floury Cafe,matcha,"We went there to celebrate my daughter's birthday. Generous food serving. My family loves the Steak Rice and Kare-kare. Very accommodating din ang mga staff. Though the cafe was full house that time, but they still able to serve as well."
Matcha Ureshi Bar,matcha,Best matcha in Davao 100/10!!!
&Matcha - Three Yards,matcha,"the staff r so kind!! (nakabuak kami guys :,<) will be back to try more  smiling_face_with_hearts "
Paramount Coffee Crocodile Park Davao,coffee,One of the best coffee shop in Davao. Legit  hundred_points  Fave drink Iced Spanish latte sub oat and for the food Triple Chocolate Revel Bar. Tried their cake (forgot the name) yummy din naman. We went there recently (March 2) I hope ibalik nila yung old Triple Chocolate Revel Bar na taste huhu yummy naman yung ngayon pero mas yummy yung dati..
Dunkin' - Bago Aplaya,coffee,"So every month we buy a box or bucket of munchkins. And since my husband became disabled we have a PWD id that we show and get discounts. So from January to current we use the id and get discounts. Every now and then I bring or take my husband with me just so he can get out and see the outside. Unfortunately recently DunkinDonut has this policy that the owner of the ID should be present. And it's not like it's easy for someone like me 5'2 to always or at least monthly take my husband with me who is 5'11 and weighing over 63lbs. Staff would say that it is a company policy that PWD must be present in order the discount to be applied. Eh pano nalang palang and hindi talaga nakakalakad at walang assistance. I am not saying that tanggalin nila ang policy all I am saying is that if you second guess the validity of the id you can ask for an authorization letter, a gov't id of the pwd card owner, picture or medical notes if you like. But to demand us to always bring our patient with us everytime we make a purchase is just simplying disappointing and exhausting. Good Day."
The Matcha Tokyo - Azuela High Street,matcha,"Was circling Azuela grounds but couldn't find the store. Not that visible from the road. Vehicles parked near one sidewalk gave me a hint so I followed suit. And there it was! Only few people before noon, two kinds of pastries at the counter, and a lot of unavailable items as well. Rates ain't cheap. Settled for takeaway. Tastewise, I can't quite pinpoint what's missing (with my drinks). I really liked the cookie with its sealed packaging. Having awarded already (in my mind) three (3) local places to get matcha indulgences and here comes this, well… A few more visits and it might change. There are interesting items on the menu that are not that prevalent in the city. 'Tis just odd they don't have GCash knowing the usual excuse of cafés not provided PCF or loose change by management….By the way, the designated parking lot was later pointed to by a roving guard on wheels which was farther down the road… Still keen for another round soon…"
Evermore Cafe Davao,coffee,"Service time: 2/5 2 hours for just coffee and pastries. Service: 2/5 Rude staff, he mistakenly interchange our number with the other table. He did not even say a word, ""nagdabog"", kinuha lang ang number sa table, and alis. However, some staffs are friendly naman. Drinks: Tried their coffee, not good. Tried their matcha, I did not even taste the matcha and was overpowered by sweetness and milk. Pastries: 3/5 Freshly baked but nothing special. Environment: 2/5 Noisy. Poor internet connection."
Coffee-Fied Cafe,coffee,10/10!!! Our little Sam loves her pampering sesh!! The staff is amazing!!! Most highly recommend!!!
The Matcha Tokyo - SM Davao,matcha,their staff was so friendly and accommodating and I liked their matcha ice cream!  green_heart  heart_hands_light_skin_tone  …
Daleachious Cafe - Lanang Branch,matcha,ALL GOODS AND AESTHETIC VIBES
The Matcha Tokyo - SM Davao,matcha,loved the matcha here  heart_hands_light_skin_tone  teacup_without_handle  …
Daleachious Cafe - Lanang Branch,matcha,Chicken alaking is so bland. Taste like flour. And sana just dont lie and tell me that the croissant are fresh and made just this morning.
Whisk It Good Matcha,matcha,"glad they have their place now! very cozy ang place and relaxing. lami ang drinks, especially the hojicha! i love that they offer if ganahan mo mag dagdag sweetener 5ml or 10 ml"
Matcha Bar - Marfori,matcha,100/10!!!  green_heart  teacup_without_handle  face_savoring_food  …
Matcha Ureshi Bar,matcha,Their matcha is so good!! And I love the cute corner by the mirror.
Matcha Bar - Marfori,matcha,i messaged them on fb re: my complaint (refer to sc) and followed up multiple times to at least respond and acknowledge lang kahit wala ng refund pero panay lang sila seen as if they're not concerned. i've tried and been to a lot of matcha places but this one is not it. not worth the hype
Cafe Tavera,coffee,"first time here.. walk-in couple date. friendly and professional staff. lami kaayo mga food, buti na lang masarap legit kasi medyo pricey for us common people. but pag nakaipon na, wxxill be back for special occasion and seafood cravings. some guests are too noisy but that's ok, we focus on our delicious food."
"Miss Bridgette,",matcha,Cozy placement
Matcha Ureshi Bar,matcha,very nice and yummy!!!
Cafe Tavera,coffee,Good food
The Secret Garden Cafe,coffee,"Definitely one of the best cafés I love going to  white_heart  Must-try ang matcha and Alfredo pasta! It's one of my go-to chill places. Sana lang ma-extend nila yung space since super small and walang parking—but overall, excellent talaga."
Matcha Ureshi Bar,matcha,This is nice. Vanilla Seasalt works good.
Starbucks - SM City Davao,coffee,"Good cs, shout out to thirdie! :) very accomodating"
Matcha Ureshi Bar,matcha,so cute !! my fave is their vanilla sea salt natcha hehe growing_heart 
"KAOS CAFE - 24 Hours, Jacinto St.",coffee,"The coffee was too sweet for my liking and the carbonara was okay (kinda expected more?) Unfortunately, I had a hard time connecting to their internet ans it's not so fast din pero okay na if you dont need to download videos. I love the paintings and how artsy the place is. Sadly, medj maingay ang place or the people who visited it for my liking."
The Secret Garden Cafe,coffee,Food and coffee is really great and would give a 9/10. Service is 10/10. I recommend their waffles 100%. Wish they would open earlier especially on the weekends.
Whisk Davao Matcha,matcha,"Everything is magical along with the matcha, the staff especially russel, sam and aeron. Kudos to you guys and thanks for everything! More power to you Whisk!"
The Matcha Tokyo - SM Davao,matcha,I like the ambience of the place
KISOM Atelier,matcha,"Have been a regular here since they opened, very convenient spot and they open early !! They have a wide variety of teas which I'd say is pretty unique sa coffee shop/ cafe scene sa davao, and the staff is super friendly. Baristas I've made friends with, sila Jan, Thomas and Oliver always bright and engaging, nag eengage in conversation, willing to answer questions about sa products nila and the process, and very knowledgeable about their menu. The prices for the matcha have gone up a little since I first started coming here, which is valid naman since they use quality ingredients talaga, but it takes away from the pagka student-friendly aspect. Pinaka worth it for me are the pastries. Priced well and tastes really good. I prefer coming in after lunch or early morning habang wala pang tao."
Matcha Bar - Marfori,matcha,"Matcha tasted good, staff accommodates well, good for beginners whose looking for what type of matcha to try. ALSO HAS HOJICHA"
The Matcha Tokyo - Azuela High Street,matcha,Good and quality matcha and with food now
Whisk It Good Matcha,matcha,Very accommodating ng owners and very approachable! love the food and drinks especially Pop the mastermind matchaaaaaa!
MYLK Cafe,matcha,guilt-free delicious snacks
The Matcha Tokyo - Azuela High Street,matcha," round_pushpin  The Matcha Tokyo @ Azuela Cove  check_mark_button  A must-visit spot for matcha lovers  check_mark_button  High-quality matcha taste  check_mark_button  Matcha drinks are smooth and creamy, no bitter aftertaste  sparkling_heart  Iced Matcha Warabi Latte - P280  sparkling_heart  Limited Edition Matcha Mint Chocolate …"
Daleachious Cafe - Lanang Branch,matcha,so slow pls the orders pls pls pls just for 2 rice meals
KOFI GRAM-BAJADA,coffee,"The places looks great, the coffee tastes fine and is priced well! Lot of food options also but just a bit pricey. I had a chicken rice meal and I liked it. It feels modern, clean, and comfy. They have a modern automatic toilet bowl HAHA Great cafe to tambay and chika, if you don't a bit of noise. At non-peak hours, it can be quiet aside from the music from the speaker. Good seating and number of available seats are offered. Sadly, the wifi can be hit or miss and limited to 1hr only per voucher. Decent enough for coworking!"
KOHI,coffee,"Pancake - opted for orignal one but meh for me. Not served hot and taste needs improvement. Matcha - tried both ceremonial and culinary grade. They have good drinks here, small serving nga lang for its price. Location - good, people cant talk loud here. Neighborhood vibes."
Whisk Davao Matcha,matcha,"The best White Chocolate Matcha  check_mark_button  Friendly staff. Thank you, Angel!"
BRGR Alley Café,coffee,"The ambiance was very nice and very ang hangin. The staff were very friendly, and we were satisfied with the customer service. The food was delicious so as the coffee. Highly Recommended. 1000000/10 - tangina ang sarap dito"
Kopi lah Roti,coffee,Taste different
The Matcha Tokyo - Azuela High Street,matcha,The best matcha!
The Secret Garden Cafe,coffee,"It's tiny, but its really cozy. They recommend you to get a reservation and I understand why. Seats can get full quick. Food serving was very, very generous. Food is good naman pero we found ourselves taking a few bites because it can be very overwhelming on its own. Mauumay ka.  pensive_face  pero ewan ko rin ah, we didn't get the first choices we wanted kasi unavailable eh. I think kaya pa naman bigyan ng chance  smiling_face_with_open_hands  Drinks on the otherhand - really really good! One thing lang when it rains, tumutulo. So maybe that's something they should look into since its already rainy season.  call_me_hand "
Daleachious Cafe - Lanang Branch,matcha,Their coffee is serve in flimsy paper cup even for dine in. Not much of the vibe as featured
Binnamon Cafe,matcha,Best Matcha in town  hundred_points  hundred_points  hundred_points  hundred_points 
PICKUP COFFEE - Oroderm City,coffee,"Super Lami, Affordable, Friendly vibes, Accomodating Staff"
Kohi Mame,matcha,Cutsey :)
Starbucks - Abreeza Mall,coffee,Early morning calmness
Out of Boredom,matcha,BEST STRAWBERRY MATCHA IN DAVAO CITY! No wonder why people won't stop raving about this place  clapping_hands_light_skin_tone  …
Kove,coffee,"Been here twice and always order their Café Con Leche (sub oat). Still on the hunt for the best Spanish Latte in DC though—this one is good, but not quite there yet. also Tried their Dubai Chewy Cookie too. texture is good (super chewy, just the right sweetness), but the pistachio flavor was kinda missing. Price-wise… not that worth it.  victory_hand_medium-light_skin_tone "
Green Coffee - Marfori,coffee,Awesome  smiling_face_with_smiling_eyes  …
Whisk Davao Matcha,matcha,First time visiting and I really love it!! Love the ambiance and their staff here. One of the matcha shop here in davao that serves pure and unique matcha flavor combinations.  beating_heart  beating_heart  Must visit! …
Whisk It Good Matcha,matcha,My favourite of all time!  heart_hands_light_skin_tone  teacup_without_handle  Matcharistas will help you choose based on your preferences. Luv it!  OK_hand_light_skin_tone  …
WORK CO COWORKING MATINA BRANCH,coffee,"thank u poooo, very nice to study and accommodating rin ang assistance ni ate divinee, will go again hereee"
MYLK Cafe,matcha,Excellent grilled cheese sandwiches here. Not too greasy. An adequate amount of tasty white vegan cheese. Comes with a few crunchy ruffles potato chips. Hits the spot! The owner also owns 'The Vegan Dinosaur' next door too which has an …
Whisk Davao Matcha,matcha,Just want to share how accommodating their staffs are. Russell and Sam. Matcha latte taste like one of boredoms matcha powder actually. If you're from south I'll recommend this place since medyo malayo ang location ng boredom. Will def go back.
Blugré Coffee,coffee,"As of today, closed for renovation."
STASH Coffee Co.,coffee,Enjoyed my lunch here. Very friendly staff. I passed it walking but noticed quickly it was on 2nd floor
Paramount Coffee Crocodile Park Davao,coffee,Spacious and airy ang ambiance sa place. You can sit outside. And enjoy the night breeze of crocodile park. Best if night time mag visit but they close at around 10pm. There's also eatery beside it so pwede ra kaayo mag kaon sag meal then coffee afterwards. We got matcha latter which is not too sweet and hibiscus tea. Refreshing after meal al fresco style. They have plenty of parking spaces as well.
Cafè Ficus,coffee,"Me and my friends visited this cafe for the first time and very satisfied kaayo mi sa ilang food and drinks, especially the Lasagna — superb gyud, lami kaayo!  smiling_face  The staff were also very accommodating and friendly. Worth the visit!  sparkles "
The Crazy Bite Co. Sky Cafe,coffee,"nice ambiance, i love the energy of their crews, affordable and delicious foods."
Krispy Kreme,coffee,has several branches...
Koffiepauze,matcha,It seems like it's forbidden to be polite.
Starbucks - SM City Davao,coffee,Smell the flavor of your ordered coffee with matching dessert.  smiling_face_with_heart-eyes  smiling_face_with_heart-eyes  smiling_face_with_heart-eyes  …
Paramount Coffee - Twin Palms,coffee,Good food & ambiance!  black_heart 
Solace - Coffee Club,coffee,"The place is suitable for focused work if you dine inside the cafe. The outside however is too noisy it has a lot of motorcycle sound and when I was there, there were people singing Karaoke but if that doesn't bother you, the cafe is really good place to hang out, enjoy coffee, and chill. Two drinks I've ordered, blueberry soda which tastes really good and refreshing. If they consider to lessen the amount of blueberry syrup, it would ve perfect. The second one is salted caramel latte - this one I was surprised that the taste was really good and the price is just perfect. I am inviting my friends over to try soon."
Matcha Bar - Marfori,matcha,I had a challenge looking for a cafe/store that serves a legit matcha and I found Matcha Bar as my go to matcha bar after yoga  smiling_face_with_hearts  …
Cafe Demitasse,coffee,They offer affordable but delicious sweets and desserts
Fiend Coffee Club,coffee,"Drinks are on the sweeter side and the ambiance is nice. But the staff and baristas at the counter aren't very friendly or welcoming. Been there couple of times but they always seemed uninterested and not very accommodating. One time, they were busy talking to each other and forgot to call me when my drink was ready. Please improve your customer service."
Matcha Ureshi Bar,matcha,"Good matcha, service and ambience"
The Limestone Brew,coffee,"I recommend this place before you explore the island. We went here after the ferry ride. Had some refreshments and okay naman yung lasa. I ordered baby back ribs and chocolate drink. The interiors are relaxing and welcoming for tourists. They have mga souvenirs. I remember meron sila raffle entries this December lang, I got 5. Not sure with the certain amount ng meals to qualify but ticket for Taylor Swift's concert ang prize."
Tomo Kopi - Emilio Jacinto Street,coffee,"Recommended ang spanish latte, matcha latte, and creme drinks <3 no cap bro frfr"
Whisk It Good Matcha,matcha,"My friends and I visited at night, and the place is a laidback spot for good conversation. I think I ordered Just Right (unsweetened) , and true to its name, it's smooth and slightly bitter, just how I like it. The owners explained the menu …"
Out of Boredom,matcha,"imo, they might have the best mocha in davao. they definitely have good coffee beans! production may take some time and their place is quite small (they're expanding soon)"
Purge Coffee Roaster,coffee,Best coffee and best service in Davao from my point of view. I don't mind having to drive 30 min to treat myself with really good coffee :-)
Slate Coffee + Deli,coffee,"Tucked inside Top Secret Auto Detailing Shop, this place has great coffee! Beans were fresh and milk was steamed to perfection (not too hot). Plant-based milk substitute available, and i love that their matcha and horchata are already oat-based. Yum also the sandwiches! Well seasoned and juicy yung chicken. Must try: Dirty Horchata and Grilled Cheese (no pic kasi naubos kaagad)  red_heart   fire "
The Bloom Coffee & Start-Up Space,coffee,Had a great breakfast here. Affordable and delicious. Loved that they open as early as 6AM and closes as late as 12MN.
"10,000 Reasons Cafe",coffee,I Feel the peace and pwede maka muni muni :)
Lot 38 Kape,coffee,I super love the spanish latte. Im very fond of drinking coffee talaga so Im very particular sa taste ng kape but when I tried the spanish latte it was very tasty. Very satisfied
Koffiepauze,matcha,Not unli wifi
LASA DAVAO,coffee,"Excellent service! Great food, amazing staff!!! Will always go back! Salamat kaayo"
The Coffee Bar at GMall of Davao,coffee,the service is good. staff are accommodating
Bramble,matcha,"Wow.. I didn't expect that. I love eggs benedict and it's my all time favorites. And none even in the us satisfied me (except when we did it ourselves in the kitchen when I was in culinary school). That was beyond perfect! (Poached egg was perfect too) Although hollandaise need a little more zest to it but it was good even with the smoked salmon, perfect balance. None overpowered the other. The smoked bacon and smoked salmon complimented each other. That was one good breakfast! And pretty heavy too. Usually, I order 2 eggs benny but I was satisfied with one and a matcha latte. They have other dairy alternatives too for those who are lactose intolerant. Will come again. 4 star cause of mosquito inside the restaurant. They love me for some reason. Otherwise, good experience."
Isolate Coffee Shop,coffee,"Super love the coffee, and the vibe! I love how accessible it is kay centro ra sa Calinan. Nice sad ang customer service  hundred_points  would recommend!"
Whisk Davao Matcha,matcha,"white chocolate matcha is good and the cheesecake as well, every accommodating din tung staff sila Russel and Sam."
Matcha In-House,matcha,"best matcha ever,,, oatly pa nga default milk!!! and premium matcha so far the best mura pajudddd"
"KAOS CAFE - 24 Hours, Jacinto St.",coffee,ang sarap sarap
Lot 38 Kape,coffee,We'll be back soon white_heart 
Beyond Beans & Co,matcha,Loving the drinks! First tasted during their bazaar set-up at SM Lanang and I loved how their crafted their drinks with the price. Sulit ang drinks. Tried the dirty matcha and matcha strawberry and the oat barley is really giving! Loving …
Matcha Ureshi Bar,matcha,My go to matcha!
Chatime - SM Ecoland Davao,coffee,Their tea's are delicious. The proof of that is the long waiting line. But you can always roam around sm while waiting for your order coz you have a gadget that will remind you that it's ready to pickup. The price range is arising around Php90-110. Depending on you add-ons. Their shop is just infront of PetCo right after the SM entrance. They give senior citizen/pwd discounts too. The regular price of large pearl milktea was Php105- but you'll just pay Php75- only if you are a senior citizen or pwd.
Café de Vivré,coffee,"Service was so good, super worth it ang food and drinks. The atmosphere was so relaxing. Cute baristas!"
The Secret Garden Cafe,coffee,"Place is very instagrammable! IG Pepz will definitely love this place. Just an honest opinion, I tried their Caramel Macchiato which by the way my favorite, less coffee and more milk which I think has a low quality, sa bisaya pa lasaw ang gatas. Would I go back? I'm a bit skeptical kay first impression lasts na sa akoa, but if naay chance why not? Pero gidayo pa naku ang cafe coz of TikTok hype and I was a bit disappointed pero let's give another chance and maybe try a different one. Oh by the way, the brownie was too sugary. Next time I'll go for pasta nalang  grinning_face_with_big_eyes "
The Crazy Bite Co. Sky Cafe,coffee,The best gyud dri guys smiling_face_with_heart-eyes  face_blowing_a_kiss 
Whisk Davao Matcha,matcha,Love their matcha!  green_heart 
The Matcha Tokyo - SM Davao,matcha,I like the ambience of the place
Inherent Coffee,coffee,Recommendable ang shop and also the place  relieved_face  …
Green Coffee - Diversion,coffee,"Very spacious. And I love how it's open during the wee hours of the day. Since they just opened, don't expect much as there's no internet yet. So better bring your own data. I love how there's center isle of plants inside with a lanay where you can see more greens. True to it's name. And more parking at the back. Looking forward to visiting again soon."
Whisk Davao Matcha,matcha,Matchalicious!! Thanks Ms. Angel for letting me whisk my own matcha drink.  grinning_face_with_big_eyes 
Dakong Balay,coffee,"We had a wonderful experience at Dakong Balay Toril! The place has a relaxing and homey atmosphere, perfect for family gatherings and special occasions. The food was delicious, served in generous portions, and reasonably priced. The staff were friendly, accommodating, and attentive throughout our visit. I also loved the beautiful gardens and the charming ancestral house that gives the restaurant a unique and cozy feel. Definitely one of the best places to dine in Toril. Highly recommended—we'll surely be back!  hundred_points  red_heart "
Daleachious Cafe - Ecoland Branch,coffee,I recommend you to try their Matcha with Strawberry drink. Masarap!
Koncrete,matcha,This is my go to place! I love the konkrete gray drink (it was strong and hits good) and the matcha was just okay. We will be back for slow time me time  white_heart  …
Koffiepauze,matcha,Relaxing ambiance
Coffeecat,coffee,One of my fave places to stay for long hours (especially sa sofa area). Super like their Spanish latte with oat milk  thumbs_up  sometimes it may get crowded pero laban lng.
KISOM Atelier,matcha,Love the place and the matcha
Matcha Ureshi Bar,matcha,Love their hojicha
Daiko Coffee,coffee,Went here for a few times already. Loved their matcha and ube latte and gina recommend ko yung Cheesy Fries nila always  grinning_face_with_sweat 
Coffee By The Way,coffee,Had to follow up thrice. On the 3rd follow up dun pa nila na realize na our order was not in the kitchen hence it was not prepared. Decided na itake out nalang. Juskoooo!!! Waited 1 hr for this order! Sa halagang 300+
The Matcha Tokyo - Azuela High Street,matcha,The best matcha!
"The Coffee Bar, Gaisano Mall of Toril",coffee,Favorite naku inyo Matcha  red_heart 
Kopi lah Roti,coffee,Luv the Kaya & coffee with condensed milk reminiscent of Asian coffees
Cafe Julieta,coffee,The food is good there. They have choices from steaks to asian dishes. Like seafood laksa. A bit pricey though. And they have cakes also which we really good. I recommend the sans rival cake.
Out of Boredom,matcha,Matcha!!! One of the best star-struck 
ROOFTOP Café Bar,coffee,"I won't let this night to end without letting go of the disappointment that I felt. We ordered chicken wings in two different flavors, when the order finally came, me and my girlfriend was so DISAPPOINTED with how it turned out. The chicken wings was so THIN, SMALL, and it feels like it won't even reach my stomach. I didn't expect this kind of food, I don't know if we were the only one to experience this. Hopefully, you will be able to reconsider your meals if you think that your customers won't be satisfied. Halata naman siguro sa laki pa lang ng chicken na hindi siya worth it i serve, barely may laman, halos buto nalang. I was so frustrated when I saw the serving pero just to respect kasi maraming customers that time, I didn't cause a scene nalang. Sana man lang, aware din ang in charge sa size ng chicken if justifiable ba siya i serve. We don't have photos to prove our claim kasi nga sino pa ba ang gaganahan mag take ng picture kung yun na ang nasa harapan mo, we had no choice but to eat it since sayang din naman, we were so hungry and tired to argue and complain pa. I hope you'll understand where we are coming from, we won't make this review naman if hindi kami na disappoint ng grabe. We ate sa place na yan not once but twice na, and we was also disappointed during our first dine, but nag give mi ug another try. Pero yun nga still disappointed."
RE-Ground Coffee & Cafe,coffee,"I've tried a lot of coffee around the Philippines and this just maybe the best so far. The ambiance here is very relaxing, It's a simple cafe along the highway of Libby road, Bago Gallera. Walang maraming arte, it's an open space (al fresco) with a big tree, tables and chairs and that's it, pero ang sarap tumambay habang nagkakape while enjoying the fresh air and the beautiful scenery of the farm. Very charming barista!"
Aloha Kakou Neighborhood Cafe,coffee,"Food was top notch, relatively cheap. However serving time was too long (>20mins), despite the place not being too busy the night we visited."
The Matcha Tokyo - SM Davao,matcha,Loveeeee Ittttt!!! Good Matcha & Hokkaido Soft Serve & everything is gooood  heart_hands  heart_hands  heart_hands  heart_hands  heart_hands  Guys don't forget to drop byyyy!!! …
The Coffee Bar at GMall of Davao,coffee,Excellent food and service
Annipie,coffee,Food and service are excellent.
"Miss Bridgette,",matcha,"I think I just found my daily dose of joy. It has pleasing vibes! Great choice of location, friendly staff and clean looking space. Favorful perfection that makes every moment at the table memorable. We were full when we went here but for sure we will try their specials and others on the menu soon."
Matcha Ureshi Bar,matcha,Been waiting for their physical store!  pink_heart  …
BRGR Alley Café,coffee,Onion crisps are my favorite face_holding_back_tears . Burger is fresh and delicious. 10/10
The Matcha Tokyo - SM Davao,matcha,Nice matcha
sips sala,matcha,Super cozy and intimate spot w yum and authentic tlga na matcha
Koffiepauze,matcha,Favorite coffeeshop in Davao. Accommodating staff. Food is great and their coffee is  red_heart 
JAS Caffeinated,coffee,Tried their Carrot Cake which is new in their menu (accdg to their staff) but was kinda disappointed since the cake is quite dry and hard :( drinks are okay as well.
MYLK Cafe,matcha,Cozy space and strong ac!
"The Coffee Bar, Gaisano Mall of Toril",coffee,40mins for food is not OK but we waited. more than 40mins for a coffee is not OK. They served the wrong drinks. Walay organization and understaffed.
Dunkin' Donuts,coffee,may tables and chair to take the food..
Yukiss Cafe and KTV,coffee,"Food is good, and the ambience"
The Matcha Tokyo - SM Davao,matcha,Very good service and foods
Kohi Mame,matcha,Jen is so kind and pretty  two_hearts  delicious 10/10 …
The Matcha Tokyo - SM Davao,matcha,best matcha ever
sips sala,matcha,Super cozy and intimate spot w yum and authentic tlga na matcha
Yukiss Cafe and KTV,coffee,"I am writing this review directly from the venue to express my deep disappointment with the service at Yukiss Cafe & Events Room. We arrived at exactly 10:00 PM. The doorman/guard (the guy wearing a red-striped shirt) was very polite and greeted us well. However, the energy completely shifted once we stepped inside. There were three staff members at the counter: a young man and two women, one of whom was older. They all had frowns on their faces, looking completely unhappy to see customers. They initially handed us the menu, but just as we were about to order, they abruptly informed us that they were already closing. We pointed out that according to Google and Facebook, their operating hours are until 1:00 AM. However, they told us that they actually close at 11:40 PM. I politely asked the older woman for an explanation regarding this discrepancy, asking, ""Ano masasabi mo, ma'am?"" (What can you say about this, ma'am?). She completely ignored me and gave no response. Despite saying they were closing, they still let us order. Since we traveled all the way here—and the location is quite hidden, dark to get into, and exhausting to reach—we didn't want our effort to go to waste. We originally planned to sing videoke and order ramen, but our mood was completely ruined. We ended up just ordering 4 Smirnoff Mules because of the pressure that they were closing, even though we could still hear other customers singing videoke. To make matters worse, the older woman audibly remarked, ""Nag sayo unta mo"" (You should have come earlier). It felt like a joke because they were making it seem like it was our fault, which was shocking. Less than two drinks in—not even halfway through our beverages—they immediately demanded payment because they needed to do a ""cash count."" There was absolutely no consideration for the customers. When we left, there was no ""thank you"" or even a simple ""pasensya po"" (we're sorry) from that older woman. As someone who understands the food industry, I completely get that they were exhausted and wanted to go home. I know how hard the job is, and I would have gladly understood if they just handled us properly. In fact, I kept smiling and even made light jokes to keep things light. I handled myself nicely, but the treatment I got in return was just rude. What hurts the most is that I brought my family with me. To have my family go through such a terrible and unwelcoming experience really hurts on my part. The way they practically shooed us away proved they have zero knowledge of customer service. The staff badly needs a seminar on hospitality and how to speak politely to paying customers. To be fair, the doorman in the red stripes was courteous. The young male staff member, who was clearly forced by the two women to collect our payment early, was also polite to us. Meanwhile, the two female staff members hid and ducked behind the counter out of embarrassment. The embarrassment is real. The place itself is beautiful, well-designed, and aesthetic. It is clear that the owner invested a lot of thought, money, and effort into the decorations and details. It's such a pity that a great business is being ruined by the terrible attitude of its employees. Looking at other Google reviews, it seems I am not alone—most complaints are about the staff. I truly feel bad for the owner if they are unaware of how their employees are sabotaging their investment. Pros: Beautiful aesthetic, polite doorman, and polite young male staff. Cons: Horrible customer service from the female staff, inconsistent operating hours, and very rude, dismissive behavior towards families."
Kapeweñoz V. Mapa,coffee,"Small,tiny place with Tasty Coffee at very affordable prices…"
Coffee For Peace at One Oasis,coffee,Thank you Kevin. Do comeback and continue to support our advocacy.
Dakong Balay,coffee,"Though I haven't visited the place in person, but I used to order food from them via Grab. The pork humba is so delicious and their chopsuey. Hindi basta-basta, fresh and hindi tipid  OK_hand . You can tell that they know what they're doing. Kudos!"
Seattle's Best Coffee,coffee,Ordered coffee and waited for several hours.hagu is real.
Whisk Davao Matcha,matcha,Spanish latte red_heart .Must try the Whisk matcha strawberry latte
Matcha Ureshi Bar,matcha,Love the place. Peaceful vibes. Price is good. Worth going back to.
Kofi Gram Bangkal,coffee,Luv the red velvet cake. And the caramel macchiato iced coffee  loudly_crying_face  and mabait ang cashier hehe Also i luv na 24/7 ni. Even the takeout packaging is nice. Thanks guys! Keep it up!
Starbucks,coffee,Cozy place to chitchat with friends
Into D' Woods,coffee,A quiet and peaceful cafe.
Lot 38 Kape,coffee,"Had an awesome experience in this coffee place. From the classic espresso to the intricate pour-overs, this place is a haven for coffee lovers."
The Crazy Bite Co. Sky Cafe,coffee,"Food is affordable, exactly priced. The serving of food takes too long, about 30 minutes. We had to wait on a long queue before we could get a seat. What's the rave about this cafe? Probably the roof deck where you'll see Davao's skyline."
Barok Cafe & Resto - Buhangin,coffee,"Poor service! Lie! They said within 3 days they would return the ₱280 that they wrongly punched at the counter when we dined there at their Tigatto Branch on April 12, 2026. It's April 28, and they never responded back from their FB page and even by text! I kept on doing follow ups but still nothing, last update on April 25 saying it was in the accounting department but after that, they never responded until now. This is not about the money, it's about their poor service and wrong promise!!!"
Verdeli Garden & Cafe,coffee,"Atmosphere is superb here, we dined at their outdoor nila but while enjoying the greenish backyard."
Matcha Ureshi Bar,matcha,Small cozy cafe
"Miss Bridgette,",matcha,It's a genius idea to have a conversation starter pack in every table.
Onse Kopi,matcha,Would come here more often gyud if they were near my house. Please open a branch sa North!  loudly_crying_face  …
MANU Coffee,coffee,"Interiors are nice 10/10 - a modern contemporary approach. Ordered matcha latte,spanish latte, and their pastas. Sarap nung pasta! Good for its price! Pwede sa students, madaming table and sockets."
Matcha Bar - Marfori,matcha,zozo's delicious
Matcha Ureshi Bar,matcha,Where Happiness meets matchaaa!
The Matcha Tokyo - SM Davao,matcha,The place is giving tokyo drift vibe char! Haha kidding … been to many cafes that serve matcha and this here in THE MATCHA TOKYO hits differently like real authentic matcha tlga as in hindi chararat 39 matcha simbako! worth the money! the …
The Matcha Tokyo - Azuela High Street,matcha,Favorite matcha drink and pastry
Matcha Ureshi Bar,matcha,Double Matcha kurumu the best!!  face_savoring_food  beating_heart  …
Coffee For Peace at One Oasis,coffee,"Good selection of drinks and great space. The social enterprise feel of the cafe is a bit muted in this new location. Other than that, good place to sit and take a break."
KISOM Atelier,matcha,So cozy! V unique in serving their matcha  white_heart  …
Paramount Coffee - Twin Palms,coffee,"Good food and coffee, good place. Not a lot of options sa menu. With parking area. Clean restrooms. Cash and gcash. Cards? Last time i remember they do not accept cards for payment. Nice cozy area sa 2nd floor. But hard to do work, read, chill, or study here. Kids from the school nearby make it an extension of their school canteen.  face_with_tears_of_joy  Noisy, sometimes destructive.  grinning_face_with_sweat  Best time to study, read, work, or have a chitchat w friends is during school hours and you're all good."
Mandatory Matcha Bar,matcha,The Matcha here is perfect. Smooth and umami. Will come again next time im around the area
&Matcha - Three Yards,matcha,"Guys, first time here and definitely will be a suki!  hundred_points  From the ambiance, food, and service—everything was really good. …"
Daiko Coffee,coffee,"This coffee shop has become my regular place to study, and I absolutely love it here. The atmosphere is cozy and homey, perfect for focusing and staying productive. The staff are always friendly and welcoming, and the coffee is consistently great. The Wi-Fi is strong, which is a huge plus for students like me who need to work online. It's no surprise that many students choose to study here, it's such a comfortable and inviting environment. Just a small suggestion: it would be great to have an exhaust fan in the kitchen or if meron idk what that thing that stings our eyes (maybe sa onion while you're cooking). Other than that, everything else is wonderful!"
Karlo's Gourmet & Coffee,coffee,Good swimming pool
Coffeecat,coffee,Coffeecat but no cat :<
The Matcha Tokyo - Azuela High Street,matcha,"I ordered iced matcha latte. As someone who loves ceremonial matcha, it's kind of too bitter for my liking. While for the mango soft served, i like the way how it is not too sweet. If you're into matcha that leans more on the bitter side, …"
Fourth Street Cafe,coffee,great coffee. great price. great ambiance
Matcha Bar - Marfori,matcha,THE BEST.
Twelve Coffee Davao - Ecoland,matcha,"This is the BEST cafe for me. The price, portion sizes, service and taste. Ever since I tried their milkyway, pabalik balik nako diri. Daghan nako na try lain cafe, pero kani jud nag stand out. Simple lang ilang place, but cozy. Much better compared to other known cafe na super expensive."
Fiend Coffee Club,coffee,LAMI KAAYO ILANG RICE MEALS!! We are visiting from abroad and we tried the Honey garlic beef and Buffalo chicken tenders
Hid'n Coffee,coffee,"The first time I visited, I brought my grandma, mom and aunts and they all enjoyed it. Loved the garden feels, though others might find it hot or difficult to eat cause of the low table (though they provide a high tray naman) potted_plant  Great coffee from Hid'n  hot_beverage  + great breakfast from Before Weekend.  pancakes  What more can you ask for? Will be back for sure!"
Coffee at Yellow Hauz,coffee,"It's been ages….When coffee shops were still so few, this was one easy place to be…..The interior is different now…. Menu ranges from salads to sandwiches, pasta, rice meals, desserts then down to beverages… After ordering the cashier hands over wifi access vouchers……The grilled cheese sandwich was heavy and cheesy/salty for me….I love the subtlety of the caramel latte…The kani salad was adequate for one person (had to ask for a knife)….Clean place…Good internet connection…Luckily, parking was not full…Eagerly await my next visit…."
Daleachious Cafe - Lanang Branch,matcha,"Strategic how they'd switch to operating 24 hours, right? And just one of the very few doing so…..The fourth of their many branches I have been to. With its location under mall hours on weekdays, it's quiet and calmer. You'd be pleased …"
The Limestone Brew,coffee,"We tried here when we got to Paradise Island in Samal. Hinatid kami via tuktuk, sabihan niyo lang yung guard and reception sa paradise island and they will call someone. Food here is great despite being on an island. Good food and vibes!"
The Matcha Tokyo - Azuela High Street,matcha,The atmosphere was a vibe and also the matcha
Koffiepauze,matcha,Good place to relax but the hot tea doesnt have a tea kettle to keep the hot water warm. It is only on a cup.
The Matcha Tokyo - SM Davao,matcha,The staff were very nice and the drinks are worth more than its price! will definitely go again
Starbucks,coffee,staffs are accommodating and friendly
Coffee Project Mintal,coffee,The coffee is very expensive but there is no internet. Not ideal for meetings or work.
444 Coffee,coffee,Good cinnamon rolls
KISOM Atelier,matcha,"We're from CDO and did a café hopping trip in Davao City, and Kisom Atelier was one of our stops. The place is very aesthetic, with lots of seats and tables—perfect if you want to stay longer or just enjoy the vibe. I really love their ceramic designs and the ceramics they use; it adds so much character to the café. The place is also really nice for photos and videos, especially if you love clean and artsy shots. Tried & Rated: • Cafe Latte (₱160) — 8.5/10 • Pistachio Matcha Isom (₱280) — 8/10 • Biscoff Cookie (₱120) — 8/10 • Kisom Matcha II (₱260) — 9/10  star  Note: Would be glad if the staff were more welcoming. Hehe, thank youu  smiling_face_with_smiling_eyes  Overall, a great spot for coffee, matcha, and aesthetics. Definitely worth visiting when you're café hopping in Davao  hot_beverage  sparkles "
Glasshouse Coffee,coffee,This place is one of a kind.. The first coffee shop with this ambiance in davao city.. The coffee really tastes excellent. A lot of reason to comeback..
Koffiepauze,matcha,"Good coffee, nice ambience, tables were a bit high for a coffee talk."
Annipie @ The Farm,coffee,More menu choices than your typical Annipie. It's got a forest vibe. Sudlonon pod sya. Perfect for a quick break from the city
Koffiepauze,matcha,"Cozy and modern place but same problem as in so many places here.TOO COLD , wasting lots of expensive energy. The food quality not as good as it look like. Places long time used by studying students while they not consume or drinking free water. Very big seats who take a lot of place so the number of customers is limited."
Cafe Gervacios - Pastry and Coffee in Davao City,coffee,"The place is very elegant. They offer good, tasty, excellent variety of food. Na basta lami gyud!!!"
AtCurbside,coffee,"Go-to coffee shop and go-to coffee. Dami ko nang nabudol sa Spanish Cold Brew nila haha. For someone who likes their coffee milky and not bitter, it's perfect for me. There's really something about the milk that's just so addictive. The staff are very friendly and the place can seat about 10 people in total as they also have chairs outside."
Fourth Street Cafe,coffee,"Not so pricey but super lami, loved their matcha!"
The Matcha Tokyo - Azuela High Street,matcha,"I ordered a Matcha Latte with float. Taste-wise? Yes, it's really good — smooth, and you can tell they used quality matcha powder. Price-wise? It's too much. The total was ₱400, and the cup was really small with plenty of ice. The small …"
Darkk Coffee Co.,coffee,Accommodating owner and his Mr. Dark coffee is a must try for coffee enthisiasts like me.
The Matcha Tokyo - SM Davao,matcha,Another matcha place in Davao.  face_savoring_food 
Whisk Davao Matcha,matcha,"Their drinks we're good, I really love their Salted Caramel Matcha with the asin tibuok(+presentation). The matcha flavor was not strong which I like and has a little kick to it. The Signature Cacao was amazing, you can really taste the …"
Twelve Coffee Davao - Ecoland,matcha,Grilled cheese sandwich is a must try!
Steep Kohi,coffee,"We visited Steep Kohi on a Sunday, and it can be hard to find since there's no big signage. Just look for the ""Philippine Airlines"" sign, and it's inside that area. The place is small and more suited for grab-and-go. The space feels cramped, dim, and could benefit from a bit more maintenance and organization to make it more inviting. We tried Matcha Volumes 1 and 2 which were both good but we preferred Volume 2 for our taste. It had a distinct matcha flavor that's not too overwhelming and sweet. They use oat milk. Volume 1 costs ₱210, Volume 2 is ₱280, and considering the premium price, it would have been nice if the cups were filled to the brim. They have a cutoff at 6:30 PM and don't have receipts. They accept cash and QR payments. Overall, one of the better matchas in the city if you can overlook the cramped space."
Binnamon Cafe,matcha,Matcha the best! green_heart  …
The Matcha Tokyo - SM Davao,matcha,Great drinks foods and service
Starbucks - SM City Davao,coffee,I hate the coffee not as good at Tim Hortons
The Matcha Tokyo - Azuela High Street,matcha,Perfect matcha!
BRGR Alley Café,coffee,Good food good service
Whisk Davao Matcha,matcha,Great matcha place! Their matcha is a bit on the sweeter side which suits our liking. Will try other menus on our future visit..
KISOM Atelier,matcha,"… to answer questions about sa products nila and the process, and very knowledgeable about their menu. The prices for the matcha have gone up a little since I first started coming here, which is valid naman since they use quality ingredients …"
Kopi lah Roti,coffee,i really love the kopi bun!!! the ice kopi teh is so good. i will try the kaya toast next time. i tried the kaya toast and it is good!
KISOM Atelier,matcha,Matcha is good  white_heart  …
Urban Grind,coffee,Thank you for accommodating us! Da best ang foodss!!
Starbucks - SM City Davao,coffee,Staff returned my wallet I left on the counter and the security heard me sneezing/coughing constantly and brought me a glass of water. So I rate this one highly due to the staff. Food and drinks were usual decent quality.
"KAOS CAFE - 24 Hours, Jacinto St.",coffee,"September 28, 2025 Just walked from Brew Lane to see this area. Cool concept. Got in and was about to leave as I fear no seat but there was this couch next to great wall art. I'm feeling Strawberry Rothko at that time but they said they ran out of the syrup. Settled with the ₱180 8oz Choco Picasso. Liked the barista skill on it to glorify the heated milk chocolate drink. I've had enough sikwate to say this isn't for me. Will come back when I decide the KAOS drink or food to take. Update: October 26, 2025 around 9:30pm to 5am next day Shared some ₱229 Brushstroke pork katsudon. And that's that then stayed there until 5am next day. I have to say that experiencing more from this cafe allowed me to state more. I have to say that from time to time street children have frequented the area. I have nothing against them and if the area is for them, go ahead. Please take care of them as you have took care of us customers. There is also one customer who was blatantly loud in arrival and departure then so on. It was a turnoff for guests like me that I had to switch tables subtlely. I appreciate your tolerance for most guests especially when they pay a lot but do read the room and assist those affected. If it's too much, it's alright. We will adjust. I appreciate the constant hot water refills as the night to midnight to day is cold. I need this service. May or may not come because it's a farther route in Roxas. Thanks for your service."
KINN & Friends,matcha,usual coffee and matcha spot
Mori & Mill,coffee,"TERRIBLE!! RUDE STAFF. NO PROPER COORDINATION. MID FOOD Don't get fooled by the TikTok videos. This is one of the worst restaurants I've ever been to. WAITED FOR 1 hour and 30 minutes for an ""inyoha nalang na"" table. I'm not the type to wait but since my MIL wanted to dine here, we waited. Everything was so unorganized, they didn't know where to sit us. The staff assigned by the door pointed at one of the tables and said it was ours since we were a pax of 8. We waited and waited. There was a long queue outside and they had plenty of vacant tables inside and said they were ""reserved."" Some of the tables remained vacant the entire 1 hour and 30 minutes of our wait. If they knew how to flip tables and hold reservations minutes before the assigned reservation time, WE COULD'VE EATEN ALREADY. But we remained patient. Finally the table that was ""assigned"" to us was vacant, THEN THE STAFF TOOK ALMOST 20 MINS TO CLEAN ONE TABLE. When we were finally about to sit, one of the staff (the guy assigned to desserts on duty July 1 around 7-10pm) STOPPED US AND SAID IT WAS RESERVED FOR SOMEONE ELSE, HUH?! AFTER 1HR AND 30MINS?? THE STAFF BY THE DOOR JUST SAID IT WAS OURS AND NOW IT'S RESERVED FOR SOMEONE ELSE? That dessert guy (see attached photo) IS SO RUDE, HE NEEDS TO UNDERGO TRAINING AGAIN. When I showed my frustration and said we waited too long and were told that was our table, he said ""sige, inyo nalang na, hatag nalang nako sainyo."" INGANA BA ANG TARONG NA SERBISYO? INGANA BA MUTUBAG?? WALA MAN LANG NANGAYOG PASENSYA, WALAY ""MAAM, SIR""?? NAA PAY TONO NA PABALANG??? NAA PAY TINANAWAN NA MURAG SI KINSA?? TARONG BA NA?? AND AFTER ALL THAT HASSLE THE FOOD WAS MID. NOT SPECIAL. PURO PA AESTHETIC. DAGHAN KAAYOG STAFF, SIGE'G LAKAW-LAKAW, PERO DUGAY KAAYO MAKA-SERVE, DUGAY KAAYO MAKA-ABOT INIG TAWAGON. OG ANG TUBIG DIRA NA NIABOT NGA HUMANA NAMIG KAON. NEVER AGAIN."
The Matcha Tokyo - SM Davao,matcha,The salted cream latte is delicious. Worth it.
AtCurbside,coffee,"Staff are always in a rush even during slow hours. 3 out of the 4 times I ordered in person (3 dine-in, 1 take-out) the one who took my order seemed like they were in a rush. my first 2 visits, i encountered the same barista. Talked fast with a monotonous unwelcoming tone. 3rd time was a different guy. he was the most neutral, like what you'd expect from cafes. 4th and most recent visit, this was the most annoying of them all. I was ready to say my usual order, their famous spanish cold brew 16oz. When the lady behind the counter asked for my order, i said ""isa pong spanish cold brew s—"" then she interrupted me by saying ""size po?"" even tho i was about to say it. and then when i said ""sixtee—"" she cut me AGAIN by saying ""for here or to go"". After taking my order, i was told to wait for a bit for the card payment (she took orders but queued the payments) so i decided to sit down. When she called me, i stood up next to the people in line because i was only going to pay and they were still making their order. the barista then told me ""one line lang po sir"". me, embarrassed, went to the back of the line. the barista then looked at me and said ""dito lang po sir for payment"" referring to the front of the line. even the other customers looked confused with her directions. drink is good but its not worth the terrible service"
Coffeecat,coffee,I always come here for the yogo(frozen yogurt) as it was my type of ice cream. However my friends disliked the milk tea.
Habitat Coffee - Tulip Branch,coffee,mouthwatering coffee
Starbucks - SM City Davao,coffee,Great coffee lives here!
Matcha Ureshi Bar,matcha,"The matcha here is amazing—very smooth and not bitter. The shop is bright, clean, and looks great in photos.  teacup_without_handle  sparkles  …"
Koffiepauze,matcha,Cozy place.  smiling_face_with_heart-eyes  I really love the ambiance of the place. I love their spicy buffalo wings. It's the best place for students and young professionals. I'm sure they'll love it. …
Whisk Davao Matcha,matcha,Love the ambiance & accommodating staff most esp Ms Russel & Sir Loki. All the best!  green_heart  green_heart  green_heart  …
Floury Cafe,matcha,Went here alone on a Sunday at around 4pm in the afternoon. It was fully packed but they were fortunately able to accommodate me. I ordered the matcha foam latte (?) and the pain au chocolat. I loved the matcha latte but the pain au …
Matcha Ureshi Bar,matcha,Good matcha  revolving_hearts  …
The Matcha Tokyo - SM Davao,matcha,"Hi! I'm a suki at a Japanese-owned matcha house near SM, and I order there around 5x a week  grinning_face_with_sweat  (not to mention I've also been to Japan), so I kinda know what good matcha should taste like. …"
Coffee Project Mintal,coffee,"Very nice decor, adequate seating, and vast selection of coffees, on top of that if needed an excellent bakery is next door, that's a winning combination."
The Matcha Tokyo - SM Davao,matcha,Very good
Lara Mia Café & Bistro,coffee,It's also delicious here and the place is beautiful.
Whisk It Good Matcha,matcha,My wife's favorite matcha place in DVO  smiling_face_with_smiling_eyes  10/10 customer service also! Appreciate ko rin how they run through all their …
Yukiss Cafe and KTV,coffee,The best is the macapuno ube.
Coffee By The Way,coffee,Food was average but expensive. Half of the menu was not available. The place the really nice.
Matcha Bar - Marfori,matcha,"Matcha Bar is one of those rare spots that feels like a quiet reset. Chill vibes, nothing loud or rushed... just a space where everything feels intentional. Although, I have to note that their space is on the smaller side; but judging by …"
Matcha Ureshi Bar,matcha,"We tried the matcha with gelato on top in their store. Rating it low because we expected so much for the gelato as it had a different taste before sa pop-ups. We tried several times sa pop-ups nila even in davcon, it tasted different mas better pa yung sa davcon. Hopefully we can have it better."
AMCG Farm (Damosa Branch),matcha,Ube Matcha tastes so good!!  smiling_face_with_smiling_eyes  Legit  hundred_points  Very responsive via text message. They're not on grab yet so I just had the rider pick them up …
Matcha Bar - Marfori,matcha,Nice place and nice matcha!
Matcha Ureshi Bar,matcha,"Discovered Matcha Ureshi on one of the fleas in Thee Yards! I like their double matcha kurimu, but a bit too sweet to my preference. Dapat gipa less ko ang sweetener haha but still good. …"
Oye Coffee,matcha,"… The interior is small, but has a friendly vibe. In terms of their drinks, I liked their salted coffee along with their matcha. The croffle wasn't too bad too. Parking in front is limited though, but you can still park at the side of the …"
Mandatory Matcha Bar,matcha,love their matcha! the milk did not overpowered the matcha powder ang fits for grassy matcha girlie like me. my friend requested to make it creamer thats why murag lasaw ang isa  grinning_squinting_face  their place was cozy and a litlle bit small …
Koffiepauze,matcha,Very nice ambiance and music was soothing.  red_heart  but steak wasnt avail.  pensive_face  food was great! Except for carbonara doesnt taste well for me. …
Matcha Bar - Marfori,matcha,Very Good
PICKUP COFFEE - Gaisano Mall of Davao,coffee,Ordered via their app and upsized my drinks but received this. Sayang lang add for upsize when they don't even fill out the cups properly.
BRGR Alley Café,coffee,Food is good and ambiance is super calming  leaf_fluttering_in_wind 
The Matcha Tokyo - Azuela High Street,matcha,"I really love matcha. So, this is the perfect spot to stay!  green_heart  …"
"Miss Bridgette,",matcha,"Wow! I'm am American who has been living here for over 1 year. I love the Philippines and all it offers but I miss my food. It is impossible to get a good burger in this town... But Miss Bridgette delivered. The service was amazing and that burger, worth the wait... I'm going back this morning for another one!"
The Matcha Tokyo - Azuela High Street,matcha,the matcha and coffee was good!!
The Matcha Tokyo - SM Davao,matcha,"Love the aesthetic and how clean the space is! I'm usually not a matcha person, but this is the only one I'll actually drink. Great atmosphere and even better service."
Whisk Davao Matcha,matcha,"Tried their Whisk Hibiscus Matcha and loved it! Love the ambiance, too!  teacup_without_handle "
BRGR Alley Café,coffee,"I love this place, very yummy, the workers are welcoming, this place is great."
Whisk It Good Matcha,matcha,Yummy drinks and food! Aesthetic vibes!
Humble Table,coffee,Elegant place with friendly staff and owner. Atmospheric background music and great coffee and cookie!
Aloha Kakou Neighborhood Cafe,coffee,"The time is misleading. We went there by 8:31 am on a weekday but was stopped because apparantly, their opening hours is at 11 am. So disappointing."
Cafe Demitasse,coffee,Okay
Daleachious Cafe - Lanang Branch,matcha,"I love the place, it's quiet. I ordered the Signature Salad, and serving was very generous, I only ate half of it kay makabusog kaayo.  smiling_face_with_heart-eyes  …"
Cafe Demitasse,coffee,great food. 1 serving is a lot
Cafe Demitasse,coffee,Saraaaap ng food and drinks dito. And even the ambiance feels great! Staffs are friendly and smiling and polite. Nice cafe design.
Fourth Street Cafe,coffee,"Davao go-to  hot_beverage  if you need a quick coffee run! Dito talaga. Affordable, and coffee always hits right"
Daleachious Cafe - Lanang Branch,matcha,"Absolutely abysmal portion sizing. The taste is ok, a bit more to the bland side; forgettable to be precise. The pork loin was small, the pork BBQ was small, the chicken 'ala king' was more like 'ala peasant', and the chicken wrap was too sweet it could be confused for a dessert. They really put the ""leach"" in daleachious."
Cafe Demitasse,coffee,"What a delicious surprise! Good coffee and fantastic cakes! Service was so friendly and quick! Special shout out to JB, amazing server!"
The Matcha Tokyo - SM Davao,matcha,Food is delicious (mochi) and the place is cozy
Daleachious Cafe - Lanang Branch,matcha,situated at the last stall at the sky garden. saw on SML's page that they just opened so i wanted to try it out. …
Annipie Airport View,coffee,Poor service. Bad food.
Matcha Ureshi Bar,matcha,lami so muchhh  face_savoring_food  face_savoring_food  face_savoring_food  face_savoring_food  face_savoring_food  face_savoring_food  star-struck  star-struck  star-struck  star-struck  star-struck  star-struck  heart_hands_light_skin_tone  heart_hands_light_skin_tone  heart_hands_light_skin_tone  backhand_index_pointing_right_light_skin_tone  backhand_index_pointing_left_light_skin_tone 
Kohi Mame,matcha,The coffee has greater character. Ordered the caramel latte and had almond milk option.
Dear Joe Frontera,coffee,"Ambiance was good. It was a refreshing cool cafe idea. Nice ang environment kay they integrated a warm woody feel with industrial modern look. Naa pod plants which make the atmosphere feel like you are in a jungle or close to nature. However, makacomment ko sa price. Kay ang artisan tea makapalit nag 4 cups sa regular coffee shops. Though it was good, I cant complain sa quality. But for occasional visits, it's definitely a place to chill and hangout."
Twelve Coffee Davao - Ecoland,matcha,"Very nice coffee, cookies and atmosphere. Reasonable price. I recommend it"
The Matcha Tokyo - Azuela High Street,matcha,GOATED matcha spot  star-struck  star-struck  star-struck  …
Cafe Basilico,coffee,like it!!
The Matcha Tokyo - Azuela High Street,matcha,"Very cozy vibe. No question about their matcha drinks, all are must haves. Don't forget their panini, also a must try!"
Café Joa,coffee,"The food is undoubtedly, underwhelming. The ramyeon noodles are not hand pulled or made in house but instead came from a pack. Matcha tastes meh Cookies n cream frappe is meh White Mocha is meh Garlic Fried Chicken tastes like a normal chicken (ni garlicky flavour) and the chicken itself is not great but not bad. JFC or ang Kanto Fried Chicken could rival the taste of their pritong manok Totally not a bang for your buck. Other low star reviews are true as well! Staff tends to tambay near the cashier to chitchat Food served are wrong The place is not as cool as what a cafe should be"
MYLK Cafe,matcha,Very accommodating
Barok Cafe and Resto,coffee,WE WAITED MORE THAN AN HOUR! MADALING ARAW PA TO HA! HOW MUCH MORE IF DAYTIME.
&Matcha - Three Yards,matcha,All i can say is veryy gooodd masarap matcha worth the price  red_heart 
Cafe Gervacios - Pastry and Coffee in Davao City,coffee,"Good service! Ill be back, haven't tried there pastries yet.  kissing_face_with_closed_eyes  but so far laaaami sya."
WORK CO COWORKING MATINA BRANCH,coffee,"good space, affortable price and ambience. special thanks to divine for being accomodating"
Annipie Airport View,coffee,Niceee!
Binnamon Cafe,matcha,Best Matcha in town  hundred_points  hundred_points  hundred_points  hundred_points  …
STASH Coffee Co.,coffee,The interior was warm staff where friendly and willing to help guess its location is also a plus giving a little privacy
Cafe Basilico,coffee,"Cafe Basilico is one of my top favorite restaurants in the city.. and finally, a noteworthy restaurant for people living on the south side.  face_holding_back_tears  heart_hands_light_skin_tone  Their menu offers interesting dishes at reasonable prices. They cater to special requests e.g. changing rice to salad instead for non-rice eaters. In addition, they accept orders in advance. We've done it twice now; we place and schedule our orders then leave our payment while we attend to other matters nearby. My personal favorites from their menu are bruschetta and chicken parmigiana. I've also tried their salad, pastas, pizzas and of course, their desserts. The serving size is just right, sometimes more than enough. Some can even be shared by 2 persons (except for the desserts, no way!  zany_face ) It's a shame that I couldn't find the most fitting words, but their food is great and exceptional. Mao ra gyud akong maingon. Furthermore, they have good customer service. The staffs are polite and they show professional attitude at all times. I commend how they converse with customers, prepare the table before leading the customers to their seats, serve the food and take out empty plates, and how poised they are when they refill empty glasses with water. We're receiving the deserved treatment out of the 3% service charge.  thumbs_up_light_skin_tone  The restaurant is well-lit and -maintained. It has classy and modern interiors. Special mention to their clean comfort room. Good for the mental health.  relieved_face  raising_hands_light_skin_tone  The air conditioning is checked from time to time by the staffs. How cool and nice. Hehe. They have parking spaces too. For all the times I've dined in Cafe Basilico, I can say that they stayed consistent with the quality of food and service they are giving. Keep it up!"
Dakong Balay,coffee,"I love this place to Dine-in, eventhough it's quiet a distance from the downtown area... Their Food are delicious.. It's a beautiful old Residential house converted to a Restaurant.. That's why they named it ""DAKONG BALAY"" means a ""BIG HOUSE""...."
Kopi lah Roti,coffee,"Always love the place and the food. Our fave is the kopi with milk, kaya toast and nutella sandwich"
Cafe Demitasse,coffee,Good food and service.
Green Coffee - Marfori,coffee,Never disappoints!
Whisk It Good Matcha,matcha,My favorite Matcha Place  heart_suit 
Matcha Ureshi Bar,matcha,I had their Banana Pudding Matcha.
Lara Mia Café & Bistro,coffee,Super yummy Purple Yam Fudge. Pizzas are good value for money! Eggplant Parmigiana was also good. Worth it!
The Secret Garden Cafe,coffee,"Finding a good quality sandwich shop in Davao that offers a wide range without sacrificing flavour is rare. As a visitor, I get the hype I hear from my sisters, particularly with how herby the sandwich was! Alam mong di ka nila tinitipid!!!"
Purge Coffee Roaster,coffee,"Love their coffee here. This is one of my top choices when it comes to Davao coffee. If you're finding a chill place that serves good coffee, this is the perfect place for you. Parking space is limited, medyo mahihirapan ka mkapark near the shop pag peak hours"
Starbucks - GMall of Davao,coffee,"LED, REJ- They are so great I accidentally dropped my drink and they replace it, free of charge. They also have a great security personnel who mop the floor. This is not my first time here and certainly not the last. What an awesome experience. Thanks Starbucks for having an amazing staff's."
Don Macchiatos Coffee,matcha,"This is not a cafe, it's a coffee stand where several types of coffee are served while standing."
MYLK Cafe,matcha,Good matcha and coffee! One of the best in town :)
olo. Coffee And Concepts,coffee,Really good coffee. Friendly baristas. Go to coffee shop in Davao. Hopefully there would be more seats hehe
Cafe Basilico,coffee,"March 2025 — Café Basilico continues to be our reliable ""go-to"" in the south. They have been consistently serving us high-quality Italian-inspired dishes with generous portions and fair pricing. While there is a 6% service fee, it feels completely warranted here since the servers are attentive and proactive without being overbearing, ensuring our drinks are always full and the dining flow is seamless. We've visited twice recently, and the quality hasn't wavered. Here's a breakdown of what we've tried: First visit: Bacon Steak – ₱380 Chicken Cotoletta – ₱390 Chicken Parmigiana – ₱270 Aglio Olio – ₱270 Tiramisu Cake – ₱260 VAT + Service Charge 6% – ₱88.39 Total – ₱1,738.39 Second visit: Aglio Olio – ₱270 Chicken Cotoletta – ₱390 Beef Bourguignon – ₱390 Bolognese – ₱370 Pistachio Tiramisu – ₱360 VAT + Service Charge 6% – ₱95.36 Total – ₱1,875.36 The Chicken Cotoletta (₱390) is ""goated"", perfectly breaded and massive. The Bacon Steak (₱380) is another favorite for its thick, smoky cut, while the Beef Bourguignon (₱390) offers a deep, slow-cooked richness that's hard to find elsewhere in Toril. The Aglio Olio (₱270) is simple but executed perfectly with the right amount of garlic and oil. If you prefer something heartier, the Bolognese (₱370) is a solid, classic choice. For the portion sizes, these meals are easily shareable, making the value-for-money quite high. The café is highly accessible, located right along Manambulan-Tagakpan Road (the Davao-Cotabato Old Road) in Crossing Bayabas. The shared parking area fits about 12 cars max, which can get ""complex"" during peak weekend hours. The cozy, well-lit interior fits approximately 40 pax. The toilet is notably clean, nicely decorated, and fully PWD-accessible, which reflects their overall attention to customer comfort. Whether you're a local or just passing through the Coastal Road, this remains the best spot in Toril for a proper Italian-style meal. It's so popular now that they've even opened a Trattoria branch at SK Complex in Bajada for those who don't want to make the drive south."
Koffiepauze,matcha,Lamiii
Matcha Ureshi Bar,matcha,Is good
Balay Coffee Rizal,coffee,"I really love the nipa hut-inspired vibe of this café. It feels like a traditional Filipino home, making the place cozy, relaxing, and welcoming. One thing I enjoyed the most is that they have board and card games available, which makes the experience more enjoyable and encourages customers to stay longer while having fun with friends and family. The atmosphere gives the same warmth and comfort that Balay Rizal aims to provide. While their food selection is a bit limited, the quality and taste are excellent. I would suggest adding spice level options for their Gochujang Pasta so customers can choose according to their preference. The staff are polite, friendly, and very accommodating. The owner is also approachable and makes guests feel welcome. Overall, it's a great place to unwind, enjoy good food, and spend quality time with others. Definitely worth visiting!"
Matcha Ureshi Bar,matcha,"Grabe ka chill sa place! Matcha? 100% the best! Service? Grabe ka swabe. If you are planning to try matcha, go here!"
MOMOYO GMALL BAJADA,matcha,Always our place to go when magcrave something cold and refreshing. Super sulit ang products at very nice ang place. Must try and my fave ang matcha bobba. Thanks Momoyo.
Out of Boredom,matcha,"I am from Cebu and have been drinking a lot of Matcha from different cafés. I must say Out of Boredom's Matcha exceeded my expectations. The matcha has a smooth, consistent texture with a well-balanced umami flavor and a rich, authentic …"
Coffee By The Way,coffee,"I'd rate this café 1/5. Honestly super disappointing. The food is not it — the chicken was so dry and the serving size was ang liit, especially for the price. Not worth it at all. I ordered matcha too but… is that even matcha??  loudly_crying_face  It literally tasted like coffee. If you're craving actual matcha, this ain't the place. Service and food options really need improvement. I've been here a few times already, and my friends have too, but no changes at all. Same issues every visit. Sad because the place has potential, but right now it's honestly one of the worst café experiences we've had in Davao. Hope they step up their food quality and overall service."
Koffiepauze,matcha,I really love the ambiance. Good for students and yung may mga appointments or meetings. …
Koffiepauze,matcha,"Nice place, nice food."
Knto Cinco - Puan Branch,coffee,"Hidden gem sa Puan! Knto Cinco has premium coffee and chill vibes, layo sa city hassle. Perfect place to slow down, mag work, or catch up with friends. Worth the drive jud. One of the best cafes in Davao South."
Coffee at Yellow Hauz,coffee,"Spanish latte was good but the tiramisu needs improvement. Ambience was great, with warm-color lighting and indoor plants, and dance music in the background. Lots of tables and chairs. Plenty of parking that time. The place was cold initially, but, they would turn off the AC every now and then. Service was okay, however, I noticed that the staff were talking and laughing too loud plus the dance music, so it can get noisy at some point. All in all, it's an okay place to dine."
The Matcha Tokyo - SM Davao,matcha,Quick service and great ambience  teacup_without_handle  love the soft serve!  soft_ice_cream  …
Cafe Demitasse,coffee,More privacy. Greater comfort.
"The Coffee Bar, Gaisano Mall of Toril",coffee,Almost 1hour wating for just 1 coffee for Take out
Solace - Coffee Club,coffee,Ang ganda ng place and the best ang coffee along with perfect customer service! Truly recommend this to everyone in Davao! 10 out of 10!
Floury Cafe,matcha,"Sulit ang prices, lami ang food.. and great place to hangout with friends!"
Blugré Coffee,coffee,Sweet cakes and excellent food. Ambience is cool
Haron's Cafe,coffee,No pork restaurant. Lami ilang breakfast menu ug available till night time.
Haron's Cafe,coffee,"I can't recommend this place kase nag papabayad na sila if mag chacharge ka ng phone or laptop even if your order is reasonable. Aside from that, they are quite pricey and it's understandable because they are delicious, but is it worth paying if you just charge?"
REVEL by Confex,coffee,"ordered hojicha kay wala silay matcha but its good! also, einspanner latter sub oat for me 8/10 not the sweet and i can taste the spresso. good choice for sub oat. I LOVE THEIR BUTTER TOAST (??) WITH ICE CREAM! not bad for 100 pesos???? so big! love the place its cozy, they have wifi, and sockets. love the holiday vibe  Christmas_tree "
Whisk Davao Matcha,matcha,"Coffee and matcha are great, especially their salted caramel macchiato (they offer two salt options: asin tibuok and tultul). The crew is friendly and accommodating, especially Ms. Russel. Definitely worth the hype!  smiling_face_with_smiling_eyes  …"
Whisk Davao Matcha,matcha,Their unique matcha drinks are a must try!!
"PICKUP COFFEE - Plaza de Bole, Torres St.",coffee,"The woman at the counter with the white glasses should learn good manners, she's scheduled for Monday 5pm. I hope she doesn't get moody while serving your customers. God bless"
Whisk Davao Matcha,matcha,"the matcha is good. nice with the microfoam. but i wanted a glass cup instead of a paper cup to be eco-friendly. staff are friendly. the place is aesthetically pleasing, just the right decor and seating layout. it was not crowded during the …"
"KAOS CAFE - 24 Hours, Jacinto St.",coffee,"Ordered their matcha latte and creme brûlée cake, ilang matcha tab-ang for my liking still good, decent naman. The cake is dry. Great place to hag out."
KINN & Friends,matcha,"Great matcha experience! Customer service is superb!!! Happen to have a matcha break today around lunch, found this new cafe near school, we were able to avail their parking and the staff were very accommodating and welcoming. We ordered …"
Cafe Demitasse,coffee,We are usual regular customers
KINN & Friends,matcha,"ordered the cold brew and nokou uji matcha. 3/5 for cold brew, sarap but dili kaayo siya creamy for me and ma overpower sa sweetness and coffee, 5/5 for matcha i love how bold it is and how long nagstay ang flavor! very umami and grassy …"
Matcha Ureshi Bar,matcha,lami so muchhh  face_savoring_food  face_savoring_food  face_savoring_food  face_savoring_food  face_savoring_food  face_savoring_food  star-struck  star-struck  star-struck  star-struck  star-struck  star-struck  heart_hands_light_skin_tone  heart_hands_light_skin_tone  heart_hands_light_skin_tone  backhand_index_pointing_right_light_skin_tone  backhand_index_pointing_left_light_skin_tone  …
Kingdom Cafe & Bistro,coffee,"From the moment you step into Kingdom Cafe and Bistro, you'll be greeted with a warm and inviting atmosphere. The rustic decor, with its charming wooden furniture, soft lighting, and beautiful artwork, creates a comfortable and relaxing ambiance that's perfect for enjoying a cup of coffee or a meal. One of the highlights of Kingdom Cafe and Bistro is their exceptional coffee. The baristas are true artisans, meticulously crafting each cup of coffee with precision and care. Whether you're in the mood for a classic cappuccino, a velvety latte, or a rich pour-over, you can expect a delicious and perfectly brewed cup of coffee that will satisfy your taste buds and give you that much-needed caffeine boost. The menu at Kingdom Cafe and Bistro is equally impressive. They offer a range of breakfast and lunch options, as well as delectable pastries and desserts. Their food is made with fresh, high-quality ingredients, and their menu features a variety of options to cater to different dietary preferences, including vegetarian and vegan choices. One of their standout dishes is the avocado toast, which is piled high with creamy avocado, fresh veggies, and a tangy lemon dressing, making it a perfect choice for a healthy and satisfying meal. What sets Kingdom Cafe and Bistro apart is their exceptional service. The staff is friendly, attentive, and knowledgeable about their offerings. They take the time to explain the different coffee brewing methods and make recommendations based on your preferences, ensuring that you get the perfect cup of coffee to suit your taste. The service is prompt, and the staff goes above and beyond to ensure that you have a pleasant and memorable experience. In addition to their excellent coffee and food, Kingdom Cafe and Bistro also offers a cozy outdoor seating area, which is perfect for enjoying a sunny day or people-watching. They also have free Wi-Fi, making it a great spot for remote work or catching up on emails while sipping on your favorite coffee. Overall, Kingdom Cafe and Bistro is a hidden gem that provides an exceptional coffee shop experience. From their delicious coffee and scrumptious food to their cozy ambiance and outstanding service, it's a place where you can relax, unwind, and indulge in a truly delightful coffee shop experience. Whether you're a coffee aficionado, a foodie, or simply someone who appreciates a charming atmosphere, Kingdom Cafe and Bistro is a must-visit destination."
Knto Cinco - Lapu Lapu,matcha,best matcha in dvo!!!  smiling_face_with_heart-eyes  the place is also giving  pinched_fingers_light_skin_tone 
The Bloom Coffee & Start-Up Space,coffee,"As the name suggests, many people work hard with just one PC. The Wi-Fi and environment are excellent."
Green Coffee - Diversion,coffee,"Coffee and cake is good, but I don't see good customer service. They don't help in bringing the orders to the table even for Elderlies and PWD, even when asked."
The Yolk Society,coffee,Good eggs and breakfast food nearby and hojicha
Dakong Balay,coffee,Loved the homey vibe and food is amazing!!!
Kohi Mame,matcha,Cutsey :)
Kafih - Davao,coffee,"The place was great, very clean and aesthetic. The food was good, sayang lang di avail yung bulgogi, will be back for this. Service was great and staff were very accommodating. Will be back for sure..  beaming_face_with_smiling_eyes "
Whisk Davao Matcha,matcha,"One of the must try matcha cafes in Davao. Food, service, and ambience are all good. My cousin and I had a nice time catching up here. …"
Koffiepauze,matcha,"Nice place to visit, accommodating and a very good place to study while eating."
Coffee Project Mintal,coffee,"Nice ambience. Coffee is decent, but I've had better coffee from other shops with the same price and cafe ambience. Food is not that good. No variety of good music. Tagal na nitong cafe dito but could barely feel the improvements. Could do better next time."
The Matcha Tokyo - Azuela High Street,matcha,The food and matcha are yummy
Daleachious Cafe - Ecoland Branch,coffee,"Love this place. Very spacious ang design. Contrary to large meal serving it's very light to eat. I love the flavors, tama² lng. And they have a lot of regulars so you'll know how people love this place. I've been here a few times and this is what I have observed. :)"
Seattle's Best Coffee,coffee,"Four months since my last visit, and while the food and atmosphere maintained their quality, the service was a significant letdown. Despite a less crowded environment, our order took an hour to arrive. A concerning incident involving a staff member's unfamiliarity with the location of the microwave raised questions about operational efficiency. The callout queuing system proved ineffective in the busy space, and management's lack of engagement was noticeable. Overall, the service remains a point of serious dissatisfaction."
Seattle's Best Coffee,coffee,"The only good thing about this place is the atmosphere. We waited 45 minutes for 3 pasta dishes and a burger and it was served COLD and sorta mid. We were given plastic utensils with our food. The service wasn't that great either, no service water, and the self-service water area had 1 pitcher and like 4 cups (not sure if they were clean or not) and it tasted like tap. Also the ""large"" drinks were kinda disappointing, they left a third of the cup empty (pic related). Imo theres just better places you can spend your money on for similar if not better prices."
The Matcha Tokyo - Azuela High Street,matcha,I love their spanish matcha latte and soft serve.
Koffiepauze,matcha,Small place with huge teddies!!!  smiling_face 
KISOM Atelier,matcha,Matcha was so good I had to go back to try the other options. The interior was also very nice!
Starbucks - Matina IT Park,coffee,"The place is still under construction, we parked inside IT park but have to walk far and went outside the premises to reach the entrance of Starbucks. Good thing staffs are friendly and accomodating."
The Matcha Tokyo - SM Davao,matcha,"The matcha ice cream was delicious—you can really taste the matcha, they definitely used premium quality. Plus points because it's pet friendly. I also really liked the macarons; they were so good and soft. It was worth the price. Sayang lang we didn't get to try the matcha drinks because they weren't available at that time."
KISOM Atelier,matcha,I live the matcha volume II
The Matcha Tokyo - SM Davao,matcha,"Loved my first visit to THE MATCHA TOKYO! Excellent matcha latte, tasty cheesecake, and a beautiful minimalist vibe. The perfect spot to relax."
AMCG Farm (Damosa Branch),matcha,yummmy ube matcha
Barok Cafe & Resto,coffee,Best food experience  winking_face  winking_face 
Starbucks Damosa IT Park Drive-Thru,coffee,Fast lane very good drinks and cakes
Barok Cafe and Resto,coffee,"The system of their co-working space is weird. You have to give a ₱100 cash deposit, and youre not allowed to pay for one hour, it has to be a minimum of 2 hours. They dont have three-pronged outlets. But their service is good and the servers are very friendly and accommodating. The system is just very money-grabbing vibes."
Out of Boredom,matcha,"ive only gone here twice but this is already my top 1 cafe for matcha  face_holding_back_tears  drinks are superb, staff are friendly, and well-maintained ug kumpleto ang cr (HAHA major plus) …"
The Matcha Tokyo - SM Davao,matcha,My go to matcha!
Whisk Davao Matcha,matcha,Very welcoming and kind ang staff esp miss Russell who knows us well na & is very lovely in preparing our orders sparkling_heart we keep coming back for more~ Matcha is superb and my fiancé's favorite is their cacao drink matched with their chocolate …
Whisk Davao Matcha,matcha,"First of all, not really into matcha but kind of exploring some flavors still. Ordered the matcha with espresso - it was so good, rich and smooth! Perfect blend of bitterness of espresso and matcha. …"
"Miss Bridgette,",matcha,"Great food and drink option. I love they have Hibiscus ice tea, which I ordered two! Along with chicken and mash potato dish and pumkin soup."
Matcha Ureshi Bar,matcha,The place is super cute & adorable.
KISOM Atelier,matcha,Matcha is soo good! Go to place during break  star-struck  Must try Matcha lvl 3 if you're a matcha lover! …
KISOM Atelier,matcha,"I ordered matcha volume i, and super yum!! As a not-so-much-matcha-fan, super sarap. Balanced ang taste ng gatas, tamis, and matcha. If you like sweet matcha, i recommend volume i. You can also control the sweetness since you're the one who …"
The Crazy Bite Co. Sky Cafe,coffee,"good food, burger patty is good except the buns."
Haron's Cafe,coffee,Coffee is so bad. Seemed like they didnt get to have a skill to make a good coffee.
Barok Cafe & Resto,coffee,"Went here last night to try their food, But we're not satisfied. Their creamy chicken was super buttery. We asked for a take out, pero binalot sa cellophane na parang pakain sa dogs relieved_face . We're willing to pay naman sana for the take out box pero wala daw silang ganon. relieved_face  But the place was good."
Blugré Coffee,coffee,"I love this place. It's a good place to unwind. They also have variety of wines. They also have acoustic band,not sure what days of the week but most probably on weekends. The service is good..they attend to your needs immediately.The place is not that spacious though but I still love it."
Whisk Davao Matcha,matcha,Whisk is a great place to have a chill hang-out with friends or family. The interior design is also unique but simple. Their matcha drinks are one the best in Davao City. I would also like to make a special mention of Ma'am Angel's hospitality and service. Definitely a place I come back to every once in a while.
Seattle's Best Coffee,coffee,"A small piece of BGC, now in Davao."
Mille Matcha - DGT,matcha,The only matcha bar we swear by!! They just opened this year but no doubt already on top. Prices are super reasonable for the quality! …
MYLK Cafe,matcha,cold brew was meh... sayang pera
Annipie - SM Lanang,coffee,"This is by far a must-try when in davao. Super sarap talaga nung classic lang. especially if you're not into super sweet cinnamon and yung butter na sakto lang, this is for you. Their coffee is so good too. We stayed in Davao for three days, and for three days also we had our caffeine fix and cinnamon here. Nag uwi pa dito sa Manila  rolling_on_the_floor_laughing  thank you annipie! Great cinnamon bread!"
Cafe Sierra,coffee,"my first time to visit this hidden gem in toril, after many attempts, and i was running out of 'third places' to go here in toril because all the others have had some things which just keep me from being able to tolerate being there. usually being to cold, too noisy, or just using crap plastic disposable shite cups rather than actual glass or ceramic. this spot is in the goldilocks zone for a coffee shop - chill cozy homey atmosphere, not too cold (well, one room is, the other is just fine), there's music but it's not obnoxiously loud. just a peaceful place to enjoy a good coffee, my coffee was very good, and a decent menu with a variety of mostly western type fare. in the relatively small space, there are a few couches, some tables, inside and out, and wifi. there are some other nice touches like a USB C charging cable and a little phone stand/holder for guests use. the coffee (cafe latte was my order) is among the best or the best in toril. this is currently the top coffee shop/cafe in toril IMO. ** Update** I just want to add that this is also the best pasta place in Toril, hands down. Penne Pesto(with tuna and olives), a la pobre, and the spaghetti negra is what I've had. Egg drop sandwich also good and nice to find a chill place to have one. **Nov 2025 update** i forgot to mention that if you want a korean style egg drop sandwich, come here. The owners are very cool people too, so feel good about supporting this great local cafe."
Twelve Coffee Davao - Ecoland,matcha,Good Drinks especially Barcelona.
The Bloom Coffee & Start-Up Space,coffee,"had a good study session. this cafe is alright. it was kinda chaotic during my visit kasi there were kids running around. the comfort room looks good and clean. i took a peek sa meeting rooms and it's one of the best i saw so far. overall, this place is on the expensive side"
The Matcha Tokyo - Azuela High Street,matcha,"When I visited The Matcha Tokyo, the place felt calm and modern. The interiors are simple, with clean lines and a cozy vibe that makes you want to stay longer. The matcha latte was rich and smooth, not overly sweet, which I really liked. Their cheesecake was soft and creamy, with just the right balance of matcha flavor. The staff were polite and served quickly. Prices are a bit higher compared to regular cafés, but the quality of the matcha makes it worth it. It's a nice spot to relax, study, or catch up with friends while enjoying authentic Japanese flavors."
The Matcha Tokyo - SM Davao,matcha,got the iced cafe latte and it was good!
Gulf Coast Coffee and Co.,coffee,Freshly Brewed Coffee for just 20 pesos! Sulit and Lami pa.  smiling_face_with_hearts 
The Matcha Tokyo - Azuela High Street,matcha,"First time in The Matcha Tokyo! For sure coming back, the matcha is really good"
A Little Lately,coffee,Saurr good ang matcha!! And very helpful din ang baristas if ur indecisive like me grinning_face_with_sweat 
Coffee Project Mintal,coffee,"As a coffee enthusiast, I was thrilled to discover Coffee Project, located in Vistamall, Davao City. The ambiance of the coffee shop is simply stunning, with its spacious and well-designed interior that feels like a lush garden. The abundance of natural light and greenery creates a peaceful and calming environment that's perfect for enjoying a cup of coffee or working on your laptop. The coffee at Coffee Project is nothing short of exceptional. The beans are expertly roasted, resulting in a perfectly balanced brew with no unpleasant acidity. You can tell that the baristas take great care in crafting each cup of coffee, ensuring that every customer is satisfied with their drink. But Coffee Project is more than just a coffee shop; it's an experience. Whether you're meeting friends, working remotely, or simply taking a break, the atmosphere of the shop elevates your coffee-drinking experience to new heights. For coffee lovers who appreciate excellent coffee and a beautiful, calming environment, Coffee Project in Vistamall, Davao City, is a must-visit. So, come and indulge in a cup of coffee that will leave you craving for more."
Seattle's Best Coffee,coffee,"THEY DON'T HAVE PRIORITY LANE FOR PWDs/SENIOR/PREGNANT!! worst cafe experience ever— it was supposed to be my first time to try here and upon entering I walked towards the counter and asked nicely if they have Priority Lane (prior to asking them i already presented my PWD ID to one of the staff at the counter) and they said 'No' which is i'm kinda confused kasi every cafes i went have the special lane and i think it's mandatory to have a special lane to every establishments (?) I HOPE NEXT TIME YOU'LL IMPROVE YOUR CUSTOMER SERVICE AND HAVE A LANE FOR PEOPLE LIKE US—AS FOR MY EXPERIENCE, IT'S REALLY OFFENDING AND DISCRIMINATING."
Whisk Davao Matcha,matcha,"Super cozy cafe, perfect for chill na hangouts. Their matcha is really good, and the staff are very warm and welcoming, especially Ms. Angel (murag tropa ra!). You'll instantly feel at home."
Koffiepauze,matcha,Great coffee and dessert.
The Matcha Tokyo - SM Davao,matcha,"Food, Service, & the atmosphere are great! Would like to come back green_heart  white_heart  Also love the aesthetic vibes …"
Starbucks - SM City Davao,coffee,"I ordered my usual Caramel Frappe Venti (To-Go) and was pretty excited to take a sip when I came into the office. Bummer, the coffee has no sugar. Mas BITTER pa sa EX ng boyfriend ko!! Nakakasira ng araw!! Sana pala nag Blugre nalang ako."
Matcha Ureshi Bar,matcha,"The matcha is so good, definitely recommended. The staffs are very accommodating and friendly."
The Matcha Tokyo - SM Davao,matcha,"the sandwich bread is to long toasted. the mayonaise is not from japan. the smoked salmon is nahhh, AND SO SMALL. AND FOR THAT PRICE?"
Starbucks,coffee,Ang smell sa Restoom maabot na sa Counter  nauseated_face  nauseated_face  that's all. This place is just ideal for take out because daghan ga tambay diri. The rest of the staff are doing their very best to serve this busy place too.
KISOM Atelier,matcha,i love the matcha banana puddinggg
The Matcha Tokyo - Azuela High Street,matcha,"Great matcha, cozy ambiance, and perfect lighting for reading or quiet muni-muni moments. The space feels calm and inviting, and the friendly servers make the experience even better, definitely a spot worth coming back to.  teacup_without_handle  green_heart  …"
ANTE FOOD HUB,coffee,"If you're close to Drea, especially if you're from Juliville like me, it's a good place to go if you want to have coffee or snacks, the ambiance is nice and you can just chill. I'll buy it now, just review."
Cafe Tavera,coffee,"Had baked oysters - not the best but it's not bad naman, durian shake- more creamy/milky than fruity, I liked it just the same and pickled mango- came in a generous serving. Stumbled upon this stop as I was avoiding traffic. Staff- there were many, sadly, not very attentive Ambiance- Pinoy vibe, good for families/groups Food choices- Filipino, they have paluto option based on available catch Service- no receipt issued, only credit card copy"
Matcha Bar - Marfori,matcha,Don't tell people that they can only stay here for 60min with an order just so you other customers can dine. We're also paying customers and we want to enjoy our money's worth and moment. It's not our fault if your space is small. Your space might be small but you're not cheap.
Craft Coffee & Roastery,coffee,"I was looking for a coffee shop near our school, and chanced upon this cafè in Dacudao, which is around 700 meters away. Upon entering, the staff welcomed me with a pleasant greeting, super bait talaga to accommodate me.  yellow_heart  I ordered their CSL sea salt latte afterwards. However, I think the milk which they used had gone bad, so after more or less 3 sips, sumakit tiyan ko.  slightly_frowning_face  Thankfully, they were so kind to change it into a cafe latte instead, and the taste is good, 7/10 to my liking. Overall, I love the vibe and ambiance of the place, a conducive one to study or chill, kaso until 10:00 PM lang din sila, so if you're planning to study beyond 10:00, you may want to look for other 24/7 coffee shops. Thank you, Craft Coffee!  heart_hands "
The Matcha Tokyo - Azuela High Street,matcha,"This is the second time i got here and i their matcha is good, but what i really loved is the ambience, would love to come back!"
Whisk It Good Matcha,matcha,"Visited to try Whisk It Good Matcha, and trust me, it's not just hype. Super worth it! May pastries din sila. …"
Paramount Coffee Crocodile Park Davao,coffee,"Food serving on one part of the restaurant which was serving sisig almost overlooked our order, if we didn't follow-up we wouldn't be getting our orders."
Out of Boredom,matcha,"The space is quite small — probably just enough to seat around 10 people inside — so it's not the best pick for big groups. I tried their drinks and they were okay. The matcha was a little too sweet for my taste, and the Spanish latte …"
Matcha Bar - Marfori,matcha,"The matcha in matcha bar is excellent and reliable. Choosing any random matcha drink from the menu and you can get good, high quality matcha. That alone gives matcha bar a high rating for me. …"
Coffeecat,coffee,Cozy ambience. Tasty dishes and desserts. The acoustics can be better. Costs as much as 250 per head.
Whisk Davao Matcha,matcha,Thanks to Angel  smiling_face   thumbs_up 
"Miss Bridgette,",matcha,"Very fast service, unexpectedly had big servings for their dishes. Delicious food and great atmosphere!"
Matcha Bar - Marfori,matcha,100000/10!!!
Pedal Cafe Davao,coffee,"A cup of coffee that I believe is underrated, yet has a moment of pure happiness! Their coffee is not just a drink, it's an experience worth savoring. We tried Spanish Latte & Miss Saigon and they're so worth it! A must try!"
Starbucks,coffee,Coffee is great... A bit pricy nga lang...
Mandatory Matcha Bar,matcha,Their Matcha Gelato is my absolute fave! Small interior space but I absolutely love the intimate atmosphere!
BRGR Alley Café,coffee,"The service crew are very friendly, cheerful and kind. Bet ang place for IG posts. Mist visit place."
Out of Boredom,matcha,The matcha is good but quite pricey but i understand. The place is quite small for my liking and also the place is ment for socials not for working and collaborating. …
Dear Joe Frontera,coffee,Good qualitu coffee and smoothies. Good atmosphere
Knto Cinco - Lapu Lapu,matcha,"… ambiance is cozy, well-designed, and very relaxing. We tried the Pasta El Cinco and it was super yummy. Their matcha and Spanish latte are top tier, and the pizzadilla is a must-try. The service was excellent, with friendly and …"
Paramount Coffee Crocodile Park Davao,coffee,Found my new favorite coffee here. Pizza wasn't as good as I remember. Really hot and humid. Lots of parking space. Best to come here on a cloudy/cool day.
Matcha Ureshi Bar,matcha,I whole experience is superb
Wood and Coffee Davao,coffee,"My friends and I had our Christmas Party here and we had the best time!  Christmas_tree  red_heart  The overall vibe of the place really matched the Christmas spirit we wanted plus their coffee is really goOooOod  loudly_crying_face  I had, of course, my staple Spanish Latté (along with a slice of Matilda cake which for me is a little dry, but okay nonetheless) and my friends ordered a Mocha Latté and a Revel Bar. I highly recommend to visit here and have your simple secret santa with friends if you like the cozy and chill vibe  sparkles "
The Coffee Bar at GMall of Davao,coffee,"the ambience was cozy and clean, prices were fair, and the quality was consistent."
Barok Cafe and Resto,coffee,"Food was mediocre. Pizza was even not cooked properly. There's also the staff na very unwelcoming (except yung isang kuya na very friendly), the cashier was even paying more attention sa cellphone nya than assisting and getting our orders. Nakakaabala ata kami sa pagsosocmed nya downcast_face_with_sweat  And for the price range, self service??? Like huh ano yun. May pa vip lounge smth pa tas self service pala lol. Not rlly recommended. Will definitely tell people abt this horrible experience."
Bandejas Cafe & Diner,coffee,"Amazing and neat services from the workers while also providing great food variety that can satisfy many people that like treats, great and calm atmospere, 100% recommended for chika"
"Miss Bridgette,",matcha,"A very nice place! Good food, good ambience, good service  thumbs_up . I definitely recommend this. They also have charging ports available and a wifi. There are different corners you can choose such as by the window where it's bright and sunny ( you …"
olo. Coffee And Concepts,coffee,"The place was cool and nice with the chairs and tables perfectly placed inside and outside the shop. It was really the experience of sitting under the big mango tree that amused me because we rarely have coffee shops in the city that prioritized the comfort of customers over aesthetics, but this one did both. A really good place to catch-up and drink good coffee with friends. The baristas were very accommodating and the price of the drinks were student friendly. I highly recommend this place for coffee drinkers and nature lovers."
Onse Kopi,matcha,"This is Onse Kopi shop, one of the underrated coffee shops in davao where you can find the best coffee in town.... They are using Arabica Brazil Coffee Bean, I must say na lasang lasa mo talaga yung kape dito... Also, they are using rice straws.. Located near BC Chicken House, where you can taste The Best Authentic Chicken Inasal."
Annipie Roxas,coffee,"Love the interior and ambiance. Perfect for small group meeting (and date-date). Friendly and smiling din ng crews nila  smiling_face_with_smiling_eyes  Well, they are very known with their cinnamon and cakes.. But I also love their Nachosss!!!  red_heart "
Matcha Ureshi Bar,matcha,I had their Banana Pudding Matcha.
The Matcha Tokyo - SM Davao,matcha,Highly recommended Will buy again
The Secret Garden Cafe,coffee,"Delicious food, friendly staff, nice ambiance"
sips sala,matcha,SO HAPPY I CAME HERE!!! My new go to matcha hihi. Super love the people din serving us and the place was so chill and intimate parang secret spot lng for u and ur kasama
Koffiepauze,matcha,Cozy place
Green Coffee - Diversion,coffee,Been there for a business transaction. The place has a good ambiance.
KISOM Atelier,matcha,I live the matcha volume II
Whisk Davao Matcha,matcha,New Fav!!! I really really love the Iced Salted Caramel Match (Asin Tibuok). Russel and Sam are so hospitable. Very accommodating. Will surely go back.  green_heart  green_heart  green_heart  …
The Matcha Tokyo - SM Davao,matcha,Love the drinks!
Whisk Davao Matcha,matcha,"I dropped by this matcha spot after class after seeing it on TikTok, and I'm so glad I did. The space is cozy with limited seating, but the Japanese-inspired interior gives it a really authentic and calming vibe. …"
Matcha Ureshi Bar,matcha,"Oat matcha latte vol. 2 is sooo good! Grabe ka cozyy ang vibe dri, go visit them!"
Out of Boredom,matcha,"I finally got to visit Out of Boredom. I tried their Spanish latte and it was good... The espresso was not under or over extracted, just perfect for my taste. I love the interior design as well. The thing is the place is quite small, so it …"
Habitat Coffee - Tionko Branch,coffee,The place is super nice! red_heart  red_heart  red_heart 
Green Coffee - Marfori,coffee,"The place is very cozy and warm, perfect for afternoon and late night talks. The price is very affordable."
Starbucks Damosa IT Park Drive-Thru,coffee,Everything is awesome
Binnamon Cafe,matcha,Spanish and Hojicha  OK_hand_light_skin_tone  OK_hand_light_skin_tone  OK_hand_light_skin_tone  OK_hand_light_skin_tone  OK_hand_light_skin_tone  …
Cafe Tavera,coffee,"Of all the foods we ordered, outstanding ang dragon balls at ang gourmet ice cream nila. Others were so-so. The latte was good too."
KISOM Atelier,matcha,"I visited KISOM Atelier on one of their opening days — and what an experience it was! From the moment you step inside, you're struck by the stunning interior: exquisite décor, stylish furniture, gorgeous crockery, and thoughtful touches everywhere, from the elegant cups and saucers to lush plants and even a super cool faucet in the bathroom. The neutral tones make the whole place feel calm and inviting, and there are books galore to browse. Authentic Japanese crockery lines the shelves, adding to the charm  star-struck  The warm, friendly staff greeted me with a lovely welcome, setting the tone for the rest of my visit. And the best part? The menu! It's packed with delicious drinks — top-quality matcha, smooth coffee, and even hojicha — plus an irresistible selection of cakes and cookies Overall, it's a solid 10/10. Such a groovy spot — I'll definitely be back and I highly recommend you check it out too. You'll probably see me there! I'm in love  smiling_face_with_hearts "
"The Coffee Bar, Gaisano Mall of Toril",coffee,"This is my very first time to rate a resto/cafe and hear me out on this. This cafe has a very rude staff! Not exaggerating pero rude kaayo the way they take orders and even serve orders na padabog, a major disappointment indeed. I'm talking to you ate na naas counter nara bang may galit sa mundo. Moreover, it took so long for them to serve our orders, mind me ha, duha ka coffees lang and around 30 mins na serve. So if you're looking for a good and peaceful coffee break, do not go here!! WOULD NOT RECOMMEND THIS CAFE!"
The Matcha Tokyo - SM Davao,matcha,Perfect experience
The Matcha Tokyo - SM Davao,matcha,Neil is amazing. He provides great service and great matcha
T'Brews Cafe,coffee,place feels nice and cozy. and the lady was very sweet when she accommodated me and my friend
Whisk Davao Matcha,matcha,"i love this place! the place itself if so comfy and big compared to other matcha places na super sikip, the matcha is super good, i ordered their matcha latte and matcha latte gelato something haha. We loved them! Would definitely recommend this to everyone."
Craft Coffee,coffee,"January 31, 2026. Was here last January 17, 2025. The menu was the same as last year but some in the food menu were added and removed. Either way, consistent sila. Deserved to have a break. Last time, I had the ₱95 Doppio which was two shots of strong espresso. I had to walk from here all the way to Bago Oshiro and vice versa to burn my coffee. Ventured to enter at 11pm as said in Facebook post since they are reopening but saw the recent post that they are open by 10am so we got in. Very thankful that the cafe is as good as new but I will say better from before. Felt more homey. Also would like to thank the staff and owner for allowing us to take part in the blessing of the cafe reopening. ₱165 Iced White Mocha and ₱130 Cortado are great. Both did not feel palpitating. Thanks for having this on the house. May come back soon but looking forward to the coffee trainings or cuppings that were offered previous years. Update: The Cortado is 6oz in cup, not 8oz. Correction."
Matcha Bar - Marfori,matcha,The matcha was superb! The ambience of the place is  ON!_arrow  TOP_arrow  …
Café de Vivré,coffee,Went here for coffee crawl. It's not crowded during the time we visited. We ordered meatball marinara pasta and kaya toast. The serving is good enough for 1 person. Service was fast. Long black was clean and smooth (Ethiopia Niguse Gemeda beans). It is a peaceful pocket inside the mall for a cup of coffee. Airconditioning can be improved though. It seems warm because of the downlights. They are also selling coffee beans.
Cafe Basilico,coffee,"The sounds, aromas, and lighting create an otherworldly atmosphere. The artistic dishes are astonishing, and it's not just the interesting ingredients, but also the innovative recipes, the beautiful presentation, and the unprecedented flavors that make it truly special. For anyone seeking a unique culinary experience, ""Basilico"" is the place."
Dunkin' - Bago Aplaya,coffee,"The best and also my favorite branch!  doughnut  heart_with_arrow  They operate 24/7. They also have Drive-Thru and wide parking space. Lastly, they have a wide selection of donuts and drinks. Very budget-friendly. It's a good place to stay and chill any time of the day, especially that it's cold inside. I bet you might want to bring jacket at night. The staffs are nice and they let you enjoy your visit at peace. They're well-trained. The store shares comfort room with Shell and Shell Select customers. It's only a walking distance and located behind Shell Select. It's spacious and kept clean at all times. Great place in times of emergency.  eyes  rolling_on_the_floor_laughing  You can buy food from Shell Select then eat it inside the store premises (syempre noh you have to buy from them as well), and vice versa. Nice diba? Usually late at night, there's a group of motorcycle drivers who like to roar their engine and drive around the premises. It already happened for quite a number of times, so I'm guessing permi gyud na diha. Distorbo ug papansin kaayo. Hay nako. :p Dear mgt, pls hear my plea. Char."
AtCurbside,coffee,I keep ordering their spanish latte. Their coffee has chocolate notes which i looveee. Tried other coffee shops pero lahi ra jud diri
Matcha Bar - Marfori,matcha,Hojicha series TOP NOTCH! Sobrang sarap ng matcha nila that you want to try everything in the menu.
Floury Cafe,matcha,"We visited Floury Café with a friend and ordered one truffle pasta, one Margherita pizza, and juice. The place itself is really nice and has a good ambiance, more ideal for groups since the tables are quite big, not so much for just one or …"
"Miss Bridgette,",matcha,Favorite place
Annipie Roxas,coffee,"Overall, dining here was a great experience! The restaurant's ambience was bright, clean, and welcoming. The employees were friendly. They have a large menu with a good variety of Filipino-friendly choices of appetizers, main courses, desserts, and drinks. We got the spicy binagoongan which was tender, just the right amount of spicy, and overall delicious. The pork tocino was great with the pickled veggies served on the side. The pistachio blondies, chocolate ganache, mango sansrival, and cheesecake were all good too. And all the prices are fair! Sarap talaga kumain dito, plus hindi masakit sa bulsa."
