place_name,rating,shop_type,sentence,TargetAspect,sentiment,is_synthetic,ground_truth,is_tie,vote_breakdown
Seattle's Best Coffee,1,coffee,Food is expensive too.,Product Quality,NEGATIVE,False,,,
HYGGE COFFEE 2,1,coffee,"we had to wait long for our food for about an hour, or even more at times.",Product Quality,NEGATIVE,False,,,
Green Coffee - Diversion,1,coffee,Even the place is great and the food is good but the customer service is worst everything will fall down!,Product Quality,NEGATIVE,False,,,
Annipie Airport View,1,coffee,"The service at Annipies is poor, they serve instant coffee instead of espresso, and overcharge wherever they think that they can get away with it.",Customer Service,NEGATIVE,False,,,
Dear Joe Frontera,1,coffee,You can drink iced coffee made with tap water at an expensive price.,Price and Value,NEGATIVE,False,,,
Evermore Cafe Davao,1,coffee,"But the service, my goodness, it was sooo slow.",Customer Service,NEGATIVE,False,,,
Café Joa,1,coffee,"Thirty minutes before 11 PM, our drinks were still not served, so I followed up.",Product Quality,NEGATIVE,False,,,
Hygge Coffee,1,coffee,"I ordered a coffee to take home, and when I opened it, it wasn't even full and it looked like they had put something in it mural paminta or ambut unsa na hugaw vanilla latte tapos Mao ng nawng!",Product Quality,NEGATIVE,False,,,
Barok Cafe & Resto,1,coffee,Then I think the staff needs to eat in the kitchen.,Customer Service,NEUTRAL,False,,,
ROOFTOP Café Bar,1,coffee,The staff are also not accommodating.,Customer Service,NEGATIVE,False,,,
Seattle's Best Coffee,1,coffee,I'm left wondering how is this level of ignorance possible given they work there everyday?,Facilities and Amenities,NEGATIVE,False,,,
HYGGE COFFEE 2,1,coffee,"The drinks arent good either, and the place is often noisy with loud students.",Product Quality,NEGATIVE,False,,,
STASH Coffee Co.,1,coffee,Rude barista.,Customer Service,NEGATIVE,False,,,
Barok Cafe and Resto,1,coffee,"first ever coworking space I went to, I still have to deposit 100 and need an ID, is it really expensive???",Price and Value,NEUTRAL,False,,,
Blugré Coffee,1,coffee,I can't taste.,Product Quality,NEUTRAL,False,,,
blank space coffee dvo,1,coffee,"Customer service is a big part of any business, and experiences like this leave a very negative impression.",Customer Service,NEGATIVE,False,,,
Dear Joe Frontera,1,coffee,Food is hard.,Product Quality,NEGATIVE,False,,,
Cafe Demitasse,1,coffee,Substandard food quality.,Product Quality,NEGATIVE,False,,,
"The Coffee Bar, Gaisano Mall of Toril",1,coffee,Blueberries on my wafles taste like expired jam.,Product Quality,NEGATIVE,False,,,
Paramount Coffee Crocodile Park Davao,1,coffee,No food here.,Product Quality,NEUTRAL,False,,,
Green Coffee - Marfori,2,coffee,"Unfortunately, the same could be said of all coffee shops in Davao.",Product Quality,NEUTRAL,False,,,
Cafe Gervacios - Pastry and Coffee in Davao City,2,coffee,The food and the atmosphere was good.,Ambiance and Atmosphere,POSITIVE,False,,,
The Bloom Coffee & Start-Up Space,2,coffee,"1st take out, the coffee was wrong.",Product Quality,NEGATIVE,False,,,
Solace - Coffee Club,2,coffee,"If it makes it slightly better, the place is aesthetic.",Ambiance and Atmosphere,POSITIVE,False,,,
Mille Matcha - DGT,2,matcha,"Great matcha, probably one of the best in Davao.",Product Quality,POSITIVE,False,,,
Glasshouse Coffee,2,coffee,Good coffee.,Product Quality,POSITIVE,False,,,
Cafe Gervacios - Pastry and Coffee in Davao City,2,coffee,The service was disappointing during our visit with my friends.,Customer Service,NEGATIVE,False,,,
Café Joa,2,coffee,Great job on the cleanliness but food and service needs improvement.,Product Quality,NEGATIVE,False,,,
Cafe Gervacios - Pastry and Coffee in Davao City,2,coffee,The place is a little bit crowded which is understandable since it is a newly opened café and the good qualities that I mentioned.,Ambiance and Atmosphere,NEUTRAL,False,,,
The Bloom Coffee & Start-Up Space,2,coffee,When looking at the food and drink alone I think this place doesn't hold up.,Product Quality,NEGATIVE,False,,,
Solace - Coffee Club,2,coffee,I ordered their version of a Spanish Latte...lo and behold it was very bitter.,Product Quality,NEGATIVE,False,,,
Barok Cafe and Resto,2,coffee,"Despite bringing these concerns to the attention of the staff, their response was useless and unprofessional.",Customer Service,NEGATIVE,False,,,
Cafe Demitasse,2,coffee,I must say the quantity is good but since I am a foreigner it didn't match upto my taste.,Product Quality,NEGATIVE,False,,,
Knto Cinco - Puan Branch,2,coffee,"Overall, the place is nice and very aesthetic.",Ambiance and Atmosphere,POSITIVE,False,,,
Cafe Gervacios - Pastry and Coffee in Davao City,2,coffee,The place is peaceful and quiet.,Ambiance and Atmosphere,POSITIVE,False,,,
Dopio Café,2,coffee,"the place was nice when it felt like a chill escape, now just another noisy place, loud and obnoxious enough that i either HAVE TO use my bluetooth earphones to drown it out, or just leave, or not enter at all :-( food, here's my review of the whole menu.",Ambiance and Atmosphere,NEGATIVE,False,,,
Blugré Coffee,2,coffee,"Still on the menu are the old faves — Chicken Enchilada and White Choco Torte….This used to be ""the coffee hang out"" during its glory days…But as so many new coffee shops sprouted through the years, issues with poor air conditioning, slow internet connection, and the second floor always unavailable loudly spells TERRIBLE service.",Product Quality,NEGATIVE,False,,,
Starbucks - Matina IT Park,2,coffee,Choco Crepe Cake tasted like cardboard.,Product Quality,NEGATIVE,False,,,
Indahouse Cafe,2,coffee,The milk overpowered the matcha.,Product Quality,NEGATIVE,False,,,
Barok Cafe & Resto,2,coffee,the price is a bit high for the serving.,Price and Value,NEGATIVE,False,,,
Green Coffee - Diversion,3,coffee,"The service was a bit slow, especially with the food.",Customer Service,NEGATIVE,False,,,
Cafe Demitasse,3,coffee,"The staff is exceptionally polite; however, the food served is ordinary and seems to be cooked without passion.",Customer Service,NEGATIVE,False,,,
Coffeecat,3,coffee,"Good coffee, good ambiance, plenty of parking space but slow internet connection",Ambiance and Atmosphere,POSITIVE,False,,,
The Matcha Tokyo - Azuela High Street,3,matcha,"If you're into matcha that leans more on the bitter side, …",Product Quality,NEUTRAL,False,,,
Kopi lah Roti,3,coffee,"Maybe a little renovation, and don't serve a day old coffee bun again please.",Product Quality,NEGATIVE,False,,,
WKND 1970,3,coffee,"I only wish their staff was friendlier, and more approachable, and that they can improve the dining experience by adding more light, tables and music",Facilities and Amenities,NEGATIVE,False,,,
HYGGE COFFEE 2,3,coffee,#NAME?,Customer Service,NEGATIVE,False,,,
HOUR CAFÉ,3,coffee,"The Ambience is nice, they could make much more out of this place by higher Food quality.",Product Quality,NEGATIVE,False,,,
Coffee at Yellow Hauz,3,coffee,Lots of tables and chairs.,Facilities and Amenities,POSITIVE,False,,,
The Matcha Tokyo - SM Davao,3,matcha,Picture of food has nothing in common with the serving.,Product Quality,NEGATIVE,False,,,
"KAOS CAFE - 24 Hours, Jacinto St.",3,coffee,"We ordered the Seasalt Matcha and the Coco Matcha, and both were as quality and delicious as we expected.",Product Quality,POSITIVE,False,,,
Krispy Kreme Factory Store Davao,3,coffee,"Its awkward if ur eating while others waiting for you to finish, so they use ur table and chairs",Facilities and Amenities,NEGATIVE,False,,,
Isem Cafe,3,coffee,Call or contact them first to confirm if they're open coz we went there tonight and they were closed even when their hours on Google said they're open.,Store Operations and Accessibility,NEGATIVE,False,,,
Green Coffee - Marfori,3,coffee,What I like about this place is that it is relatively quiet than other coffee shops.,Ambiance and Atmosphere,POSITIVE,False,,,
Lately Coffee,3,coffee,"We also paired it with some of their cookies, though honestly, they were just average in taste.",Product Quality,NEGATIVE,False,,,
The Matcha Tokyo - Azuela High Street,3,matcha,… for just a decent-regular cup of matcha.,Product Quality,NEUTRAL,False,,,
The Matcha Tokyo - SM Davao,3,matcha,Seems like the cashier or the order taker was very tired.,Customer Service,NEUTRAL,False,,,
Krispy Kreme Doughnuts® - SM Lanang,3,coffee,"I can see the staff are doing their best to accommodate everyone, but the wait can be a bit long.",Customer Service,NEUTRAL,False,,,
Coffeecat,3,coffee,Magazines on the shelf for time spending on the wall to enjoyment of drinking coffee.,Product Quality,NEUTRAL,False,,,
Daleachious Cafe - Ecoland Branch,3,coffee,"Honestly, I thought you bought your cakes from SNR, which offers the same level of taste and consistency.",Product Quality,POSITIVE,False,,,
Coffeecat,4,coffee,2023 update: Main reason for coming here is to try their frozen yogurt but i didnt know they only serve it starting 1pm :( so i had to get iced coffee and a cheesecake instead.,Product Quality,NEUTRAL,False,,,
The Limestone Brew,4,coffee,Coffee 5/5 Atmosphere 5/5 Food 3/5 - small servings for thier expensive food,Product Quality,POSITIVE,False,,,
KISOM Atelier,4,matcha,The matcha taste strong even blended with coffee and the beans they used for coffee's as well are from the known coffee shop in CDO which made me thought ahead that the …,Product Quality,NEUTRAL,False,,,
Cafe Demitasse,4,coffee,The area is not cramped and the airconditioning units are enough for the space.,Facilities and Amenities,POSITIVE,False,,,
JAS Caffeinated,4,coffee,Bit noisy if there are many people.,Ambiance and Atmosphere,NEGATIVE,False,,,
Wood and Coffee Davao,4,coffee,But there was a recent addition of a 5% service charge that wasn't there before.,Customer Service,NEUTRAL,False,,,
Coffee Hub,4,coffee,I loved the wifi and the sockets everywhere though.,Facilities and Amenities,POSITIVE,False,,,
Fourth Street Cafe,4,coffee,The matcha milk was okay and great that it had no clumps.,Product Quality,POSITIVE,False,,,
Steep Kohi,4,coffee,"A little weird seeing 1/3 of the space used for booking flights and such but honestly, the drinks were delicious.",Facilities and Amenities,POSITIVE,False,,,
Cafe Demitasse,4,coffee,Good food.,Product Quality,POSITIVE,False,,,
Cafe Demitasse,4,coffee,the comfort room is the most important place in every establishment.,Facilities and Amenities,NEUTRAL,False,,,
BRGR Alley Café,4,coffee,"Good food, good friends!",Product Quality,POSITIVE,False,,,
Fika Cafe - Lapu-Lapu,4,coffee,"Great place, good food, awesome price, but your clothes will kinda smell like oil afterwards.",Product Quality,POSITIVE,False,,,
Dopio Café,4,coffee,Accessible and easier when you're coming from Rasay Street.,Store Operations and Accessibility,POSITIVE,False,,,
The Crazy Bite Co. Sky Cafe,4,coffee,"What truly elevates the entire experience, however, is the staff.",Customer Service,POSITIVE,False,,,
Lara Mia Café & Bistro,4,coffee,"However I did find the entrees a bit small, also service was slow during my 1st visit.",Customer Service,NEGATIVE,False,,,
Kiks Davao,4,coffee,Mixed the coffee and it felt creamy then tried placing ice in it.,Product Quality,NEUTRAL,False,,,
Coffeecat,4,coffee,":) I'm giving it just 4 stars though, because their crew did not listen well to us when we made the order.",Customer Service,NEGATIVE,False,,,
Kofi Gram Bangkal,4,coffee,The coffee scent welcomes you the moment you open the door.,Product Quality,POSITIVE,False,,,
Espresso Lab Cafe Davao,4,coffee,I hope they can improve on their coffee strength and customer service.,Product Quality,NEUTRAL,False,,,
Cafe Basilico,5,coffee,"But that's my private taste, everyone else might have a different meaning about this.",Product Quality,NEUTRAL,False,,,
Fourth Street Cafe,5,coffee,Got the Spanish latte.,Product Quality,NEUTRAL,False,,,
Out of Boredom,5,matcha,they definitely have good coffee beans!,Product Quality,POSITIVE,False,,,
Whisk Davao Matcha,5,matcha,Very welcoming and kind ang staff esp miss Russell who knows us well na & is very lovely in preparing our orders sparkling_heart we keep coming back for more~ Matcha is superb and my fiancé's favorite is their cacao drink matched with their chocolate …,Customer Service,POSITIVE,False,,,
Cafe Demitasse,5,coffee,Nice food quality.,Product Quality,POSITIVE,False,,,
Whisk It Good Matcha,5,matcha,"First of all, their matcha is really good.",Product Quality,POSITIVE,False,,,
Cafe Tavera,5,coffee,"Giving this resto a 5-star except for the atmosphere, because it can get crowded (which says a lot, by the way) and noisy.",Ambiance and Atmosphere,NEGATIVE,False,,,
Mille Matcha - DGT,5,matcha,They make good matcha.,Product Quality,POSITIVE,False,,,
The Coffee Bar at GMall of Davao,5,coffee,"Service is friendly and efficient,",Customer Service,POSITIVE,False,,,
Purge Coffee Roaster,5,coffee,"The staff were incredibly friendly and accommodating, taking the time to explain the beans used for their coffee, which added to the overall enjoyment of the visit.",Customer Service,POSITIVE,False,,,
The Bloom Coffee & Start-Up Space,5,coffee,A very chill place specially if you want to work and study.,Facilities and Amenities,POSITIVE,False,,,
Daleachious Cafe - Bago Aplaya Branch,5,coffee,Food & Drinks were 100000/10 accommodating staff & store is neat and organized!,Product Quality,POSITIVE,False,,,
The Limestone Brew,5,coffee,The best Matcha better than Matcha Tokyo and the best Truffle Pasta I had period.,Product Quality,POSITIVE,False,,,
Fika Cafe - Lapu-Lapu,5,coffee,Their coffee surprises from the first aroma to the last lingering taste - this coffee is perfection!,Product Quality,POSITIVE,False,,,
Fiend Coffee Club,5,coffee,"Great coffee, owner is very friendly and accomodating.",Product Quality,POSITIVE,False,,,
BRGR Alley Café,5,coffee,We didn't want to continue if there was no proper parking so good thing we found it.,Store Operations and Accessibility,POSITIVE,False,,,
JH Garden Cafe and Restaurant Matina,5,coffee,The staff and their Chef didn't hesitate to provide us with good service and delicious food.,Product Quality,POSITIVE,False,,,
BRGR Alley Café,5,coffee,"The staff were also warm, polite, and friendly, which made the experience even better.",Customer Service,POSITIVE,False,,,
&Matcha - Three Yards,5,matcha,10/10 because the matcha tastes really good.,Product Quality,POSITIVE,False,,,
Habitat Coffee - Tionko Branch,5,coffee,Such a Gen Z vibe - groovy and cozy.,Ambiance and Atmosphere,POSITIVE,False,,,
Starbucks,5,coffee,Truly a Starbuckian and cozy place to chill and unwind,Ambiance and Atmosphere,POSITIVE,False,,,
ROOFTOP Café Bar,5,coffee,Great atmosphere,Ambiance and Atmosphere,POSITIVE,False,,,
"KAOS CAFE - 24 Hours, Jacinto St.",5,coffee,The staffs are really kind and approachable i like the vibe and the song of choice they play,Ambiance and Atmosphere,POSITIVE,False,,,
Fourth Street Cafe,5,coffee,"Minimalist vibe, al fresco setting, and great coffee.",Ambiance and Atmosphere,POSITIVE,False,,,
Cafe Demitasse,5,coffee,"We love the vibrant ambiance, customer service of the guards and waiters, clean comfort rooms and the yummy foods especially the cakes.",Ambiance and Atmosphere,POSITIVE,False,,,
Cafe Gervacios - Pastry and Coffee in Davao City,5,coffee,"We were all happy with the service, the ambiance, and of course the food and drinks.",Ambiance and Atmosphere,POSITIVE,False,,,
Evermore Cafe Davao,5,coffee,"This chic, contemporary establishment perfectly complements the neighborhood's serene ambiance.",Ambiance and Atmosphere,POSITIVE,False,,,
Matcha Point,1,matcha,Way lami itambay kay ang alimuot sa ilang second floor.,Ambiance and Atmosphere,NEGATIVE,True,,,
Kotetsu by Wood and Coffee,5,coffee,"The food was really yummy and the ambiance was warm and relaxing, which made the whole experience nice.",Ambiance and Atmosphere,POSITIVE,False,,,
JH Garden Cafe and Restaurant Matina,4,coffee,Chill place and peaceful.,Ambiance and Atmosphere,POSITIVE,False,,,
JH Garden Cafe and Restaurant Matina,5,coffee,"The peaceful ambiance, combined with the natural beauty of the surroundings, makes it an ideal place for any occasion.",Ambiance and Atmosphere,POSITIVE,False,,,
Koffiepauze,4,matcha,The ambiance is nice,Ambiance and Atmosphere,POSITIVE,False,,,
Starbucks,5,coffee,Good coffee and good ambiance,Ambiance and Atmosphere,POSITIVE,False,,,
Hid'n Coffee,5,coffee,"Definitely among the best coffee shops in Davao City, especially with its laid back open garden atmosphere and its excellent coffee concoctions.",Ambiance and Atmosphere,POSITIVE,False,,,
KISOM Atelier,5,matcha,Very chill vibe too.,Ambiance and Atmosphere,POSITIVE,False,,,
Hortus Davao (Matcha & Coffee),5,matcha,The coffee is good  hundred_points  the ambiance is instagramable  camera_with_flash,Ambiance and Atmosphere,POSITIVE,False,,,
Coffee Project Mintal,4,coffee,"The place is beautifully designed — cozy, Instagram-worthy, and has that relaxing vibe that makes you want to stay longer.",Ambiance and Atmosphere,POSITIVE,False,,,
Good One Cafe and Yogurt,5,coffee,The interior is very unique and the ambiance is great.,Ambiance and Atmosphere,POSITIVE,False,,,
Annipie,5,coffee,Very nice ambiance with lots of cakes to choose from.,Ambiance and Atmosphere,POSITIVE,False,,,
Bandejas Cafe & Diner,5,coffee,"Lovely atmosphere, delicious food and great music.",Ambiance and Atmosphere,POSITIVE,False,,,
Humble Table,4,coffee,The place has a cute and cozy ambiance.,Ambiance and Atmosphere,POSITIVE,False,,,
Paramount Coffee Crocodile Park Davao,4,coffee,a place to go for a good cuppa with relaxing ambiance depending on the time of day.,Ambiance and Atmosphere,POSITIVE,False,,,
Fourth Street Cafe,5,coffee,"Love the minimalist approach, the friendly baristas and the cafe's airy & relaxing atmosphere.",Ambiance and Atmosphere,POSITIVE,False,,,
ROOFTOP Café Bar,5,coffee,We enjoy the food with the calm ambiance.,Ambiance and Atmosphere,POSITIVE,False,,,
Daleachious Cafe - Ecoland Branch,5,coffee,Their jazzy background music makes you mellow down and enjoy the ambiance.,Ambiance and Atmosphere,POSITIVE,False,,,
Outlook,5,coffee,"The outdoor tables are adorned with warm accent lights that mimic candlelight, creating a romantic and intimate atmosphere.",Ambiance and Atmosphere,POSITIVE,False,,,
Fourth Street Cafe,5,coffee,The minimalist design of the cafe creates a soothing atmosphere that's perfect for savoring every sip.,Ambiance and Atmosphere,POSITIVE,False,,,
Starbucks Damosa IT Park Drive-Thru,5,coffee,"The all-glass front and side are particularly pleasing and add a beautiful ambiance, especially at night.",Ambiance and Atmosphere,POSITIVE,False,,,
The Matcha Tokyo - SM Davao,5,matcha,Great atmosphere and service too :)),Ambiance and Atmosphere,POSITIVE,False,,,
Indahouse Cafe,5,coffee,Place: Very Instagrammable Staff: friendly and very attentive Matcha: you can explore various types of high quality matcha drink.,Ambiance and Atmosphere,POSITIVE,False,,,
Kafih - Davao,5,coffee,"Worth the price  OK_hand_light_skin_tone  The services, wifi the ambiance.",Ambiance and Atmosphere,POSITIVE,False,,,
Starbucks SM Davao Expansion Wing,5,coffee,New look but same vibe.,Ambiance and Atmosphere,NEUTRAL,False,,,
Green Coffee - Marfori,5,coffee,clean and quiet green coffee branch.,Ambiance and Atmosphere,POSITIVE,False,,,
Mandatory Matcha Bar,5,matcha,Small interior space but I absolutely love the intimate atmosphere!,Ambiance and Atmosphere,POSITIVE,False,,,
Seattle's Best Coffee,5,coffee,I always go for the al fresco area because the ambiance is really nice.,Ambiance and Atmosphere,POSITIVE,False,,,
Space-Arabica,5,coffee,Aesthetic!,Ambiance and Atmosphere,POSITIVE,False,,,
Whisk Davao Matcha,4,matcha,"Love the ambiance, too!",Ambiance and Atmosphere,POSITIVE,False,,,
Brew and Cinnamon Cafe,5,coffee,"So nice ambiance at this shop, the place is just in front of GoHotel/ Phonex near Guadalupe Village.",Ambiance and Atmosphere,POSITIVE,False,,,
The Coffee Bar at GMall of Davao,5,coffee,Elegant Classy vibe.,Ambiance and Atmosphere,POSITIVE,False,,,
Matcha Bar - Marfori,5,matcha,Cosy atmosphere with unique interior design.,Ambiance and Atmosphere,POSITIVE,False,,,
KISOM Atelier,3,matcha,It ruins the ambiance of an otherwise lovely place.,Ambiance and Atmosphere,NEGATIVE,False,,,
Whisk Davao Matcha,5,matcha,"Great place, peaceful vibe.",Ambiance and Atmosphere,POSITIVE,False,,,
Espresso Lab Cafe Davao,4,coffee,Beautiful lighting and great atmosphere,Ambiance and Atmosphere,POSITIVE,False,,,
Annipie @ The Farm,5,coffee,A place to go when you want peace and quiet day with family.,Ambiance and Atmosphere,POSITIVE,False,,,
Coffee Project Mintal,4,coffee,"The ambiance is cosy, walls with artistic murals that add warmth and playfulness.",Ambiance and Atmosphere,POSITIVE,False,,,
Indahouse Cafe,5,coffee,the AMBIANCE you must SEE and FEEL for yourself... it's TRULY worth your TIME and MONEY... #indahouse,Ambiance and Atmosphere,POSITIVE,False,,,
Coffee at Yellow Hauz,1,coffee,The food and the atmosphere at your establishment are commendable.,Ambiance and Atmosphere,POSITIVE,False,,,
COFFIX COFFEE SHOP,1,coffee,Atmosphere 1/5 No such atmosphere.,Ambiance and Atmosphere,NEGATIVE,False,,,
Matcha Ureshi Bar,5,matcha,"good ambiance, good matcha & good service",Ambiance and Atmosphere,POSITIVE,False,,,
Hortus Davao (Matcha & Coffee),5,matcha,The coffee is good  hundred_points  the ambiance is instagramable  camera_with_flash  …,Ambiance and Atmosphere,POSITIVE,False,,,
Matcha Bar - Marfori,5,matcha,"The place is also very aesthetic, clean and minimalistic.",Ambiance and Atmosphere,POSITIVE,False,,,
Dakong Balay,5,coffee,nice atmosphere with delicious food,Ambiance and Atmosphere,POSITIVE,False,,,
Whisk It Good Matcha,5,matcha,Aesthetic vibes!,Ambiance and Atmosphere,POSITIVE,False,,,
Starbucks - SM Lanang,5,coffee,"Cozy atmosphere, relaxing music, and the smell of coffee hits differently the moment you enter.",Ambiance and Atmosphere,POSITIVE,False,,,
REVEL by Confex,5,coffee,The ambiance is so relaxing and delicious.,Ambiance and Atmosphere,POSITIVE,False,,,
Brew Lane Café,4,coffee,I love the ambience and the music so much!,Ambiance and Atmosphere,POSITIVE,False,,,
Indahouse Cafe,4,coffee,Old town Japanese vibe It must be pretty at night when lights hanged on the tree are lit.,Ambiance and Atmosphere,POSITIVE,False,,,
The Secret Garden Cafe,5,coffee,The Cafe offers a unique ambiance that combines a cozy atmosphere with a beautiful indoor garden setup.,Ambiance and Atmosphere,POSITIVE,False,,,
KISOM Atelier,5,matcha,Love the atmosphere of the place quiet and chill.,Ambiance and Atmosphere,POSITIVE,False,,,
Fourth Street Cafe,5,coffee,The ambiance was conducive for studying.,Ambiance and Atmosphere,POSITIVE,False,,,
The Coffee Bar at GMall of Davao,5,coffee,Good ambiance and very nice place to study!,Ambiance and Atmosphere,POSITIVE,False,,,
Green Coffee - Marfori,5,coffee,Great place for studying and chilling and place is quiet and the atmosphere is peaceful.,Ambiance and Atmosphere,POSITIVE,False,,,
Cafe Gervacios - Pastry and Coffee in Davao City,5,coffee,"Delicious foods,impleccable service amd charming ambiance blue_heart",Ambiance and Atmosphere,POSITIVE,False,,,
"KAOS CAFE - 24 Hours, Jacinto St.",5,coffee,"The ambiance is cozy and artistic, making the whole experience even more enjoyable.",Ambiance and Atmosphere,POSITIVE,False,,,
Wood and Coffee Davao,4,coffee,"The overall aesthetic of the place was impressive, as expected from a design by an artist.",Ambiance and Atmosphere,POSITIVE,False,,,
Hola Coffee,5,coffee,And it has a kinda peaceful chill place for me hehe,Ambiance and Atmosphere,POSITIVE,False,,,
Starbucks - SM City Davao,5,coffee,Everything is good the food the service and the ambiance.,Customer Service,POSITIVE,False,,,
Seattle's Best Coffee,5,coffee,Beautiful ambiance and very delicious coffee plus accomodating crew white_heart  sparkles,Customer Service,POSITIVE,False,,,
Green Coffee - Diversion,1,coffee,Train your staff properly invest in customer service you have the worst customer service in all coffee shop in davao city.,Customer Service,NEGATIVE,False,,,
8me sweet cakes and coffe shop,5,coffee,The best and sikwate with puto maya Nice place Nice their service,Customer Service,POSITIVE,False,,,
Whisk It Good Matcha,5,matcha,"What really keeps me coming back is the overall experience—the cozy, homey interior and the warm, friendly owners who always make sure you …",Customer Service,POSITIVE,False,,,
Fourth Street Cafe,4,coffee,Price experience score (pes) 7/10 Take out place service ok Coffee good Shop nice Price good,Customer Service,NEUTRAL,False,,,
JH Garden Cafe and Restaurant Matina,5,coffee,"love the food , the smiling face of the staff specially the ambiance of the nature",Customer Service,POSITIVE,False,,,
Blugré Coffee,5,coffee,Good service,Customer Service,POSITIVE,False,,,
The Coffee Bar at GMall of Davao,5,coffee,Super Lovely and welcoming Staff named Glena Jean,Customer Service,POSITIVE,False,,,
The Crazy Bite Co. Sky Cafe,4,coffee,Meals star  star  star  star  Burgers  star  star  star  star  star  Coffee  star  star  star  Place  star  star  star  star  star  Crews  star  star  star  star  Great service  star   star   star   star   star,Customer Service,POSITIVE,False,,,
Kanoffee Toril,5,coffee,Coffee- 5/5 Place- 5/5 Service- 5/5 it ma,Customer Service,POSITIVE,False,,,
The Crazy Bite Co. Sky Cafe,5,coffee,the ambiance of the place plus the food is already giving and as well as the workers which is very accommodating in terms of services.,Customer Service,POSITIVE,False,,,
The Crazy Bite Co. Sky Cafe,5,coffee,"FROM THE MOMENT YOU WALK IN, THE ENTIRE CREW GREETS YOU WITH THE WARMEST SMILES AND ENERGY AND IT INSTANTLY MAKES YOU FEEL COMFORTABLE AND APPRECIATED!!!",Customer Service,POSITIVE,False,,,
Kafih - Davao,5,coffee,"Work friendly and relaxing ambiance, free wifi and charging station  OK_hand",Customer Service,NEUTRAL,False,,,
The Coffee Bar at GMall of Davao,5,coffee,"great customer service by Glena Jean, the best among the rest!",Customer Service,POSITIVE,False,,,
The Coffee Bar at GMall of Davao,5,coffee,Good service,Customer Service,POSITIVE,False,,,
Matcha Bar - Marfori,5,matcha,The best matcha cafe in the Ph so cozy and friendly and just aesthetically pleasing!,Customer Service,POSITIVE,False,,,
Mori & Mill,2,coffee,Aesthetics of the restaurant is the total opposite of service and food.,Customer Service,NEGATIVE,False,,,
DUNKIN’ Catalunan Grande,4,coffee,Accommodating ang staff and great ambiance while ga study,Customer Service,POSITIVE,False,,,
The Crazy Bite Co. Sky Cafe,5,coffee,Food 7.8/10 Matcha 8.5/10 Service 10/10 Place 10/10,Customer Service,POSITIVE,False,,,
Darkk Coffee Co.,5,coffee,"The warm ambiance and friendly people evoke memories of teenage hangouts, while the expertly crafted offers a comforting taste of the past.",Customer Service,POSITIVE,False,,,
Dakong Balay,4,coffee,Good service,Customer Service,POSITIVE,False,,,
STASH Coffee Co.,4,coffee,The interior was warm staff where friendly and willing to help guess its location is also a plus giving a little privacy,Customer Service,POSITIVE,False,,,
PICKUP COFFEE - Oroderm City,5,coffee,Good service,Customer Service,POSITIVE,False,,,
Starbucks SM Davao Expansion Wing,5,coffee,And Its really great to have a Nice Food Service and Atmosphere specially the new STarbucks branch,Customer Service,POSITIVE,False,,,
Fourth Street Cafe,5,coffee,Good Service,Customer Service,POSITIVE,False,,,
Pursuit of Coffee (POC),5,coffee," cupcake Vanilla Flan Tart, Kalifa Cake  hot_beverage Crossroad latte, Spring Blossom, Roasted Indigo  star genuinely kind staff  star clean and beautifully maintained space  star Impressively fast service  star love the food and drinks overall",Customer Service,POSITIVE,False,,,
Cafe Gervacios - Pastry and Coffee in Davao City,5,coffee,Nice branch Great food friendly staff the place is Brand New and has great ambience,Customer Service,POSITIVE,False,,,
Purge Coffee Roaster,5,coffee,A real third wave coffee experience in Davao operated by a passionate award winning barista.,Customer Service,POSITIVE,False,,,
Starbucks - Abreeza Mall,5,coffee,"The recent renovation solidifies Starbucks Abreeza as not just a coffee shop but a destination where friendly service, a conducive work environment, and a fresh, modern aesthetic come together for an exceptional experience.",Customer Service,POSITIVE,False,,,
Kafih - Davao,5,coffee,I love the cafe cause of the barista and food and coffee,Customer Service,POSITIVE,False,,,
WORK CO COWORKING MATINA BRANCH,5,coffee,The staff name krezel is very friendly and accomodating,Customer Service,POSITIVE,False,,,
Whisk Davao Matcha,5,matcha,"white chocolate matcha is good and the cheesecake as well, every accommodating din tung staff sila Russel and Sam.",Customer Service,POSITIVE,False,,,
olo. Coffee And Concepts,5,coffee,"I love how cozy and calm the overall vibe is, especially in the outdoor space — it's the perfect spot to relax and unwind.",Facilities and Amenities,POSITIVE,False,,,
The Limestone Brew,5,coffee,A high end coffee and diner in the  red_heart  of Samal with WiFi,Facilities and Amenities,POSITIVE,False,,,
ems Cafe and Resto,3,coffee,Strategic area with many establishments nearby and shared parking space too.,Facilities and Amenities,POSITIVE,False,,,
Pastry Street Pie & Café,5,coffee,pushpin Friendly and pleasant-looking staff  pushpin WiFi!!!,Facilities and Amenities,POSITIVE,False,,,
The Bloom Coffee & Start-Up Space,4,coffee,Great place to work Good coffee and good food I recommand,Facilities and Amenities,POSITIVE,False,,,
Dunkin’ Drive Thru,5,coffee,wide and secure parking space to atop over and take a short nap,Facilities and Amenities,POSITIVE,False,,,
Starbucks Damosa IT Park Drive-Thru,5,coffee,You feel safe with plenty of parking space & polite staff,Facilities and Amenities,POSITIVE,False,,,
MYLK Cafe,4,matcha,Cozy space and strong ac!,Facilities and Amenities,POSITIVE,False,,,
Coffee Project Mintal,5,coffee,The abundance of natural light and greenery creates a peaceful and calming environment that's perfect for enjoying a cup of coffee or working on your laptop.,Facilities and Amenities,POSITIVE,False,,,
JH Garden Cafe and Restaurant Matina,5,coffee,"Soft lighting, comfortable seating, and natural wood elements create an inviting space that's perfect for everything from casual hangouts to special celebrations.",Facilities and Amenities,POSITIVE,False,,,
Coffeecat,4,coffee,A quite place for study and review,Facilities and Amenities,POSITIVE,False,,,
Kafih - Davao,5,coffee,"The ambiance is cozy and conducive to focus, making it an ideal spot for both work and leisure.",Facilities and Amenities,POSITIVE,False,,,
The Bloom Coffee & Start-Up Space,5,coffee,Best work space Yummy Food Good Service,Facilities and Amenities,POSITIVE,False,,,
Barok Cafe and Resto,3,coffee,The space is nice and has a cozy vibe that makes it comfortable to stay and relax.,Facilities and Amenities,POSITIVE,False,,,
STASH Coffee Co.,5,coffee,Stash has good parking space and tidy comfort room.,Facilities and Amenities,POSITIVE,False,,,
The Matcha Tokyo - SM Davao,5,matcha,Love the aesthetic and how clean the space is!,Facilities and Amenities,POSITIVE,False,,,
Infinite Caffeine,5,coffee,My friend also greatly appreciate the comfort room because it is so homey and clean.,Facilities and Amenities,POSITIVE,False,,,
Annipie,5,coffee,"Yummy cinnamon rolls, clean and comfy space",Facilities and Amenities,POSITIVE,False,,,
Annipie Airport View,5,coffee,Really cozy and aesthetic place to work and eat.,Facilities and Amenities,POSITIVE,False,,,
JH Garden Cafe and Restaurant Matina,5,coffee,The café's strong connection to nature is evident in every corner.,Facilities and Amenities,POSITIVE,False,,,
Coffeecat,5,coffee,Possibly the best coffee in Davao plus free WiFi,Facilities and Amenities,POSITIVE,False,,,
Starbucks - SM Lanang,4,coffee,The minimalist design and comfortable seating create a welcoming space.,Facilities and Amenities,POSITIVE,False,,,
Aloha Kakou Neighborhood Cafe,4,coffee,"It offers a spacious parking area and a cozy, beautifully designed space.",Facilities and Amenities,POSITIVE,False,,,
Kafih - Davao,5,coffee,Kafih is the ideal spot for both great food and a cozy study environment.,Facilities and Amenities,POSITIVE,False,,,
Coffeecat,5,coffee,"Coffee is really great  hot_beverage  Perfect place for meetings, study sessions, date and for coffee",Facilities and Amenities,POSITIVE,False,,,
olo. Coffee And Concepts,3,coffee,Maybe after tables are freshly cleaned and the patio is tidied up there will be the 5 star atmosphere that is seen in the pictures.,Facilities and Amenities,NEGATIVE,False,,,
Kafih - Davao,5,coffee,Nice place to study kay peaceful ang second floor,Facilities and Amenities,POSITIVE,False,,,
Pursuit of Coffee (POC),5,coffee," cupcake Vanilla Flan Tart, Kalifa Cake  hot_beverage Crossroad latte, Spring Blossom, Roasted Indigo  star genuinely kind staff  star clean and beautifully maintained space  star Impressively fast service  star love the food and drinks overall",Facilities and Amenities,POSITIVE,False,,,
Seattle's Best Coffee,1,coffee,Cold aircon and great design in architecture and interior.,Facilities and Amenities,POSITIVE,False,,,
The Coffee Bar at GMall of Davao,5,coffee,The comfort room is the best Like  hundred_points  und echt Sauber,Facilities and Amenities,POSITIVE,False,,,
The Coffee Bar at GMall of Davao,5,coffee,"The ambiance is clean, aesthetic, and cozy, making it a great place to study or just relax.",Facilities and Amenities,POSITIVE,False,,,
Hikaru de Cielo Cafe,5,coffee,Very nice and good place with aircon  pink_heart,Facilities and Amenities,POSITIVE,False,,,
Cafe Sierra,5,coffee,Simple and cozy place to dine in and work,Facilities and Amenities,POSITIVE,False,,,
JAS Caffeinated,5,coffee,Good place to study and bond with friends,Facilities and Amenities,POSITIVE,False,,,
Outlook,5,coffee,"The outdoor tables are adorned with warm accent lights that mimic candlelight, creating a romantic and intimate atmosphere.",Facilities and Amenities,POSITIVE,False,,,
JAS Caffeinated,5,coffee,"The ambiance is warm and comfortable, creating a peaceful space where you can truly enjoy your time.",Facilities and Amenities,POSITIVE,False,,,
BRGR Alley Café,5,coffee,Place is comfortable and big space abd the vibes is very serenity.,Facilities and Amenities,POSITIVE,False,,,
&Matcha - Three Yards,5,matcha,#NAME?,Facilities and Amenities,POSITIVE,False,,,
Whisk Davao Matcha,5,matcha,very unique drink combos that just Work wonderfully.,Facilities and Amenities,NEUTRAL,False,,,
Cafe Gervacios - Pastry and Coffee in Davao City,5,coffee,"I'm particularly drawn to the interior—its mid-century aesthetic is thoughtfully executed and well-maintained, creating a space that feels both stylish and inviting.",Facilities and Amenities,POSITIVE,False,,,
"KAOS CAFE - 24 Hours, Jacinto St.",5,coffee,Kaos Cafe is my new favorite spot because it perfectly balances a productive work vibe with the best atmosphere for a barkada hangout.,Facilities and Amenities,POSITIVE,False,,,
Humble Table,5,coffee,The place there is so cozy and perfect to study and very instragrammable.,Facilities and Amenities,POSITIVE,False,,,
Purge Coffee Roaster,5,coffee,"This shop is more coffee centric, small space, intimate and modern atmosphere with friendly unassuming baristas who let their coffee nad the quality of the experience they offer speak for itself.",Facilities and Amenities,POSITIVE,False,,,
Annipie Airport View,5,coffee,Their CR got fresh calachuchi petals that added to the freshness and cleanliness of their CR.,Facilities and Amenities,POSITIVE,False,,,
Purge Coffee Roaster,4,coffee,"A cozy haven, with a unique embrace, Crafted cups served, within this warm space.",Facilities and Amenities,POSITIVE,False,,,
Dear Joe Frontera,5,coffee,Such a unique ambiance as well perfect if you're looking for a working space.,Facilities and Amenities,POSITIVE,False,,,
Lately Coffee,5,coffee,"Behind it is a staircase leading to a beautifully designed space with warm lighting, minimalist décor, and a charming speakeasy vibe.",Facilities and Amenities,POSITIVE,False,,,
Hid'n Coffee,4,coffee,Ambiance had a cozy feels to it with a decent amount of tables and chairs.,Facilities and Amenities,POSITIVE,False,,,
Seattle's Best Coffee,5,coffee,The upholstery of chairs a classy and classic in appearance.,Facilities and Amenities,POSITIVE,False,,,
Kafih - Davao,5,coffee,"Worth the price  OK_hand_light_skin_tone  The services, wifi the ambiance.",Facilities and Amenities,POSITIVE,False,,,
Starbucks Damosa IT Park Drive-Thru,5,coffee,Starbucks has a way of creating a space that feels both professional and personal.,Facilities and Amenities,POSITIVE,False,,,
Green Coffee - Ecoland,5,coffee,"Good for coffee, place to work and to study",Facilities and Amenities,POSITIVE,False,,,
MYLK Cafe,4,matcha,Cozy space and strong ac!,Facilities and Amenities,POSITIVE,False,,,
Green Coffee - Marfori,5,coffee,It has a wide space and the internet connection is quite good,Facilities and Amenities,POSITIVE,False,,,
Coffee Hub,5,coffee,Affordable coffee and a freshly brewed coffee beans round the clock plus a comfortable place to kill time.,Price and Value,POSITIVE,False,,,
Fourth Street Cafe,5,coffee,label  The price point is also great value for such good coffee.,Price and Value,POSITIVE,False,,,
Kafih - Davao,5,coffee,affordable 24 hrs coffee shop,Price and Value,POSITIVE,False,,,
MATCHATUALS,5,coffee,5/5 price 5/5 taste of matcha  heart_hands_light_skin_tone  …,Price and Value,POSITIVE,False,,,
Coffee at Yellow Hauz,5,coffee,Still the coziest and affordable cafe nearest to Crossfit Cranium,Price and Value,POSITIVE,False,,,
LASA DAVAO,5,coffee,"Overall, great value for money and recommended!""",Price and Value,POSITIVE,False,,,
PICKUP COFFEE - Gaisano Grand Citygate,5,coffee,food is delicious and affordable also the coffee,Price and Value,POSITIVE,False,,,
The Coffee Spot & Lounge,4,coffee,love the affordable coffee price and quality,Price and Value,POSITIVE,False,,,
Fourth Street Cafe,4,coffee,Price experience score (pes) 7/10 Take out place service ok Coffee good Shop nice Price good,Price and Value,POSITIVE,False,,,
HYGGE COFFEE 2,5,coffee,"11/10 overall a must try coffee shop jud , recommended foods and drinks super ka budget friendly plus the quality thumbs up jud red_heart",Price and Value,POSITIVE,False,,,
Black Scoop Cafe Matina,5,coffee,Good vibes everywhere: from the staff to the food to the place itself.,Product Quality,POSITIVE,False,,,
Kapeweñoz V. Mapa,5,coffee,Great coffee specially the LecheFlan Cheese Cake the best!,Product Quality,POSITIVE,False,,,
Gulf Coast Coffee and Co.,5,coffee,affordable and the coffee looks good,Product Quality,POSITIVE,False,,,
Cafe Demitasse,5,coffee,NICE PLACE MY FAVORITE PLACE heart_suit  GOOD FOOD THE CREW ARE FRIENDLY,Product Quality,POSITIVE,False,,,
Better Beans Co. - Coffee Roaster (New Location),5,coffee,"One of the best coffee shops in town and definitely my go-to bean roaster for freshly roasted, premium-quality coffee.",Product Quality,POSITIVE,False,,,
The Coffee Spot & Lounge,5,coffee,A must visit place for coffee lovers  blue_heart  Unlike other coffee shops in Calinan were latte & capucinno tasted the same.,Product Quality,POSITIVE,False,,,
The Coffee Bar at GMall of Davao,5,coffee,The ambience is really great and so is the food,Product Quality,POSITIVE,False,,,
Out of Boredom,5,matcha,"The matcha has a smooth, consistent texture with a well-balanced umami flavor and a rich, authentic …",Product Quality,POSITIVE,False,,,
The Limestone Brew,5,coffee,A high end coffee and diner in the  red_heart  of Samal with WiFi,Product Quality,POSITIVE,False,,,
KISOM Atelier,5,matcha,"The interior, aesthetic, and quality of matcha is exceptional.",Product Quality,POSITIVE,False,,,
PICKUP COFFEE - Oroderm City,5,coffee,A place that truly turns simple coffee moments into unforgettable memories,Product Quality,POSITIVE,False,,,
Whisk Davao Matcha,5,matcha,Loved the place & the matcha latte is 10/10!!,Product Quality,POSITIVE,False,,,
Haron's Cafe,4,coffee,Great coffee Delicious fresh rolls Interesting take on a full English breakfast,Product Quality,POSITIVE,False,,,
Bean Xpress Matina Branch,5,coffee,"All together make a smooth and tasty coffee, perfect base also for a good cappuccino.",Product Quality,POSITIVE,False,,,
Purge Coffee Roaster,5,coffee,Very good specialty coffee that uses freshly roasted beans and farm fresh milk.,Product Quality,POSITIVE,False,,,
Whisk Davao Matcha,5,matcha,Loved the matcha and the creamy seta alfredo Ms. Angel was very accommodating and made the experience even better.,Product Quality,POSITIVE,False,,,
Court Side Café,5,coffee,A small air conditioned coffee place with a quiet atmosphere next to Bankerohan and on top the Badminton center.,Product Quality,NEUTRAL,False,,,
Happy Valley Cafe Davao,5,coffee,"Very cozy and the focus is not just on aesthetics, the food and drinks are also legit delicious  hundred_points",Product Quality,POSITIVE,False,,,
The Matcha Tokyo - Azuela High Street,5,matcha,Favorite matcha drink and pastry,Product Quality,POSITIVE,False,,,
Barok Cafe and Resto,2,coffee,"Barok Café & Resto is a mix of coffee shop, restaurant and events place.",Product Quality,NEUTRAL,False,,,
Isem Cafe,5,coffee,the coffee was fantastic and perfect for coffee lovers exploring new options in the city.,Product Quality,POSITIVE,False,,,
Coffee Project Mintal,5,coffee,"You can tell that the baristas take great care in crafting each cup of coffee, ensuring that every customer is satisfied with their drink.",Product Quality,POSITIVE,False,,,
Coffeefolks Cafe,5,coffee,A cozy place to chill and the staff are very friendly and passionate about their coffee,Product Quality,POSITIVE,False,,,
Green Coffee - Marfori,5,coffee,Green coffee is 10 times more delicious than Boss Coffee.,Product Quality,POSITIVE,False,,,
Fourth Street Cafe,4,coffee,"A coffee shop with a unique coffee and clean interior, featured in trending Facebook and Instagram photos.",Product Quality,POSITIVE,False,,,
Habitat Coffee - Tionko Branch,5,coffee,"in a coffee scene that is super saturated na, this cafe has its own vibe and taste that sets it apart from the others.",Product Quality,POSITIVE,False,,,
Spilled Coffee,5,matcha,baristas are kind enough to tailor it to your taste and the beans they use smell so good?!,Product Quality,POSITIVE,False,,,
Whisk Davao Matcha,4,matcha,Tried their Whisk Hibiscus Matcha and loved it!,Product Quality,POSITIVE,False,,,
Coffee Project Mintal,5,coffee,The abundance of natural light and greenery creates a peaceful and calming environment that's perfect for enjoying a cup of coffee or working on your laptop.,Product Quality,NEUTRAL,False,,,
BRGR Alley Café,5,coffee,Exelent verry friendly and good staff and good food,Product Quality,POSITIVE,False,,,
Vanitea Cafe,5,coffee,Keep making excellent pastries and coffee!,Product Quality,POSITIVE,False,,,
Sipscape Cafe,5,coffee,Sipscape Cafe is an awesome environment with amazing beverages and food!,Product Quality,POSITIVE,False,,,
Beyond Beans & Co,5,matcha,Tried the dirty matcha and matcha strawberry and the oat barley is really giving!,Product Quality,POSITIVE,False,,,
The Matcha Tokyo - Azuela High Street,5,matcha,Very nice cafe ambiance and yummy matcha!!,Product Quality,POSITIVE,False,,,
Seattle's Best Coffee,4,coffee,The new place is absolutely a pretty go to place for the coffee lovers.,Product Quality,POSITIVE,False,,,
BRGR Alley Café,5,coffee,Delicious food,Product Quality,POSITIVE,False,,,
MYLK Cafe,5,matcha,Probably one of the best coffee in Marfori!,Product Quality,POSITIVE,False,,,
Espresso Lab Cafe Davao,5,coffee,The perfect ambiance to enjoy your peace and coffee.,Product Quality,NEUTRAL,False,,,
Coffee By The Way,5,coffee,"Coffee By The Way is not just a coffee shop; it's a serene escape into nature, offering an unparalleled coffee experience that seamlessly blends quality brews with a refreshing natural ambiance.",Product Quality,POSITIVE,False,,,
Koffiepauze,5,matcha,The white and wood themed interior makes it a great place to hang out and have coffee.,Product Quality,NEUTRAL,False,,,
Whisk Davao Matcha,5,matcha,"white chocolate matcha is good and the cheesecake as well, every accommodating din tung staff sila Russel and Sam.",Product Quality,POSITIVE,False,,,
Whisk Davao Matcha,5,matcha,The owner is so kind and the matcha is delicious  face_savoring_food  …,Product Quality,POSITIVE,False,,,
Apo Cafe,5,coffee,Great and accessible Halal cafe with prayer room situated in a very student-heavy location so best for studious college students who want to review while snacking on good food and drinks,Product Quality,POSITIVE,False,,,
KISOM Atelier,5,matcha,A very cozy place to chill and have matcha,Product Quality,NEUTRAL,False,,,
Craft Coffee & Roastery,5,coffee,Indulge in the irresistible aroma and taste of their brewed coffee.,Product Quality,POSITIVE,False,,,
Paramount Coffee - Twin Palms,5,coffee,Paramount Coffee Twinpalm has such a cozy and inviting atmosphere!,Product Quality,NEUTRAL,False,,,
Whisk Davao Matcha,5,matcha,"The Signature Cacao was amazing, you can really taste the …",Product Quality,POSITIVE,False,,,
Matcha Bar - Marfori,5,matcha,Matcha Bar offers a vibrant and welcoming ambiance that creates a truly enjoyable café experience.,Product Quality,NEUTRAL,False,,,
Espresso Lab Cafe Davao,5,coffee,Excellent taste of coffee and pastries,Product Quality,POSITIVE,False,,,
Hid'n Coffee,2,coffee,1 tending to the coffee and 2 tending to the food.,Product Quality,NEUTRAL,False,,,
The Bloom Coffee & Start-Up Space,5,coffee,"5/5, 100/100, perfect coffee shop.",Product Quality,POSITIVE,False,,,
Brew and Cinnamon Cafe,4,coffee,"This cafe shop offers a warm, inviting ambiance, exceptional coffee, and friendly service that make it a must visit spot.",Product Quality,POSITIVE,False,,,
Darkk Coffee Co.,5,coffee,Dark coffee is a must try for coffee enthisiasts like me.,Product Quality,POSITIVE,False,,,
Good One Cafe and Yogurt,5,coffee,very aesthetic and loved the yogurt and drinks,Product Quality,POSITIVE,False,,,
TALA Cafe,5,coffee,"Honey vibe, good food and coffee",Product Quality,POSITIVE,False,,,
Blnko Street Cafe,5,coffee,"From expertly crafted coffee to refreshing non-coffee beverages, every drink is thoughtfully prepared with quality and consistency in mind.",Product Quality,POSITIVE,False,,,
Brew and Cinnamon Cafe,5,coffee,My girlfriend and I visit this café several times every month because it's one of our favorite places to relax and enjoy great food together.,Product Quality,POSITIVE,False,,,
Paramount Coffee Crocodile Park Davao,5,coffee,Best local coffee dria sa davao  pink_heart,Product Quality,POSITIVE,False,,,
The Matcha Tokyo - Azuela High Street,4,matcha,"The flavor was rich, earthy, and noticeably more authentic than the average café matcha latte, with a pleasant umami depth and just the right level of sweetness.",Product Quality,POSITIVE,False,,,
Green Bread - Matina,5,coffee,Very aesthetic place good service and the staff so friendly and especially to the chef lami mag luto kudos to all balik balik kami <3,Product Quality,POSITIVE,False,,,
The Matcha Tokyo - SM Davao,3,matcha,I love the Matcha drinks and soft serve ice cream.,Product Quality,POSITIVE,False,,,
Kingdom Cafe & Bistro,5,coffee,"Overall, Kingdom Cafe and Bistro is a hidden gem that provides an exceptional coffee shop experience.",Product Quality,POSITIVE,False,,,
Knto Cinco - Puan Branch,5,coffee,Coffee is good too maple_leaf,Product Quality,POSITIVE,False,,,
Cafe Demitasse,4,coffee,Their coffee's distinct flavor and taste is what I truly love and sets them apart from the rest.,Product Quality,POSITIVE,False,,,
"KAOS CAFE - 24 Hours, Jacinto St.",3,coffee,"First, the coffee is so good, my friends and I would rate it a 9/10.",Product Quality,POSITIVE,False,,,
The Matcha Tokyo - Azuela High Street,5,matcha,update: the hot matcha latte is so good with the latte art.,Product Quality,POSITIVE,False,,,
Starbucks - SM Lanang,4,coffee,Excellent location cleverly situated in the second floor of the mall giving you a good view of all the shops and people traffic activity.,Store Operations and Accessibility,POSITIVE,False,,,
Paramount Coffee - Twin Palms,4,coffee,"Unavoidably along the road right beside Twin Palms Residences, your eyes will revert to the two floors of space and sufficient parking lot.",Store Operations and Accessibility,POSITIVE,False,,,
Starbucks - Matina IT Park,5,coffee,Spacious and Accessible,Store Operations and Accessibility,POSITIVE,False,,,
Starbucks - SM Lanang,5,coffee,Coffee and pastries is on one good location,Store Operations and Accessibility,POSITIVE,False,,,
Haron's Cafe,5,coffee,The most beautiful coffee shop in Dafawa city... open 24 hours,Store Operations and Accessibility,POSITIVE,False,,,
Habitat Coffee - Tionko Branch,4,coffee,Small cafe with an open-air space and an additional nicely-decorated second floor.,Store Operations and Accessibility,POSITIVE,False,,,
Apo Cafe,5,coffee,Great and accessible Halal cafe with prayer room situated in a very student-heavy location so best for studious college students who want to review while snacking on good food and drinks,Store Operations and Accessibility,POSITIVE,False,,,
ems Cafe and Resto,3,coffee,Strategic area with many establishments nearby and shared parking space too.,Store Operations and Accessibility,POSITIVE,False,,,
STASH Coffee Co.,5,coffee,The place is located on the second floor of TBT building with a good amount of parking space.,Store Operations and Accessibility,POSITIVE,False,,,
Seattle's Best Coffee,4,coffee,"The place has a bigger area inside the coffeeshop and the parking, comfortable seats.",Store Operations and Accessibility,POSITIVE,False,,,
Aloha Kakou Neighborhood Cafe,4,coffee,"It offers a spacious parking area and a cozy, beautifully designed space.",Store Operations and Accessibility,POSITIVE,False,,,
Dear Joe Frontera,5,coffee,Naa pod plants which make the atmosphere feel like you are in a jungle or close to nature.,Store Operations and Accessibility,NEUTRAL,False,,,
Coffee For Peace at One Oasis,5,coffee,Close to appartelle oasis,Store Operations and Accessibility,NEUTRAL,False,,,
Green Coffee - Diversion,5,coffee,Original Green Coffee was in Torres Sts it has also good location.,Store Operations and Accessibility,POSITIVE,False,,,
Black Scoop Cafe Matina,4,coffee,It has a highly visible location and a dedicated parking area.,Store Operations and Accessibility,POSITIVE,False,,,
The Crazy Bite Co. Sky Cafe,4,coffee,"Mostly, what is wow is view and location of the place.",Store Operations and Accessibility,POSITIVE,False,,,
STASH Coffee Co.,5,coffee,Stash has good parking space and tidy comfort room.,Store Operations and Accessibility,POSITIVE,False,,,
"The Coffee Bar, Gaisano Mall of Toril",5,coffee,"the location is delightful wherein you can have mountain view, delicious food and hot coffee.",Store Operations and Accessibility,POSITIVE,False,,,
Glasshouse Coffee,5,coffee,The location is a reminder of how green spaces make things even better.,Store Operations and Accessibility,POSITIVE,False,,,
One Corner Coffee Lifestyle and Beyond,5,coffee,I LOVE THE AMBIANCE <3,Ambiance and Atmosphere,POSITIVE,False,,,
Coffeecat,5,coffee,Love the ambiance and food!,Ambiance and Atmosphere,POSITIVE,False,,,
Fourth Street Cafe,5,coffee,"Minimalist, great ambiance and fast service!",Ambiance and Atmosphere,POSITIVE,False,,,
Paramount Coffee Crocodile Park Davao,5,coffee,Ambiance is so nice and relaxing.,Ambiance and Atmosphere,POSITIVE,False,,,
STASH Coffee Co.,4,coffee,"Delicious coffee, chill vibes.",Ambiance and Atmosphere,POSITIVE,False,,,
Lara Mia Café & Bistro,5,coffee,Love the ambiance too!,Ambiance and Atmosphere,POSITIVE,False,,,
Glasshouse Coffee,5,coffee,The wooden interiors give off a calming vibe.,Ambiance and Atmosphere,POSITIVE,False,,,
olo. Coffee And Concepts,5,coffee,I really like the ambiance and all.,Ambiance and Atmosphere,POSITIVE,False,,,
Glasshouse Coffee,4,coffee,Quiet and elegant,Ambiance and Atmosphere,POSITIVE,False,,,
Humble Table,5,coffee,"The café itself has a cozy vibe, making it a great spot to relax and enjoy a delicious drink.",Ambiance and Atmosphere,POSITIVE,False,,,
Lara Mia Café & Bistro,5,coffee,An aswome restaurant with great food and delightful atmosphere  OK_hand,Ambiance and Atmosphere,POSITIVE,False,,,
Kiks Davao,3,coffee,The rich and bold flavors of the coffee really hit the spot.,Product Quality,POSITIVE,False,,,
PICKUP COFFEE - Oroderm City,5,coffee,The place has such a calm and cozy vibe — definitely a café we'll always keep coming back to.,Ambiance and Atmosphere,POSITIVE,False,,,
Chatime - SM Ecoland Davao,3,coffee,Typical chatime drinks small and fast for your cold milk tea,Product Quality,NEUTRAL,False,,,
MYLK Cafe,5,matcha,Space was small but very homey like ambiance,Ambiance and Atmosphere,POSITIVE,False,,,
MYLK Cafe,5,matcha,Space was small but very homey like ambiance,Ambiance and Atmosphere,POSITIVE,False,,,
The Coffee Bar at GMall of Davao,5,coffee,Everything is good from ambiance-food-staff.,Ambiance and Atmosphere,POSITIVE,False,,,
Kove,3,coffee,"Sure, it looked neat and added to the overall aesthetic.",Ambiance and Atmosphere,POSITIVE,False,,,
Humble Table,4,coffee,I really like the vibe of this place.,Ambiance and Atmosphere,POSITIVE,False,,,
Indahouse Cafe,5,coffee,Well-made furniture and an atmosphere that's calm but not stiff.,Ambiance and Atmosphere,POSITIVE,False,,,
Pastry Street Pie & Café,5,coffee,pushpin The ambience is very homey  pushpin They had a taste of curated music playlist that sets that comforting vibe.,Ambiance and Atmosphere,POSITIVE,False,,,
Cafe Demitasse,4,coffee,Place has Denny's resto kind of ambiance.,Ambiance and Atmosphere,NEUTRAL,False,,,
Matcha Loco,1,matcha,"Not aesthetically pleasing sa personal, untidy and noisy.",Ambiance and Atmosphere,NEGATIVE,True,,,
Steep Kohi,5,coffee,Ordered Matcha Volume 1 enjoyed the drink has a very bold matcha flavor with very slight sweetness.,Product Quality,POSITIVE,False,,,
Café de Vivré,5,coffee,The ambiance of the place is also really nice.,Ambiance and Atmosphere,POSITIVE,False,,,
ROOFTOP Café Bar,5,coffee,"I love the vibe, the food and drinks are great",Ambiance and Atmosphere,POSITIVE,False,,,
Knto Cinco - Puan Branch,5,coffee,The sweetness is just right to your palate and is best paired with coffee.,Product Quality,POSITIVE,False,,,
Door 3 Cafe,5,coffee,me and my gf loved the atmosphere so much!,Ambiance and Atmosphere,POSITIVE,False,,,
Cafe Basilico,5,coffee,"From the moment we walked in, we felt right at home in the warm, inviting atmosphere.",Ambiance and Atmosphere,POSITIVE,False,,,
"The Coffee Bar, Gaisano Mall of Toril",5,coffee,Great ambiance and great food,Ambiance and Atmosphere,POSITIVE,False,,,
Purge Coffee Roaster,4,coffee,It also has a feel good cozy vibe.,Ambiance and Atmosphere,POSITIVE,False,,,
Starbucks - Matina IT Park,4,coffee,Coffee is great and the vibe of the place nice.,Ambiance and Atmosphere,POSITIVE,False,,,
Coffeecat,4,coffee,Coffee taste good and cream brulee just suits their coffee,Product Quality,POSITIVE,False,,,
Starbucks Damosa IT Park Drive-Thru,4,coffee,Coffee and ambiance is always great.,Ambiance and Atmosphere,POSITIVE,False,,,
TALA Cafe,5,coffee," star  star  star  star  star  Absolutely fantastic coffee!If you are a true coffee lover, you need to visit this place.",Product Quality,POSITIVE,False,,,
Vibes Cafe,1,coffee,Saba kay ga dungan ang music ug ang saba sa mga tao.,Ambiance and Atmosphere,NEGATIVE,True,,,
Solace - Coffee Club,5,coffee,One of the best spot to chill and dine here in Toril!,Ambiance and Atmosphere,POSITIVE,False,,,
The Secret Garden Cafe,5,coffee,The place itself has a really cozy atmosphere - filled with antiques and plants.,Ambiance and Atmosphere,POSITIVE,False,,,
Outlook,4,coffee,"The atmosphere transforms with the evening lights, creating a cozy and inviting setting perfect for a memorable dining experience.",Ambiance and Atmosphere,POSITIVE,False,,,
Green Coffee - Ecoland,5,coffee,"cold, quiet, and clean green coffee location.",Ambiance and Atmosphere,POSITIVE,False,,,
Binnamon Cafe,5,matcha,1000000/10 for Matcha and Aglio Olio,Product Quality,POSITIVE,False,,,
Solace - Coffee Club,5,coffee,Ambiance is relaxing and their Coffee and Pasta is great!,Ambiance and Atmosphere,POSITIVE,False,,,
Glasshouse Coffee,5,coffee,That itself would say the quality of coffee bean they use... And the Ambience  hundred_points  natural... Best Part is the Bamboo Straws...,Product Quality,POSITIVE,False,,,
Annipie @ The Farm,5,coffee,As always the cinnamon amd their food is good,Product Quality,POSITIVE,False,,,
BRGR Alley Café,5,coffee,The place is nice and aesthetic.,Ambiance and Atmosphere,POSITIVE,False,,,
The Crazy Bite Co. Sky Cafe,5,coffee,The food and the ambiance is great!,Ambiance and Atmosphere,POSITIVE,False,,,
Coffee Project Mintal,4,coffee,Aesthetics is best ive seen for a coffee shop.,Product Quality,NEUTRAL,False,,,
Aesthetic Beans,2,coffee,Puro aesthetic pero murag sauna ang kainit sa sulod!,Ambiance and Atmosphere,NEGATIVE,True,,,
BRGR Alley Café,5,coffee,"The ambiance is really nice and cozy, making it a perfect place to relax and enjoy your meal.",Ambiance and Atmosphere,POSITIVE,False,,,
Humble Table,5,coffee,Plus points to the aesthetic  smiling_face_with_hearts,Ambiance and Atmosphere,POSITIVE,False,,,
Beholden Coffee Experience - CM Recto,5,coffee,"Ambiance is amazing, coffee experience really is unique.",Ambiance and Atmosphere,POSITIVE,False,,,
Annipie Airport View,5,coffee,I like the pistachio milk and also nice ambiance.,Ambiance and Atmosphere,POSITIVE,False,,,
Haron's Cafe,5,coffee,The ambiance is relaxing.,Ambiance and Atmosphere,POSITIVE,False,,,
The Coffee Bar at GMall of Davao,5,coffee,"Coffee Bar Café is a cozy and welcoming spot with rich, flavorful coffee and tasty treats that perfectly complement every cup.",Product Quality,POSITIVE,False,,,
"KAOS CAFE - 24 Hours, Jacinto St.",5,coffee,Love the aesthetic place and always to go coffee heart_hands_light_skin_tone  heart_hands_light_skin_tone  heart_hands_light_skin_tone,Product Quality,POSITIVE,False,,,
Annipie Airport View,5,coffee,The ambiance is so good and the food and pastries is very delicious.,Ambiance and Atmosphere,POSITIVE,False,,,
The Matcha Tokyo - Azuela High Street,4,matcha,"If you are looking for a spacious and aesthetic spot to get your matcha fix, THE MATCHA TOKYO is definitely worth a visit.",Ambiance and Atmosphere,POSITIVE,False,,,
Cafe Demitasse,5,coffee,And even the ambiance feels great!,Ambiance and Atmosphere,POSITIVE,False,,,
Kingdom Cafe & Bistro,5,coffee,"From the moment you step into Kingdom Cafe and Bistro, you'll be greeted with a warm and inviting atmosphere.",Ambiance and Atmosphere,POSITIVE,False,,,
olo. Coffee And Concepts,5,coffee,Chill place and good coffee,Ambiance and Atmosphere,POSITIVE,False,,,
Coffee For Peace at One Oasis,5,coffee,Best coffee and nice ambiance!,Ambiance and Atmosphere,POSITIVE,False,,,
Barok Cafe and Resto,4,coffee,"The place is very pleasing and has a nice, cozy atmosphere.",Ambiance and Atmosphere,POSITIVE,False,,,
Cafe Gervacios - Pastry and Coffee in Davao City,5,coffee,"We all enjoyed the food, service as well as the ambiance!",Ambiance and Atmosphere,POSITIVE,False,,,
Café Prelaya by The Joaquins’ Cheesecakes,4,coffee,The best thing about Cafe Prelaya is its cozy vibe.,Ambiance and Atmosphere,POSITIVE,False,,,
Good One Cafe and Yogurt,3,coffee,"Nice area, very aesthetic.",Ambiance and Atmosphere,POSITIVE,False,,,
Four Season Cafe,5,coffee,The ambiance is relaxing too.,Ambiance and Atmosphere,POSITIVE,False,,,
PICKUP COFFEE - Oroderm City,5,coffee,"There's something special about this coffee shop the cozy atmosphere, the aroma of freshly brewed coffee, and the warmth it brings.",Product Quality,POSITIVE,False,,,
The Matcha Tokyo - SM Davao,5,matcha,Its giving aesthetic  sparkles  pinched_fingers_light_skin_tone,Ambiance and Atmosphere,POSITIVE,False,,,
444 Coffee,5,coffee,loved the smooth spanish latte and the unique blueberry cinnamon.,Product Quality,POSITIVE,False,,,
Wood and Coffee Davao,5,coffee,Wood and Coffee is a charming café known for its cozy ambiance and excellent brews.,Product Quality,POSITIVE,False,,,
Brewed Obrero,2,coffee,Puro aesthetic pero fail sa comfort and temperature.,Ambiance and Atmosphere,NEGATIVE,True,,,
Coffee at Yellow Hauz,4,coffee,Original brewed coffee and Great coffee place,Product Quality,POSITIVE,False,,,
Daleachious Cafe - Ecoland Branch,5,coffee,"love the place, ambiance and the service.",Ambiance and Atmosphere,POSITIVE,False,,,
Steep Coffee,5,coffee,I love it coffee so creamy and delecios,Product Quality,POSITIVE,False,,,
Humble Table,5,coffee,The welcoming ambiance made the whole experience even better.,Ambiance and Atmosphere,POSITIVE,False,,,
ROOFTOP Café Bar,5,coffee,good ambiance despite the rain,Ambiance and Atmosphere,POSITIVE,False,,,
Space-Arabica,5,coffee,The interior has a very relaxing ambience with a soothing ballad music that goes with it.,Ambiance and Atmosphere,POSITIVE,False,,,
BRGR Alley Café,5,coffee,"friendly staff, delicous food, aesthetic vibes red_heart",Ambiance and Atmosphere,POSITIVE,False,,,
Indahouse Cafe,5,coffee,"Super chill atmosphere.""",Ambiance and Atmosphere,POSITIVE,False,,,
Bashh,5,coffee,"Good Ambiance, Very Affordable Delicious Menus and Very Friendly Business,.",Ambiance and Atmosphere,POSITIVE,False,,,
Kove,3,coffee,"The place is nice and has a relaxing, nature-inspired vibe, just as you'd expect.",Ambiance and Atmosphere,POSITIVE,False,,,
BRGR Alley Café,5,coffee,I like the ambiance  winking_face,Ambiance and Atmosphere,POSITIVE,False,,,
Seattle's Best Coffee,5,coffee,Always love the ambiance at the second floor.,Ambiance and Atmosphere,POSITIVE,False,,,
Brew Lane Café,4,coffee,A coffee shop in the downtown area offered a truly welcoming and comfortable atmosphere.,Ambiance and Atmosphere,POSITIVE,False,,,
Aloha Kakou Neighborhood Cafe,5,coffee,"Nice ambiance with very aesthetic, Instagrammable vibes.",Ambiance and Atmosphere,POSITIVE,False,,,
Aloha Kakou Neighborhood Cafe,5,coffee,Loved the ambiance of the place.,Ambiance and Atmosphere,POSITIVE,False,,,
Solace - Coffee Club,5,coffee,"Love the ambiance, coffee, and food.",Ambiance and Atmosphere,POSITIVE,False,,,
Glasshouse Coffee,5,coffee,"If you love coffee, cake and ambiance all in one this is the place to go best in the world so far!!!",Product Quality,POSITIVE,False,,,
Habitat Coffee - Tionko Branch,5,coffee,One of the best coffee shops for photoshoots or tambay!,Ambiance and Atmosphere,POSITIVE,False,,,
The Yolk Society,5,coffee,the sweet taste of matcha blends perfectly with berry's sourness.,Product Quality,POSITIVE,False,,,
Palps Cafe,5,coffee,Love the atmosphere of this place!,Ambiance and Atmosphere,POSITIVE,False,,,
Brew Lane Café,3,coffee,What I really love about this place is the relaxed atmosphere.,Ambiance and Atmosphere,POSITIVE,False,,,
Karlo's Gourmet & Coffee,5,coffee,Karlos Gourmet & Coffee has a cozy vibe and unique menu selections.,Ambiance and Atmosphere,POSITIVE,False,,,
Kotetsu by Wood and Coffee,5,coffee,"I love Kotetsu's aesthetic and concrete design look; it feels warm and not crowded, especially at night!",Ambiance and Atmosphere,POSITIVE,False,,,
Daiko Coffee,5,coffee,"The atmosphere is cozy and homey, perfect for focusing and staying productive.",Ambiance and Atmosphere,POSITIVE,False,,,
"What If, Kape?",5,coffee,Looking for good coffee + Cozy vibe?,Ambiance and Atmosphere,POSITIVE,False,,,
JH Garden Cafe and Restaurant Matina,5,coffee,"I like the ambiance here, it so peaceful perfect for spending time with your loved ones.",Ambiance and Atmosphere,POSITIVE,False,,,
Starbucks - GMall of Davao,5,coffee,"The coffee is perfectly brewed with rich flavor and aroma, and every cup feels crafted with care.",Product Quality,POSITIVE,False,,,
Better Beans Co. - Coffee Roaster (New Location),5,coffee,"They take the time to assist customers and share their knowledge about coffee, creating a welcoming and relaxing atmosphere.",Ambiance and Atmosphere,POSITIVE,False,,,
The Yolk Society,5,coffee,The atmosphere is great,Ambiance and Atmosphere,POSITIVE,False,,,
Café de Vivré,5,coffee,The atmosphere was so relaxing.,Ambiance and Atmosphere,POSITIVE,False,,,
Aloha Kakou Neighborhood Cafe,4,coffee,Experience a tropical vibe cafe where taste and tranquility meet!,Product Quality,POSITIVE,False,,,
Coffeefolks Cafe,4,coffee,The cozy ambiance of the shop invites you to relax and savor your coffee.,Ambiance and Atmosphere,POSITIVE,False,,,
Wood and Coffee Davao,5,coffee,I highly recommend to visit here and have your simple secret santa with friends if you like the cozy and chill vibe  sparkles,Ambiance and Atmosphere,POSITIVE,False,,,
Hills and Valleys Coffee - Buhangin Davao,5,coffee,Atmosphere that keep you in,Ambiance and Atmosphere,POSITIVE,False,,,
Matcha Ureshi Bar,5,matcha,Very aesthetic and taste so good smiling_face_with_hearts,Ambiance and Atmosphere,POSITIVE,False,,,
Coffee Project Mintal,4,coffee,The ambiance and the place is great for hanging out.,Ambiance and Atmosphere,POSITIVE,False,,,
Verdeli Garden & Cafe,5,coffee,Nice and quiet place with delicious food that's grown in their own garden.,Ambiance and Atmosphere,POSITIVE,False,,,
"KAOS CAFE - 24 Hours, Jacinto St.",4,coffee,Food is 10/10 in terms of taste and serving.,Product Quality,POSITIVE,False,,,
Solace - Coffee Club,4,coffee,Ambiance there is just like any other cafe's with aesthetic and chill vibes.,Ambiance and Atmosphere,POSITIVE,False,,,
Cafe Demitasse,5,coffee,Food & ambiance are equally great!,Ambiance and Atmosphere,POSITIVE,False,,,
BRGR Alley Café,5,coffee,Very nice place the ambiance is so relaxing  smiling_face_with_hearts,Ambiance and Atmosphere,POSITIVE,False,,,
Mori & Mill,5,coffee,Coffee star  star  star  star  star,Product Quality,POSITIVE,False,,,
Bean Xpress Matina Branch,5,coffee,Best way to get coffee and chill,Ambiance and Atmosphere,POSITIVE,False,,,
Cafe Gervacios - Pastry and Coffee in Davao City,5,coffee,The food is good and aesthetic.,Ambiance and Atmosphere,POSITIVE,False,,,
The Coffee Bar at GMall of Davao,4,coffee,I love the atmosphere - relaxing and well lit.,Ambiance and Atmosphere,POSITIVE,False,,,
The Coffee Bar at GMall of Davao,5,coffee,Very friendly staff and a nice comfortable atmosphere  growing_heart,Ambiance and Atmosphere,POSITIVE,False,,,
Dakong Balay,5,coffee,"The place has a relaxing and homey atmosphere, perfect for family gatherings and special occasions.",Ambiance and Atmosphere,POSITIVE,False,,,
Kopi lah Roti,4,coffee,Luv the Kaya & coffee with condensed milk reminiscent of Asian coffees,Product Quality,POSITIVE,False,,,
The Coffee Bar at GMall of Davao,5,coffee,Food is good and so is the atmosphere.,Ambiance and Atmosphere,POSITIVE,False,,,
Espresso Lab Cafe Davao,4,coffee,"Ideal place to kill time, well air-conditioned and quiet.",Ambiance and Atmosphere,POSITIVE,False,,,
Paramount Coffee Crocodile Park Davao,5,coffee,Good food and Good atmosphere  red_heart  red_heart  red_heart,Ambiance and Atmosphere,POSITIVE,False,,,
Kove,3,coffee,The place is new and has this nice aesthetic.,Ambiance and Atmosphere,POSITIVE,False,,,
Cafe Gervacios - Pastry and Coffee in Davao City,5,coffee,#NAME?,Ambiance and Atmosphere,POSITIVE,False,,,
Cafe Julieta,4,coffee,Bright atmosphere and jovial vibes.,Ambiance and Atmosphere,POSITIVE,False,,,
Sipscape Cafe,5,coffee,The cozy ambiance and friendly staff made the experience even better.,Ambiance and Atmosphere,POSITIVE,False,,,
The Crazy Bite Co. Sky Cafe,4,coffee,Atmosphere: Architecture and designs are great it helps the ambiance more appealing makes the consumers to want more.,Ambiance and Atmosphere,POSITIVE,False,,,
The Secret Garden Cafe,5,coffee,"Overall, The Secret Garden Cafe provides a charming and peaceful ambiance, perfect for those looking to unwind and enjoy good food and company.",Ambiance and Atmosphere,POSITIVE,False,,,
The Secret Garden Cafe,5,coffee,"The place is also equally great, serene little cafe vibe!",Ambiance and Atmosphere,POSITIVE,False,,,
The Yolk Society,5,coffee,Not only an aesthetic cafe but well curated selection of coffee and food heart_hands,Ambiance and Atmosphere,POSITIVE,False,,,
The Matcha Tokyo - Azuela High Street,5,matcha,"It has that calm, cozy vibe that makes you want to stay for a while.",Ambiance and Atmosphere,POSITIVE,False,,,
Whisk It Good Matcha,5,matcha,Atmosphere of the …,Ambiance and Atmosphere,NEUTRAL,False,,,
Kafih - Davao,4,coffee,"The place was great, very clean and aesthetic.",Ambiance and Atmosphere,POSITIVE,False,,,
Black Scoop Cafe Matina,4,coffee,"The coffee shop is very atmospheric, spacious and cozy.",Product Quality,NEUTRAL,False,,,
The Coffee Bar at GMall of Davao,5,coffee,Fave place for tambay,Ambiance and Atmosphere,POSITIVE,False,,,
BRGR Alley Café,5,coffee,"Chill Location, Great Food, Amazing Service",Ambiance and Atmosphere,POSITIVE,False,,,
JH Garden Cafe and Restaurant Matina,5,coffee,"The quality of the food, the impeccable service, and the peaceful ambiance all come together to create a truly unique experience.",Ambiance and Atmosphere,POSITIVE,False,,,
PICKUP COFFEE - Davao Finance Center,5,coffee,very aesthetic place.,Ambiance and Atmosphere,POSITIVE,False,,,
Matcha Bar - Marfori,5,matcha,Nice ambiance and good food and matcha,Ambiance and Atmosphere,POSITIVE,False,,,
Matcha Bar - Marfori,5,matcha,Nice ambiance and good food and matcha,Ambiance and Atmosphere,POSITIVE,False,,,
Whisk Davao Matcha,5,matcha,"about the place…It gives mi chill and good ambience, about the food and drinks yes it absolutely good well balanced.",Ambiance and Atmosphere,POSITIVE,False,,,
The Matcha Tokyo - SM Davao,5,matcha,very good matcha and nice interior,Product Quality,POSITIVE,False,,,
The Matcha Tokyo - SM Davao,5,matcha,very good matcha and nice interior,Product Quality,POSITIVE,False,,,
Glasshouse Coffee,5,coffee,It's located inside a guarded compound with a good ambiance and friendly staff.,Ambiance and Atmosphere,POSITIVE,False,,,
Cafe Gervacios - Pastry and Coffee in Davao City,4,coffee,"The ambiance is ""Noir-chic"" of glossy wood, low ceilings, and a polished aesthetic that feels very classy.",Ambiance and Atmosphere,POSITIVE,False,,,
Koffiepauze,3,matcha,Relaxing ambiance,Ambiance and Atmosphere,POSITIVE,False,,,
Lot 38 Kape,5,coffee,It's super nice and the vibe is great.,Ambiance and Atmosphere,POSITIVE,False,,,
Curiore Cafe,5,coffee,The atmosphere is calm and intimate.,Ambiance and Atmosphere,POSITIVE,False,,,
Daleachious Cafe - Ecoland Branch,1,coffee,"Otherwise, great location and nice interior atmosphere.",Ambiance and Atmosphere,POSITIVE,False,,,
Annipie @ The Farm,5,coffee,Nice ambiance the crews are very attentive,Ambiance and Atmosphere,POSITIVE,False,,,
Kapenato Toril,5,coffee,Aesthetic place but never compromises your comfort and food quality.,Ambiance and Atmosphere,POSITIVE,False,,,
The Matcha Tokyo - SM Davao,5,matcha,love the matcha salted cream,Product Quality,POSITIVE,False,,,
Kape Dabaw,2,coffee,"Saba kaayo ang mga barista mag chika, dungog sa tibook shop.",Ambiance and Atmosphere,NEGATIVE,True,,,
Aesthetic Cafe Davao,2,coffee,"Masyadong dikit-dikit ang tables, zero privacy jud kung mag tabi.",Ambiance and Atmosphere,NEGATIVE,True,,,
Barok Cafe & Resto,1,coffee,"Even if you don't say good morning or excuse me, you're just being polite KY you don't want Saba going to KTV.",Ambiance and Atmosphere,NEUTRAL,False,,,
Poblacion Brews,2,coffee,"Puro aesthetic, walay hangin. Mag mantika gyud imong face.",Ambiance and Atmosphere,NEGATIVE,True,,,
The Coffee Bar at GMall of Davao,2,coffee,so i ate my pasta and just reveled at the comfortable vibe of the coffee shop whilst glancing at my korean tele novela.,Ambiance and Atmosphere,POSITIVE,False,,,
Anniepie,3,coffee,"Annipie sits right in the middle of the mall, making it a cozy and convenient spot to rest and chill after a long day of malling—something we actually don't have much of in Manila, so we decided to try some of their interesting menu items.",Ambiance and Atmosphere,POSITIVE,False,,,
HYGGE COFFEE 2,1,coffee,Place was noisy too and NOT conducive for studying and/or working.,Ambiance and Atmosphere,NEGATIVE,False,,,
Green Coffee - Marfori,3,coffee,Rustic ambiance.,Ambiance and Atmosphere,NEUTRAL,False,,,
Solace - Coffee Club,1,coffee,The cafe music is was so loud it seems like the baristas are in their house.,Ambiance and Atmosphere,NEGATIVE,False,,,
The Secret Garden Cafe,3,coffee,Place is very instagrammable!,Ambiance and Atmosphere,POSITIVE,False,,,
Starbucks,1,coffee,The place has a good ambiance.,Ambiance and Atmosphere,POSITIVE,False,,,
Brewed Obrero,2,coffee,"Puro hype lang, alimuot unya dili conducive mag work.",Ambiance and Atmosphere,NEGATIVE,True,,,
Poblacion Brews,2,coffee,They play club music sa coffee shop. Bati kaayo ug vibe.,Ambiance and Atmosphere,NEGATIVE,True,,,
Aesthetic Beans,1,coffee,"Gahi kaayo ilang mga bangko, dili madalag dugay na lingkod.",Ambiance and Atmosphere,NEGATIVE,True,,,
Matcha Point,1,matcha,"Di nako bet ang vibe, grabe ka banha and disorganized.",Ambiance and Atmosphere,NEGATIVE,True,,,
Green Coffee - Marfori,2,coffee,The atmosphere is really great.,Ambiance and Atmosphere,POSITIVE,False,,,
Matcha Vibes,1,matcha,"Saba kaayo maghugas og plato mga staff, madunggan sa area.",Ambiance and Atmosphere,NEGATIVE,True,,,
Es.cafe,1,coffee,Atmosphere (2/5) the chairs are not very aesthetic.,Ambiance and Atmosphere,NEGATIVE,False,,,
Coffee Project Mintal,3,coffee,"Really Hoping in 2023, your coffee will be as good as your ambiance.",Ambiance and Atmosphere,POSITIVE,False,,,
Green Matcha PH,1,matcha,"Pangit ang lighting nila, murag naa sa peryahan sa sobrang dim.",Ambiance and Atmosphere,NEGATIVE,True,,,
Floury Cafe,3,matcha,"The place itself is really nice and has a good ambiance, more ideal for groups since the tables are quite big, not so much for just one or …",Ambiance and Atmosphere,POSITIVE,False,,,
Poblacion Brews,2,coffee,Daghan lang aesthetic plants pero huot kaayo ang agianan.,Ambiance and Atmosphere,NEGATIVE,True,,,
Ecoland Cafe,1,coffee,"Aesthetic man pero init kaayo, way gamit ilang fans.",Ambiance and Atmosphere,NEGATIVE,True,,,
The Glasshouse,1,coffee,"Way lami ang playlist nila, maka duka paminawon.",Ambiance and Atmosphere,NEGATIVE,True,,,
Green Bread - Matina,3,coffee,"Place is unique, nice ambiance.",Ambiance and Atmosphere,POSITIVE,False,,,
KISOM Atelier,3,matcha,It ruins the ambiance of an otherwise lovely place.,Ambiance and Atmosphere,NEGATIVE,False,,,
Daleachious Cafe - Buhangin Branch,3,coffee,"The Wi-Fi is reliable and fast, which makes it a highly productive environment for students and professionals alike.However, the atmosphere can be a bit of a gamble.",Ambiance and Atmosphere,NEGATIVE,False,,,
Koffiepauze,3,matcha,Relaxing ambiance,Ambiance and Atmosphere,POSITIVE,False,,,
Yukiss Cafe and KTV,1,coffee,"Pros: Beautiful aesthetic, polite doorman, and polite young male staff.",Ambiance and Atmosphere,POSITIVE,False,,,
JH Garden Cafe and Restaurant Matina,3,coffee,Probably will come back there for a morning coffee and chill since the place has a nice ambiance.,Ambiance and Atmosphere,POSITIVE,False,,,
Cafe Demitasse,3,coffee,"good food, nice ambiance.",Ambiance and Atmosphere,POSITIVE,False,,,
Brewed Obrero,2,coffee,Suffocating kay wala silay proper ventilation sa kusina.,Ambiance and Atmosphere,NEGATIVE,True,,,
Coffee at Yellow Hauz,1,coffee,The food and the atmosphere at your establishment are commendable.,Ambiance and Atmosphere,POSITIVE,False,,,
Dopio Café,2,coffee,"Now 86(no more, sadly) was once the best experience you can have in toril at the moment for a really nice chill place to relax.",Ambiance and Atmosphere,POSITIVE,False,,,
PICKUP COFFEE - Davao Finance Center,1,coffee,"We went last Aug. 7 around 3pm, the girl with hair above her shoulder, don't know her name, so unprofessional, she enjoys her kpop music more than the customers, also forgot our change, good thing my friend remembered, gosh!",Ambiance and Atmosphere,NEGATIVE,False,,,
Aesthetic Beans,2,coffee,"Puro aesthetic ra ni, dili conducive for remote work gyud.",Ambiance and Atmosphere,NEGATIVE,True,,,
Green Coffee - Marfori,3,coffee,"Overall, it's the entirety of the place that keeps me coming back to basically chill and hangout.",Ambiance and Atmosphere,POSITIVE,False,,,
Dear Joe Frontera,3,coffee,"I really loved the overall setup, aesthetic, and cleanliness of this place.",Ambiance and Atmosphere,POSITIVE,False,,,
Cafe Gervacios - Pastry and Coffee in Davao City,1,coffee,"While the aesthetic ambiance is inviting, customer service needs improvement.",Ambiance and Atmosphere,POSITIVE,False,,,
Mori & Mill,2,coffee,atmosphere: parking is awful.,Ambiance and Atmosphere,NEGATIVE,False,,,
Lately Coffee,3,coffee,"Great Late-Night Spot with a Cozy Vibe If you're looking for a place to grab a drink after the usual cafe hours, Lately Coffee is a solid option.",Ambiance and Atmosphere,POSITIVE,False,,,
Matcha Loco,1,matcha,Aesthetic daw pero hugaw ang tables ug init.,Ambiance and Atmosphere,NEGATIVE,True,,,
Kotetsu by Wood and Coffee,3,coffee,"During my visit around 9 p.m. (close to closing time), it wasn't crowded at all, which made for a relaxed atmosphere.",Ambiance and Atmosphere,POSITIVE,False,,,
Brewed Obrero,2,coffee,Puro aesthetic pero fail sa comfort and temperature.,Ambiance and Atmosphere,NEGATIVE,True,,,
The Glasshouse,2,coffee,"Saba ang dalan, wala silay proper sound insulation.",Ambiance and Atmosphere,NEGATIVE,True,,,
Cafe Demitasse,3,coffee,It can get quite noisy too.,Ambiance and Atmosphere,NEGATIVE,False,,,
Coffeecat,2,coffee,This place has the ambiance of a McDonald's and as you would expect families taking huge blocks of the comfortable seating that exist.,Ambiance and Atmosphere,NEGATIVE,False,,,
Barok Cafe and Resto,2,coffee,"Crème Brulee Cake - P200.00 San Rival Cake - P190.00 Barok Vanilla 10oz - P170.00 I am not sure if I wanted to come back since I did not like the vibe, it was just too loud for my liking.",Ambiance and Atmosphere,NEGATIVE,False,,,
Ecoland Cafe,1,coffee,Pangit ang vibe kay ga share kag table sa sobra ka huot.,Ambiance and Atmosphere,NEGATIVE,True,,,
Starbucks - SM City Davao,3,coffee,"This Starbucks branch is usually a bit cramped and crowded making it sometimes hard to find an immediate available seat or table to chill, given that it is located in a mall.",Ambiance and Atmosphere,NEGATIVE,False,,,
Matcha Vibes,1,matcha,"Bati ilang playlist, maka wala og gana mag stay.",Ambiance and Atmosphere,NEGATIVE,True,,,
Aesthetic Beans,2,coffee,Puro aesthetic pero murag sauna ang kainit sa sulod!,Ambiance and Atmosphere,NEGATIVE,True,,,
Matcha Vibes,1,matcha,"Dili chill ang ambiance, pirmi nagdali ang mga tao.",Ambiance and Atmosphere,NEGATIVE,True,,,
Brew Lane Café,3,coffee,"Brew Lane Cafe is a great spot to chill, especially with friends.",Ambiance and Atmosphere,POSITIVE,False,,,
Slate Coffee + Deli,1,coffee,Love the vibe and the food but how are you not open 20 minutes past your opening time?,Ambiance and Atmosphere,POSITIVE,False,,,
The Secret Garden Cafe,3,coffee,Chill place.,Ambiance and Atmosphere,POSITIVE,False,,,
Matcha Loco,1,matcha,Puro aesthetic display pero ang ambiance murag fast food chain ka saba.,Ambiance and Atmosphere,NEGATIVE,True,,,
Floury Cafe,3,matcha,Nice space and ambiance but it can get noisy if there are a lot of people.,Ambiance and Atmosphere,POSITIVE,False,,,
Barok Cafe and Resto,3,coffee,"That said, I really appreciated the ambiance of the place.",Ambiance and Atmosphere,POSITIVE,False,,,
Vibes Cafe,1,coffee,Saba ang nag dula ug mobile legends sa pikas table.,Ambiance and Atmosphere,NEGATIVE,True,,,
The Coffee Bar at GMall of Davao,1,coffee,Not fit for chill and relax.,Ambiance and Atmosphere,NEGATIVE,False,,,
Es.cafe,2,coffee,"The food, service, and atmosphere are all solid B's.",Ambiance and Atmosphere,NEUTRAL,False,,,
Matcha Point,1,matcha,Saba ang mga istudyante na naga dula og cards sa pikas table.,Ambiance and Atmosphere,NEGATIVE,True,,,
Paramount Coffee Crocodile Park Davao,2,coffee,"the drinks were delicious, and the ambiance was great including the staff but I found an insect sa cream ng iced creamy latte ko :/ hope they pay attention next time to the drinks they give out",Ambiance and Atmosphere,POSITIVE,False,,,
Vibes Cafe,2,coffee,"Daghan kayg lamok sa ilang al fresco area, grabe!",Ambiance and Atmosphere,NEGATIVE,True,,,
Coffee By The Way,1,coffee,"But the place is aesthetic, you go home with nice pics.",Ambiance and Atmosphere,POSITIVE,False,,,
Brewed Obrero,2,coffee,"Ang baho sa gawas musulod, makawala sa kape vibe.",Ambiance and Atmosphere,NEGATIVE,True,,,
Poblacion Brews,2,coffee,"Guba ilang suga ga flicker-flicker, sakit sa mata mag tuon.",Ambiance and Atmosphere,NEGATIVE,True,,,
The Crazy Bite Co. Sky Cafe,2,coffee,Ambiance is nice but their food is blah lol,Ambiance and Atmosphere,POSITIVE,False,,,
The Bloom Coffee & Start-Up Space,2,coffee,The ambiance was nice pero the only problem is that they served our food almost 2hrs.,Ambiance and Atmosphere,POSITIVE,False,,,
Matcha Point,1,matcha,"Wa silay music, madungog nimo chika sa tanan table, super awkward.",Ambiance and Atmosphere,NEGATIVE,True,,,
Dunkin' Donuts- C. P. Garcia Highway,3,coffee,The place itself is also fine and aesthetic.,Ambiance and Atmosphere,POSITIVE,False,,,
Brewed Obrero,2,coffee,"Way privacy, makadungog naka sa chika sa pikas table.",Ambiance and Atmosphere,NEGATIVE,True,,,
Green Coffee - Diversion,1,coffee,Atmosphere is great for working and studying.,Ambiance and Atmosphere,POSITIVE,False,,,
Ecoland Cafe,1,coffee,PURO PA AESTHETIC pero baho man og abog sa sulod.,Ambiance and Atmosphere,NEGATIVE,True,,,
Floury Cafe,3,matcha,"While the place is clean and has a pleasant ambiance, the food quality unfortunately doesn't live up to the setting.",Ambiance and Atmosphere,POSITIVE,False,,,
Brew Lane Café,3,coffee,What I really love about this place is the relaxed atmosphere.,Ambiance and Atmosphere,POSITIVE,False,,,
Vibes Cafe,1,coffee,Alimuot kaayo kay sigeg abli-sira ang ilang main door.,Ambiance and Atmosphere,NEGATIVE,True,,,
Matcha Masa,2,matcha,"Sakit sa mata ilang suga, murag operating room sa clinic. Dili man lang i-adjust aron relaxing ang palibot.",Ambiance and Atmosphere,NEGATIVE,True,,,
Starbucks - SM City Davao,2,coffee,"Crowded, noisy, and expensive",Ambiance and Atmosphere,NEGATIVE,False,,,
Cafe Julieta,3,coffee,The ambiance is amazing but they should add more to their menu considering that they make tasty food.,Ambiance and Atmosphere,POSITIVE,False,,,
Thirty Third Café,3,coffee,"It used to be a nice café where you could chill, read a book, enjoy your drink in a calm and relaxing atmosphere but not anymore.",Ambiance and Atmosphere,NEGATIVE,False,,,
Space-Arabica,3,coffee,Ambiance is good but the arrangement of the upper floor makes every movement seem noisier than it is and disrupts other cx.,Ambiance and Atmosphere,NEGATIVE,False,,,
Dunkin’ Phoenix Drive Thru,3,coffee,"Of all the times I've ordered, about 50% of the time, the staff gets it wrong and packs the wrong donut(s).",Customer Service,NEGATIVE,False,,,
"KAOS CAFE - 24 Hours, Jacinto St.",1,coffee,"If there was only one kitchen staff member and they were new, shouldn't the dishes have at least been prepared and served chronologically based on when orders were placed?",Customer Service,NEGATIVE,False,,,
Starbucks - Abreeza Mall,2,coffee,So we got the attention of the crew then she traced and viola!,Customer Service,POSITIVE,False,,,
Seattle's Best Coffee,3,coffee,"Has only 1 cashier resulting in a very long queue and long waiting for order(s) Lots of space, cold aircon, and clean comfort rooms.",Customer Service,NEGATIVE,False,,,
Dunkin’ | Gaisano Mall of Davao,2,coffee,Super rude cashier named AIRA!!!!,Customer Service,NEGATIVE,False,,,
Barok Cafe and Resto,1,coffee,I hope they can improve their serving time because the overall dining experience would be much better with faster service.,Customer Service,NEGATIVE,False,,,
Cafe Gervacios - Pastry and Coffee in Davao City,2,coffee,Than realizing that you already secured your tip by including service charge is terrible etiquette in my opinion.,Customer Service,NEGATIVE,False,,,
Brew and Cinnamon Cafe,2,coffee,"Still welcome the idea of a second visit — hopefully, better service/staff attitude and improved food taste.",Customer Service,NEGATIVE,False,,,
Lately Coffee,3,coffee,A little more focus on customer service would go a long way.,Customer Service,NEGATIVE,False,,,
We Got Cha! - Mintal,3,coffee,I almost pass out when they used a very strong kind of Clorox agent... You can cry inside the cafe when the staff put it in the toilet.,Customer Service,NEGATIVE,False,,,
Annipie - SM Lanang,1,coffee,"I love Annipie's food specially carbonara but the service here, in such a small restaurant is a mess.",Customer Service,NEGATIVE,False,,,
Dunkin’ - SM Lanang,1,coffee,Basic customer service etiquette dictates that staff should be mindful of patrons while they are still enjoying their meal.,Customer Service,NEGATIVE,False,,,
Wood and Coffee Davao,2,coffee,"Pero, ang ironic lang that a place designed with nature vibes isn't environmentally friendly.",Customer Service,NEGATIVE,False,,,
PICKUP COFFEE - Felcris Centrale,1,coffee,The coffee is great but customer service is zero its sad that no option to put zero star in service.,Customer Service,NEGATIVE,False,,,
HYGGE COFFEE 2,1,coffee,We informed the staff politely and they told us they would fix it within 5 minutes.,Customer Service,NEUTRAL,False,,,
Cafe Tadeo,2,coffee,"It's always during the EARLIEST TIME of the day when staff are NOT ALERT/unattentive that I usually see warning signs…..Flat white and Bangsilog was just……..If I'm coming back well, you know the answer….",Customer Service,NEGATIVE,False,,,
Coffee at Yellow Hauz,1,coffee,"This is what happened: after I parked my scooter in a designated spot, a customer rudely suggested to the crew that it should be thrown into a canal!",Customer Service,NEUTRAL,False,,,
Kiks Davao,1,coffee,"A beautiful space can attract people, but good customer service and customer comfort are what make them want to come back.",Customer Service,NEGATIVE,False,,,
ZeusX Esports and Cafe,1,coffee,"On the other hand, I appreciate the male staff who was there at the time—his approach was much more respectful and understanding.",Customer Service,POSITIVE,False,,,
Paramount Coffee Crocodile Park Davao,2,coffee,"Food: Decent but overpriced Service: Expect to wait 90+ minutes on a Sunday Atmosphere: Sit outside adjacent to 3 carparks surrounding you and breathe in the carbon monoxide from the idle viechles as you sit wishing for your food to arrive for 90+ minutes, simply hoping it would arrive so you can get out of here already.",Customer Service,NEGATIVE,False,,,
Kove,3,coffee,Why not put the menu inside so that it's not too hassle for your customers and your staff assigned outside?,Customer Service,NEGATIVE,False,,,
Seattle's Best Coffee,1,coffee,i waited more than 30 minutes waiting in line just to order a drink while there's staff refilling already filled paper cup dispensers.,Customer Service,NEGATIVE,False,,,
Cinnabon SM Lanang Davao,3,coffee,Would it hurt for its crew for a smile not a frown.,Customer Service,NEGATIVE,False,,,
PICKUP COFFEE - Gaisano Mall of Davao,2,coffee,"Now, I don't really have a problem with how much the cost was, but rather how your employee, specifically your CASHIER handled the situation.",Customer Service,NEGATIVE,False,,,
HYGGE COFFEE 2,1,coffee,Is that how your staff should behave?!!,Customer Service,NEGATIVE,False,,,
Green Coffee - Marfori,3,coffee,Kind staff Good place to study and chill for an exted period of time.,Customer Service,POSITIVE,False,,,
Seattle's Best Coffee,1,coffee,"The food would have been delicious but the ""SERVICE"" we've waited almost 2 hours for the Drinks only hahahaha worst!",Customer Service,NEGATIVE,False,,,
LASA DAVAO,3,coffee,Having a running inventory would have saved both sides (me and the cashier) the trouble.,Customer Service,NEGATIVE,False,,,
The Coffee Bar at GMall of Davao,1,coffee,"First, the cashier S****** told us that the serving time of our orders, iced matcha latte and iced caramel latte will take 1 hour and 30 mins, we were confused why but we chose to understand so we did not really mind it.",Customer Service,NEGATIVE,False,,,
Steep Kohi,1,coffee,"If you're wondering why the quality of the drinks and service here has steeply declined, it's because the creative force behind this cafe's previous success has moved on.",Customer Service,NEGATIVE,False,,,
Chatime - SM Ecoland Davao,2,coffee,"personally rated this 2 stars only because of poor costumer service, the lady on duty wed. Jan.22, 5pm is not courteous, and gave us a wrong tea order., I told her nxt time listen to the order...the owner should talk to this not so courteous employee.",Customer Service,NEGATIVE,False,,,
Finca,1,coffee,it wouldn't be a very bad experience if the staff was nice,Customer Service,NEGATIVE,False,,,
Krispy Kreme Doughnuts® - SM Lanang,2,coffee,you'd get better service at a busy jollibee.,Customer Service,NEGATIVE,False,,,
AtCurbside,1,coffee,"the barista then looked at me and said ""dito lang po sir for payment"" referring to the front of the line.",Customer Service,NEUTRAL,False,,,
Seattle's Best Coffee,1,coffee,Kitchen staff and bar staff is very overwhelmed and unterstaffed even the place is not 100% capacity,Customer Service,NEGATIVE,False,,,
Barok Cafe & Resto,1,coffee,NOT RECOMMENDED for the service and WiFi policy.,Customer Service,NEGATIVE,False,,,
Mori & Mill,1,coffee,"Finally the table that was ""assigned"" to us was vacant, THEN THE STAFF TOOK ALMOST 20 MINS TO CLEAN ONE TABLE.",Customer Service,NEGATIVE,False,,,
Seattle's Best Coffee,3,coffee,The order taker /cashier is coughing good thing she wears mask after she took my order.,Customer Service,NEGATIVE,False,,,
Humble Table,3,coffee,"On the bright side, I appreciate that their drinks are Singaporean-inspired, as the barista shared.",Customer Service,NEUTRAL,False,,,
Mori & Mill,1,coffee,"I really wanted to enjoy my dining experience here because the restaurant has a nice ambiance and the food is on the pricier side, so I expected good service.",Customer Service,NEGATIVE,False,,,
PICKUP COFFEE - Gaisano Mall of Davao,1,coffee,"Then it's obvious that it's all ice, it's like the worst branch, fix your barista.",Customer Service,NEGATIVE,False,,,
Krispy Kreme Factory Store Davao,1,coffee,Poor customer service,Customer Service,NEGATIVE,False,,,
Krispy Kreme Factory Store Davao,1,coffee,Poor customer service,Customer Service,NEGATIVE,False,,,
Hola Coffee,1,coffee,Rude barista (the girl) and they look like they don't know how to make the beverages since they always look up for measurements.,Customer Service,NEGATIVE,False,,,
Annipie - SM Lanang,1,coffee,Their best branch in terms of service I think is DGT.,Customer Service,NEUTRAL,False,,,
Coffee Project Mintal,1,coffee,Marj the cashier is very polite.,Customer Service,POSITIVE,False,,,
Starbucks,3,coffee,Sometimes they can't hear barista's voice in getting your coffee.,Customer Service,NEGATIVE,False,,,
Coffee Project Mintal,3,coffee,"Great place to meet up with friends, great and varieties of food to choose from, spacious and well mannered staff, must try their sardines & cheese pandesal",Customer Service,POSITIVE,False,,,
Solace - Coffee Club,2,coffee,We saw your shop and the ambiance is very comfy we love the ambiance But I was disappointed because of the staff and my husband ordered some of your café drinks.,Customer Service,NEGATIVE,False,,,
ZeusX Esports and Cafe,1,coffee,"Customer service matters a lot, especially when it comes to how staff handle unexpected situations.",Customer Service,NEGATIVE,False,,,
Starbucks - SM Lanang,1,coffee,"Especially a name Marvin, worst staff ever, get angry about me for my late order that takes 30 mins for a one grande ice macchiato.",Customer Service,NEGATIVE,False,,,
Barok Cafe and Resto,1,coffee,Poor customer service,Customer Service,NEGATIVE,False,,,
Barok Cafe and Resto,1,coffee,Poor customer service,Customer Service,NEGATIVE,False,,,
Yukiss Cafe and KTV,1,coffee,It's such a pity that a great business is being ruined by the terrible attitude of its employees.,Customer Service,NEGATIVE,False,,,
ROOFTOP Café Bar,3,coffee,The only nice thing about your place is your staff who are accommodating and smiley.,Customer Service,POSITIVE,False,,,
Yukiss Cafe and KTV,1,coffee,I am writing this review directly from the venue to express my deep disappointment with the service at Yukiss Cafe & Events Room.,Customer Service,NEGATIVE,False,,,
Seattle's Best Coffee,1,coffee,worst cafe experience ever— it was supposed to be my first time to try here and upon entering I walked towards the counter and asked nicely if they have Priority Lane (prior to asking them i already presented my PWD ID to one of the staff at the counter) and they said 'No' which is i'm kinda confused kasi every cafes i went have the special lane and i think it's mandatory to have a special lane to every establishments (?),Customer Service,NEGATIVE,False,,,
Starbucks - SM Lanang,3,coffee,Not so conveniently placed shack-like barista inside the mall.,Customer Service,NEGATIVE,False,,,
Mori & Mill,1,coffee,"It is very inconvenient to order in an iPad considering they have service charge, in the end the customer do all the service.",Customer Service,NEGATIVE,False,,,
Barok Cafe & Resto,1,coffee,"If you're going to run a self-service restaurant, at least make sure the basics—like handing out a canned drink—don't take longer than preparing the actual meal.",Customer Service,NEGATIVE,False,,,
"KAOS CAFE - 24 Hours, Jacinto St.",2,coffee,"I believe staff should be properly trained and consistently reminded about hygiene standards, including wearing appropriate uniforms and face masks, and knowing what to do when coughing or sneezing while on duty.",Customer Service,NEGATIVE,False,,,
HYGGE COFFEE 2,1,coffee,"The cashier has an attitude, just scanning the QR code again and still getting angry",Customer Service,NEGATIVE,False,,,
"KAOS CAFE - 24 Hours, Jacinto St.",2,coffee,I hope the restaurant can improve its quality control and customer service when such issues arise.,Customer Service,NEGATIVE,False,,,
Humble Table,1,coffee,What was disappointing was the lack of coordination among staff and the fact that no one apologized for the missed orders.,Customer Service,NEGATIVE,False,,,
Coffee Project Mintal,1,coffee,Politely informed the staff that the chicken is not fully cooked.,Customer Service,NEUTRAL,False,,,
Zooz Wooz Cafe,1,coffee,No need to be rude and never ever understemate customer at all you dont know who you will deal with and also dont put moody staff in the morning that looks like carrying the whole world problem face like an airport runway sad and moody.,Customer Service,NEGATIVE,False,,,
Kotetsu by Wood and Coffee,3,coffee,"As for the prices, it's pretty much the same as the prices of their sister cafe (wood and coffee) so I wouldn't say that the cafe is student friendly because of this.",Customer Service,NEUTRAL,False,,,
Barok Cafe and Resto,3,coffee,The frappe is good the store is nice it's just that the customer service in pryce branch is not that welcoming vibes knowing they are partnering with dinolandia.,Customer Service,NEGATIVE,False,,,
Juice Cubi Roxas Avenue,3,coffee,Meals: They only offer pastries and finger foods Service & Staff: Very good Ambiance: Very good,Customer Service,POSITIVE,False,,,
Barok Cafe & Resto,1,coffee,What really pushed this from mildly inconvenient to completely unacceptable was the drink service.,Customer Service,NEGATIVE,False,,,
Fiend Coffee Club,3,coffee,The barista said they used arabica but after tasting we insisted to add extra shots of espresso for our drinks as it didnt taste strong.,Customer Service,NEUTRAL,False,,,
Seattle's Best Coffee,2,coffee,Poorly maintained restroom upstars causing stinking smell No screen to check if order is done No buzzer or beeper You wouldn't know unless you check their claim area from time to time Cashiers are friendly,Customer Service,POSITIVE,False,,,
Green Coffee - Diversion,3,coffee,"UNDERSTAFFED for the deluge of people, cashier is doing everything at the same time making orders toooooooo looooong!!",Customer Service,NEGATIVE,False,,,
"KAOS CAFE - 24 Hours, Jacinto St.",1,coffee,"I hope this feedback is taken constructively and used to improve staff training, product knowledge, and order handling moving forward.",Customer Service,NEGATIVE,False,,,
Dunkin' Donuts- C. P. Garcia Highway,3,coffee,"Hopefully, management can address the service and organization soon.",Customer Service,NEGATIVE,False,,,
The Crazy Bite Co. Sky Cafe,3,coffee,"The tapa is like our tocino at home although the chicken fillet so good 10/10 and the staff is very accommodating, like no judgement indeed.",Customer Service,POSITIVE,False,,,
The Bloom Coffee & Start-Up Space,3,coffee,slow service of pizza food,Customer Service,NEGATIVE,False,,,
ROOFTOP Café Bar,3,coffee,"The food is good and the customer service is superb However, there is one mistake that could've affected our appetite There was tissue in their salad disappointed_face  Though I know it is not intentional We still ate it, but be more cautious when serving the food and double check moving forward folded_hands  And we noticed that they were also surprised when I told them about our concern It's good that they apologized for the customer service because they were very accommodating And another thing, they have a lot of servings in the food folded_hands",Customer Service,POSITIVE,False,,,
Haron's Cafe,2,coffee,"Having read good reviews from at least a year back to as far as three (3) years ago, well I EXPECTED the same but….First, it took minutes for the one lone busy staff behind the counter to approach my table to get my order.",Customer Service,NEGATIVE,False,,,
The Matcha Tokyo - Azuela High Street,1,matcha,"For a premium-priced establishment, the service and quality should be much higher.",Customer Service,NEGATIVE,False,,,
Starbucks - Abreeza Mall,1,coffee,The barista bulled the kitchen rag after wipeing the tables right over my coffe while preparing it dripping.,Customer Service,NEGATIVE,False,,,
Solace - Coffee Club,2,coffee,"Then your barista said that customers don't like cocoa powder on top because it's bitter, I don't know what is the exact standard of the cold cappuccino but based on my experience at barista abroad we put chocolate powder to balance the bitterness and sweetness while sipping the coffee.",Customer Service,NEGATIVE,False,,,
Green Coffee - Marfori,1,coffee,"I asked them what they recommend for tea that tastes the same as normal iced tea so the cashier asked the barista if they had any, the barista said ""nothing"".",Customer Service,NEGATIVE,False,,,
"KAOS CAFE - 24 Hours, Jacinto St.",1,coffee,"While I appreciate the store's focus on aesthetics and product quality, I believe equal importance should be given to product knowledge so that staff can properly explain what each product is when customers ask.",Customer Service,NEGATIVE,False,,,
AtCurbside,1,coffee,"my first 2 visits, i encountered the same barista.",Customer Service,NEUTRAL,False,,,
Davao Beans,1,coffee,Naay langaw sa sulod kay guba ilang door closer.,Facilities and Amenities,NEGATIVE,True,,,
Daleachious Cafe - Bago Aplaya Branch,3,coffee,"Daleachious Cafe Bago Aplaya is cozy and aesthetic, perfect for chill hangouts and study sessions.",Facilities and Amenities,POSITIVE,False,,,
Brewers Hub,1,coffee,The aircon is dripping water sa among table.,Facilities and Amenities,NEGATIVE,True,,,
Matcha Factory,1,matcha,No designated smoking area so the smoke goes inside.,Facilities and Amenities,NEGATIVE,True,,,
Labada Brew,3,coffee,"Overall, it's still a decent place if you just want somewhere nearby to chill or work.",Facilities and Amenities,POSITIVE,False,,,
Matcha Brew,2,matcha,"Ngitngit ang cafe, sakit sa mata mag basa.",Facilities and Amenities,NEGATIVE,True,,,
Matcha Blend,1,matcha,"The outdoor tables are dusty, murag wala gi trapohan.",Facilities and Amenities,NEGATIVE,True,,,
Brew Davao,1,coffee,"Guba ilang aircon, init kaayo sa sulod murag oven.",Facilities and Amenities,NEGATIVE,True,,,
Barok Cafe and Resto,2,coffee,For being a co working space.,Facilities and Amenities,NEUTRAL,False,,,
Matcha Mood,2,matcha,"Amoy damp ang sulod sa shop, parang kulob.",Facilities and Amenities,NEGATIVE,True,,,
Hygge Coffee,3,coffee,Good wifi,Facilities and Amenities,POSITIVE,False,,,
Coffeecat,3,coffee,"internet is fast, however the price and taste is not that nice hahahaha",Facilities and Amenities,POSITIVE,False,,,
Matcha Mix,1,matcha,Wala man lay basurahan sa gawas for the tissues.,Facilities and Amenities,NEGATIVE,True,,,
The Bloom Coffee & Start-Up Space,2,coffee,"Overall, while the space itself is aesthetically pleasing and has potential, the long waiting time, inconsistent food quality, limited drink service, and minor hygiene concerns made the experience underwhelming.",Facilities and Amenities,POSITIVE,False,,,
Starbucks - Matina IT Park,1,coffee,"Rewriting my review here, this place has become one of my go to coffee shops in town to unwind/have a me time or work.",Facilities and Amenities,POSITIVE,False,,,
Matcha Hub,1,matcha,"Only one comfort room for all customers, grabe ang pila.",Facilities and Amenities,NEGATIVE,True,,,
Davao Cafe,2,coffee,"Dami lamok sa al fresco area nila, walay fan man lang.",Facilities and Amenities,NEGATIVE,True,,,
Orion Coffee,1,coffee,The place is quite conducive for studying and doing other desktop work.,Facilities and Amenities,POSITIVE,False,,,
Daily Brew,1,coffee,"Sakit sa likod ilang mga bangko, not for long hours.",Facilities and Amenities,NEGATIVE,True,,,
Matcha Lab,2,matcha,"Medyo hugaw ang floor, daghan pa tissue nag kalat.",Facilities and Amenities,NEGATIVE,True,,,
Starbucks Damosa IT Park Drive-Thru,3,coffee,"I think, this is the only Starbucks in the world that doesn't offer a free wifi connection.",Facilities and Amenities,NEGATIVE,False,,,
Matcha Lounge,1,matcha,"Mga chairs nila naay rust, maka guba ug sanina.",Facilities and Amenities,NEGATIVE,True,,,
Seattle's Best Coffee,1,coffee,They will also knock the door of the comfort room if you go there a bit longer (nobody poop that'll last a sec) and won't even ask apology when you go out.,Facilities and Amenities,NEGATIVE,False,,,
Matcha Haven,1,matcha,"Guba ilang mga chairs, medyo wobbly and delikado.",Facilities and Amenities,NEGATIVE,True,,,
Brewery Dvo,1,coffee,Init pa sa impyerno ilang al fresco. Walay fans jud.,Facilities and Amenities,NEGATIVE,True,,,
Matcha Cafe,1,matcha,Basag na ilang mga plates and cups. Not presentable.,Facilities and Amenities,NEGATIVE,True,,,
Krispy Kreme Doughnuts® - SM Lanang,3,coffee,This particular outlet is on the ground floor of the mall and immediately visible when you walk in.,Facilities and Amenities,NEUTRAL,False,,,
Pedal Cafe Davao,3,coffee,"That Sunday the coffee tables and ladies behind the hotel's front desk counter was an EYESORE with one also visibly folding some laundry….But the fairly-priced, tasty large Miss Saigon and Tsokolate drinks was a salute to visit again… Sadly, that time only a dark brown cookie on display was not even tempting….The white sheet right under the lid was innovative to prevent spills during take outs…..",Facilities and Amenities,NEGATIVE,False,,,
Chatime - SM Ecoland Davao,3,coffee,Very small space too.,Facilities and Amenities,NEGATIVE,False,,,
Hygge Coffee,3,coffee,No fans din so it got very hot especially with their lights :/ please turn on your aircon esp pag madami na tao,Facilities and Amenities,NEGATIVE,False,,,
Starbucks - SM Lanang,3,coffee,limited wifi internet access (gowifi from globe)  smiling_face_with_smiling_eyes  …,Facilities and Amenities,NEGATIVE,False,,,
Starbucks - SM City Davao,3,coffee,They didn't have WIFI,Facilities and Amenities,NEGATIVE,False,,,
Es.cafe,1,coffee,Atmosphere (2/5) the chairs are not very aesthetic.,Facilities and Amenities,NEGATIVE,False,,,
Ristretto Cafe & Diner,1,coffee,"We decided to stop by their cafe to work on it together, thinking it would be a good place to stay.",Facilities and Amenities,NEUTRAL,False,,,
Green Coffee - Marfori,3,coffee,Kind staff Good place to study and chill for an exted period of time.,Facilities and Amenities,POSITIVE,False,,,
Leaf & Bean,1,matcha,"Luod ilang CR, walay hand soap and water is very hina.",Facilities and Amenities,NEGATIVE,True,,,
Hygge Coffee,2,coffee,They also said there was no wifi?,Facilities and Amenities,NEGATIVE,False,,,
Kape Tayo,2,coffee,"Sira yung isang toilet, tapos ang dumi pa ng isa.",Facilities and Amenities,NEGATIVE,True,,,
Fika Cafe - Lapu-Lapu,3,coffee,"Used plates and glasses were left on tables for a while, making the place look messy and affecting the overall ambiance.",Facilities and Amenities,NEGATIVE,False,,,
City Brew,1,coffee,They only have 1 socket sa whole cafe. Hassle kaayo.,Facilities and Amenities,NEGATIVE,True,,,
Coffee Project Mintal,1,coffee,The coffee is very expensive but there is no internet.,Facilities and Amenities,NEGATIVE,False,,,
Mori & Mill,1,coffee,"If they knew how to flip tables and hold reservations minutes before the assigned reservation time, WE COULD'VE EATEN ALREADY.",Facilities and Amenities,NEGATIVE,False,,,
Hid'n Coffee,1,coffee,"NOT RECOMMENDED, FLIES ARE EVERYWHERE WE ASKED FOR ADDITIONAL CANDLE BUT THEY SAID THEY CAN ONLY PROVIDE 1 CANDLE PER TABLE TOLD THEM WE WILL BE OCCUPYING 2 TABLES BUT THEY JUST IGNORED US.",Facilities and Amenities,NEGATIVE,False,,,
Steep Kohi,3,coffee,"Overall, one of the better matchas in the city if you can overlook the cramped space.",Facilities and Amenities,NEGATIVE,False,,,
Night Brew,1,coffee,Clogged ang sink sa ilang washroom. Luod kaayo.,Facilities and Amenities,NEGATIVE,True,,,
Kape Hapon,1,coffee,"Walay tabo or bidet sa CR, mag unsa man mi?",Facilities and Amenities,NEGATIVE,True,,,
MANU Coffee,2,coffee,May dedicated parking space.,Facilities and Amenities,NEUTRAL,False,,,
Matcha Stop,1,matcha,Init jud kaayo kay isa ra ang aircon na ga andar.,Facilities and Amenities,NEGATIVE,True,,,
Matcha Co.,1,matcha,"Alimoot kaayo sa ilang outdoor setup, walang electric fan.",Facilities and Amenities,NEGATIVE,True,,,
Finca,2,coffee,"The café shares the space with a clinic, which explains the noise.",Facilities and Amenities,NEGATIVE,False,,,
Coffee Project Mintal,1,coffee,Not ideal for meetings or work.,Facilities and Amenities,NEGATIVE,False,,,
HYGGE COFFEE 2,2,coffee,Cafe has an extension room for additional space.,Facilities and Amenities,NEUTRAL,False,,,
Matcha Club,2,matcha,"Walay ilaw sa ilang parking lot, medyo scary sa gabi.",Facilities and Amenities,NEGATIVE,True,,,
We Got Cha! - Mintal,1,coffee,"The aircon is weak, when you go inside it just smokes because the exhaust fan doesn't work.",Facilities and Amenities,NEGATIVE,False,,,
Annipie Roxas,3,coffee,Limited parking space at the front was cramped.,Facilities and Amenities,NEGATIVE,False,,,
Mori & Mill,1,coffee,Some of the tables remained vacant the entire 1 hour and 30 minutes of our wait.,Facilities and Amenities,NEGATIVE,False,,,
Kape Sikat,1,coffee,Walay mirror sa CR ug ngitngit kaayo ang suga.,Facilities and Amenities,NEGATIVE,True,,,
Krispy Kreme Factory Store Davao,3,coffee,"Comfort room, always not available",Facilities and Amenities,NEGATIVE,False,,,
Starbucks,3,coffee,"This Starbucks branch is pretty much your regular Starbucks experience — familiar setup, consistent coffee, standard food options, and the usual comfortable place to sit down, meet, or get some work done.",Facilities and Amenities,POSITIVE,False,,,
Brew Stop,2,coffee,Hina ang aircon. Singot kaayo ko nag inom ug kape.,Facilities and Amenities,NEGATIVE,True,,,
ZeusX Esports and Cafe,1,coffee,I hope management can work on improving consistency in how guests are treated.,Facilities and Amenities,NEUTRAL,False,,,
Dunkin’ | Gaisano Mall of Davao,1,coffee,"Unprofessional behavior such us rude look, banging and slamming noises behind the counter - an expression of irritation, focusing on paper work instead of attending to customers.",Facilities and Amenities,NEUTRAL,False,,,
Matcha House,1,matcha,"Mabaho ang CR, amoy ihi hanggang sa counter.",Facilities and Amenities,NEGATIVE,True,,,
Green Coffee - Marfori,2,coffee,Worse Internet Connection,Facilities and Amenities,NEGATIVE,False,,,
Matcha Base,1,matcha,"Guba ang mga saksakan, sunog pa yata ang isa.",Facilities and Amenities,NEGATIVE,True,,,
The Crazy Bite Co. Sky Cafe,1,coffee,Any kind of service crew asking you to move tables in a middle of a meal should be re trained.,Facilities and Amenities,NEUTRAL,False,,,
Green Coffee - Diversion,1,coffee,Downside is the staff will purposely turn off the power in your socket while you're charging if they think you're staying long enough already.,Facilities and Amenities,NEGATIVE,False,,,
Kape Street,1,coffee,"Basa ang salog sa CR, delikado maka slide.",Facilities and Amenities,NEGATIVE,True,,,
Starbucks,3,coffee,The internet is bad,Facilities and Amenities,NEGATIVE,False,,,
Coffee at Yellow Hauz,3,coffee,"Nevertheless, theyve got super fast and unlimited internet access.",Facilities and Amenities,POSITIVE,False,,,
The Crazy Bite Co. Sky Cafe,3,coffee,"The other customers at the other tables (there were 3 other occupied tables) were not the loud, dirty-mouth types.",Facilities and Amenities,NEUTRAL,False,,,
Aloha Kakou Neighborhood Cafe,3,coffee,A new food outlet for diners across SM City Davao.,Facilities and Amenities,NEUTRAL,False,,,
The Bloom Coffee & Start-Up Space,3,coffee,Good place to study because there are many outlets and the wifi is strong.,Facilities and Amenities,POSITIVE,False,,,
JH Garden Cafe and Restaurant Matina,2,coffee,Ask the waiter for a wifi voucher which covers only 2 hours.,Facilities and Amenities,NEGATIVE,False,,,
Kotetsu by Wood and Coffee,3,coffee,"The coffee shop offers ample parking space, thanks to its location in a commercial area.",Facilities and Amenities,POSITIVE,False,,,
Koffiepauze,3,matcha,Internet access is limited with time,Facilities and Amenities,NEGATIVE,False,,,
Chatime - SM Ecoland Davao,3,coffee,"Cute Near cr and entrance/exit Wide selction of flavours Tea, fruits, coffee and chocolate flavours available",Facilities and Amenities,POSITIVE,False,,,
Green Coffee - Ecoland,2,coffee,Tables are all over the place and are not well maintained,Facilities and Amenities,NEGATIVE,False,,,
Barok Cafe & Resto,1,coffee,I only discovered the issue when I tried to transfer the connection from my phone to my laptop.,Facilities and Amenities,NEUTRAL,False,,,
Cafe Uno,2,coffee,"Super init sa second floor, di keri mag stay dugay.",Facilities and Amenities,NEGATIVE,True,,,
Krispy Kreme Doughnuts® - SM Lanang,1,coffee,"I work in the hospitality,",Facilities and Amenities,NEUTRAL,False,,,
MANU Coffee,2,coffee,Pros: Marami socket.,Facilities and Amenities,POSITIVE,False,,,
Black Scoop Cafe Matina,2,coffee,"The wifi service is intermittent, on and off, I think the staff purposely turns off the wifi to turn away customers that bought more items from the premises and there are 4 airconditioning units that's not being use, the shop was humid and hot inside",Facilities and Amenities,NEGATIVE,False,,,
Steep Kohi,2,coffee,"matcha was mid for its price, barista didn't seem welcoming",Price and Value,NEGATIVE,False,,,
The Secret Garden Cafe,3,coffee,But for its price of 180.,Price and Value,NEUTRAL,False,,,
Green Bread - Matina,3,coffee,Hopefully they can improve the quality and quantity since the price was not cheap.,Price and Value,NEGATIVE,False,,,
Lanang Matcha House,2,matcha,Pricey for a matcha place in Davao City.,Price and Value,NEGATIVE,True,,,
Matcha Matina,1,matcha,Grabe sad ka mahal ang matcha dre uy.,Price and Value,NEGATIVE,True,,,
Kape Obrero,2,coffee,"You pay more for the aesthetic, dili worth it ang drinks.",Price and Value,NEGATIVE,True,,,
Barok Cafe and Resto,2,coffee,"At the end of the day, no matter how expensive a product is, customers are willing to pay if it's worth it.",Price and Value,NEGATIVE,False,,,
The Matcha Tokyo - Azuela High Street,3,matcha,Only problem I had was the outrageous price for just a decent-regular cup of matcha.,Price and Value,NEGATIVE,False,,,
Daleachious Cafe - Ecoland Branch,3,coffee,"food is mid for the price, burger patty looked raw had to re-heat it at home.",Price and Value,NEGATIVE,False,,,
Café Joa,3,coffee,Food is just expensive for its taste but not that very special.,Price and Value,NEGATIVE,False,,,
Lanang Matcha House,1,matcha,Mahal kaayo ang matcha nila compared sa uban.,Price and Value,NEGATIVE,True,,,
Cafe Agdao,2,coffee,Di worth it ang price sa quality sa food.,Price and Value,NEGATIVE,True,,,
Cafe Julieta,1,coffee,Ordered breakfast of Beef Tapa full of hard chewing tendons and so expensive about 380 pesos or less.,Price and Value,NEGATIVE,False,,,
Ecoland Coffee Co,2,coffee,"Dili ko mu-utro ug palit, kamahal sa ilang drinks.",Price and Value,NEGATIVE,True,,,
Starbucks - SM City Davao,3,coffee,Convenient to meet but overpriced like everywhere,Price and Value,NEGATIVE,False,,,
Buhangin Brew,1,coffee,"Mahal na gani, wa pajud lami ang pagka timpla.",Price and Value,NEGATIVE,True,,,
Coffeecat,3,coffee,"My only gripe is the fact that the inside of the serving is hollow, which makes its relatively steep price even less justifiable.",Price and Value,NEGATIVE,False,,,
Torres Brews,2,coffee,Dili ko ganahan sa price kay overcharged ra kaayo.,Price and Value,NEGATIVE,True,,,
Starbucks,2,coffee,Expensive,Price and Value,NEGATIVE,False,,,
Starbucks,2,coffee,Expensive,Price and Value,NEGATIVE,False,,,
Ecoland Coffee Co,1,coffee,Mahal kaayo ang food tapos ang gamay sa portion.,Price and Value,NEGATIVE,True,,,
Cafe Agdao,1,coffee,Di sya worth it for its price point.,Price and Value,NEGATIVE,True,,,
Don Macchiatos Coffee,3,matcha,The price match the taste  winking_face  Perfect for students.,Price and Value,POSITIVE,False,,,
Buhangin Brew,2,coffee,Gamay ra ang cake slice para sa 150 pesos.,Price and Value,NEGATIVE,True,,,
Green Coffee - Marfori,1,coffee,Unlike starbucks you know the value customer's comfort.,Price and Value,NEUTRAL,False,,,
Green Coffee - Marfori,3,coffee,Their coffee is starbucks price but not starbucks taste and service.,Price and Value,NEGATIVE,False,,,
Coffee Project Mintal,1,coffee,"expectation vs. reality is bad on the menu, you can see big cubes of beef in the pic but the serving is ground  zany_face  doesn't taste good and small servings for such an expensive price.",Price and Value,NEGATIVE,False,,,
Coffee Project Mintal,1,coffee,Expensive,Price and Value,NEGATIVE,False,,,
Coffee Project Mintal,1,coffee,Expensive,Price and Value,NEGATIVE,False,,,
Kape Obrero,1,coffee,Mura mag ginto ang presyo sa ila drinks.,Price and Value,NEGATIVE,True,,,
Lanang Matcha House,2,matcha,"Ang mahal ng matcha nila, di naman authentic ang lasa.",Price and Value,NEGATIVE,True,,,
Hygge Coffee,2,coffee,My number one pain point is how expensive it is on so little that you get.,Price and Value,NEGATIVE,False,,,
The Coffee Lounge,3,coffee,Portion: 3/5 - small serving for its price.,Price and Value,NEGATIVE,False,,,
Cafe Gervacios - Pastry and Coffee in Davao City,2,coffee,"However, waiting 50 minutes for a gamy longanisa sandwich which is basically just cheap ground pork w salt and pepper is disappointing.",Price and Value,NEGATIVE,False,,,
Daleachious Cafe - Ecoland Branch,2,coffee,patronizing this cafe is basically just begging to be robbed; there's simply no way to justify these prices with the value of the service being provided.,Price and Value,NEGATIVE,False,,,
Kape Obrero,2,coffee,"Mahal kaayo ang drinks, di worth it for the price.",Price and Value,NEGATIVE,True,,,
Buhangin Brew,2,coffee,Di makatarungan ang kamahal sa ila food and drinks.,Price and Value,NEGATIVE,True,,,
Dunkin' Donuts,3,coffee,Affordable and yummy donuts.,Price and Value,POSITIVE,False,,,
MYLK Cafe,1,matcha,cold brew was meh... sayang pera,Price and Value,NEGATIVE,False,,,
Finca,3,coffee,Price is kind of higher than the rest of the coffee shops.,Price and Value,NEGATIVE,False,,,
Torres Brews,1,coffee,The price is not justified by the taste and size.,Price and Value,NEGATIVE,True,,,
Starbucks - SM City Davao,1,coffee,To crazy expensive,Price and Value,NEGATIVE,False,,,
Lara Mia Café & Bistro,3,coffee,thumbs_up  thumbs_up  thumbs_up  Biscuit gelato super good din  thumbs_up  thumbs_up  thumbs_up  Your price is good or fair naman but the food portion should be just right.,Price and Value,POSITIVE,False,,,
Lanang Matcha House,2,matcha,Way pulos ang kape nila for that expensive price.,Price and Value,NEGATIVE,True,,,
Lanang Matcha House,1,matcha,Di worth it i-spend akong kwarta dire.,Price and Value,NEGATIVE,True,,,
Buhangin Brew,2,coffee,"Mahal kaayo, dili ko mubalik dire na cafe.",Price and Value,NEGATIVE,True,,,
Roxas Beans,2,coffee,Sayang jud akong 250 pesos ani na drink.,Price and Value,NEGATIVE,True,,,
Green Coffee - Marfori,3,coffee,"For a coffee lover like me, the Americano is not that strong and a little bit bland which somehow is a bit surprising for its price which is a bit higher than most coffee shops around the city.",Price and Value,NEGATIVE,False,,,
Roxas Beans,1,coffee,Jusko ang mahal ng kape tapos lasang tubig.,Price and Value,NEGATIVE,True,,,
Matcha Matina,1,matcha,Mahal ilang drinks unya murag asukal ra tanan.,Price and Value,NEGATIVE,True,,,
Matcha Matina,2,matcha,The matcha is good pero the price is completely unjustified.,Price and Value,NEGATIVE,True,,,
Ecoland Coffee Co,2,coffee,"Mahal jud sya, di makatarungan for a regular iced coffee.",Price and Value,NEGATIVE,True,,,
Dear Joe Frontera,2,coffee,You are expecting a nice or slightly elevated taste because the price is expensive.,Price and Value,NEGATIVE,False,,,
Annipie - SM Lanang,1,coffee,"Just remove the per slice price, When we tried sm lanang and sm ecoland, Same.",Price and Value,NEUTRAL,False,,,
Annipie Airport View,1,coffee,I asked the waiter why was the price so high for the shots?,Price and Value,NEGATIVE,False,,,
PICKUP COFFEE - Gaisano Mall of Davao,3,coffee,good for a quick caffeine fix in a budget.,Price and Value,POSITIVE,False,,,
Dear Joe Frontera,3,coffee,The paper cup ruins the over all experience and doesn't justify the premium price that the customers payed for their tea and coffee.,Price and Value,NEGATIVE,False,,,
Torres Brews,1,coffee,Mahal ra kaayo ila menu dili match sa quality.,Price and Value,NEGATIVE,True,,,
Green Coffee - Marfori,2,coffee,It's too hot inside... Good price and Good Internet connection... No parking space nearby ...24/7,Price and Value,POSITIVE,False,,,
Roxas Beans,1,coffee,"Dili worth it, I'd rather buy coffee somewhere else.",Price and Value,NEGATIVE,True,,,
Barok Cafe & Resto,1,coffee,The burger is really expensive but the patty is like a minute burger.,Price and Value,NEGATIVE,False,,,
Starbucks - Abreeza Mall,1,coffee,It was certainly the worst C. but the most expensive,Price and Value,NEGATIVE,False,,,
PICKUP COFFEE - Gaisano Mall of Davao,3,coffee,"aesthetic stall, cheap priced coffee the coffee aint that bad for its price but dont expect super high quality tasting coffee.",Price and Value,POSITIVE,False,,,
Lara Mia Café & Bistro,3,coffee,Food I would say is pretty expensive for its taste.,Price and Value,NEGATIVE,False,,,
Torres Brews,2,coffee,"Grabe kamahal, mura tag gikuhaan og kwarta sa bulsa.",Price and Value,NEGATIVE,True,,,
Daleachious Cafe - Ecoland Branch,3,coffee,"Food is priced quite high, I think they offer the most expensive Caffe Americano in town at P165  grinning_face_with_sweat  Service is okay but I think the staff can be more sensitive with the ambience they're creating (they're playing loud music in their phones, louder than the background music of their coffee shop).",Price and Value,NEGATIVE,False,,,
PICKUP COFFEE - Gaisano Mall of Davao,3,coffee,"More sugar than matcha, but good enough for a cheap matcha fix.",Price and Value,POSITIVE,False,,,
Kape Obrero,2,coffee,Lami unta kaso murag overpriced ra jud kaayo sya.,Price and Value,NEGATIVE,True,,,
Torres Brews,1,coffee,Super pricey tapos dili sad kaayo lami ila drinks.,Price and Value,NEGATIVE,True,,,
Lanang Matcha House,2,matcha,I wouldn't pay that much for basic coffee again.,Price and Value,NEGATIVE,True,,,
Silingan Coffee,2,coffee,"Kurat ko kay naa pay extra service fee sa resibo, unya self-serve man diay gihapon ta sa counter! Scammer moves.",Price and Value,NEGATIVE,True,,,
WKND 1970,3,coffee,Good food and coffee  hot_beverage  at an mid range price,Price and Value,POSITIVE,False,,,
Ecoland Coffee Co,2,coffee,Gamay ug serving for a very expensive price tag.,Price and Value,NEGATIVE,True,,,
Space-Arabica,3,coffee,Very clean and has high-end furnishings but good value food.,Price and Value,POSITIVE,False,,,
The Crazy Bite Co. Sky Cafe,1,coffee,For the money so many other nice restraunts in Davao City will be the first and last time for us....It actually reminds me of McDonald's but with double the price.,Price and Value,NEGATIVE,False,,,
Davao Kape,2,coffee,Dili ko ganahan kay expensive ra kaayo for me.,Price and Value,NEGATIVE,True,,,
Kape Obrero,1,coffee,Gamay ug cup tapos overpriced pa jud kaayo.,Price and Value,NEGATIVE,True,,,
Starbucks - SM City Davao,1,coffee,Overall 1 star is expensive hahah,Price and Value,NEGATIVE,False,,,
Davao Kape,1,coffee,Grabe ka mahal ang drinks di man lami.,Price and Value,NEGATIVE,True,,,
Karlo's Gourmet & Coffee,1,coffee,"THE BEEF SALPICAO is expensive, but it's antigas and has no flavor.",Price and Value,NEGATIVE,False,,,
"The Coffee Bar, Gaisano Mall of Toril",1,coffee,Street vendors have betrer tasting coffee and food with a fraction of the price.,Price and Value,NEGATIVE,False,,,
Kape Obrero,1,coffee,Mahal na kaayo ilang drinks nag shrink pa ang cup.,Price and Value,NEGATIVE,True,,,
Daiko Coffee,3,coffee,Affordable rates with some meals and snack items I hope I get to try pretty soon.,Price and Value,POSITIVE,False,,,
Matcha Matina,2,matcha,I love matcha pero this one is just plain overpriced.,Price and Value,NEGATIVE,True,,,
Matcha Matina,2,matcha,Very small serving for an expensive matcha drink.,Price and Value,NEGATIVE,True,,,
Barok Cafe and Resto,3,coffee,I recently visited Barok Café and tried their Pamahaw Latte.,Product Quality,NEUTRAL,False,,,
Starbucks - Abreeza Mall,1,coffee,We waited for almost 30 minutes only to be told that we are required to make a purchase a week before the claiming of the free birthday cake slice.,Product Quality,NEUTRAL,False,,,
Humble Table,3,coffee,Respect for the food and the people who prepared it.,Product Quality,NEUTRAL,False,,,
Coffee By The Way,2,coffee,This place used to have great staffs that would cater and deliver food to your table but not anymore.,Product Quality,NEUTRAL,False,,,
Indahouse Cafe,2,coffee,"The matcha, priced at ₱250–₱295, came in a small cup that wasn't even filled to the top.",Product Quality,NEGATIVE,False,,,
Purge Coffee Roaster,1,coffee,Coffee is so so.,Product Quality,NEUTRAL,False,,,
Coffeecat,3,coffee,I stay for the space and WiFi and not really with the coffee they have.,Product Quality,NEGATIVE,False,,,
Daleachious Cafe - Ecoland Branch,2,coffee,"To make a cappucino, its simple, 1 third espresso, 1 third warm milk, 1 third foam.",Product Quality,NEGATIVE,False,,,
Green Coffee - Ecoland,1,coffee,"My wife, our three kids, and I were looking forward to enjoying a relaxing evening with some coffee.",Product Quality,NEUTRAL,False,,,
Cafe Gervacios - Pastry and Coffee in Davao City,3,coffee,We had the Himalayan cafe latte and the matcha latte.,Product Quality,NEUTRAL,False,,,
Acacia Lane Coffee Shop,3,coffee,What really stood out about this place is its unique offering – a combination of a coffee shop and a car wash.,Product Quality,NEUTRAL,False,,,
Seattle's Best Coffee,2,coffee,"The Waiting time is on Top: In a ""Coffee Shop"" i expect a fast snack.",Product Quality,NEUTRAL,False,,,
Blugré Coffee,1,coffee,"We came here craving for desserts and coffee but their cakes are old expired, so dry it crumbles apart when you touch it.",Product Quality,NEGATIVE,False,,,
Seattle's Best Coffee,1,coffee,But the wait for the order to come for three (3) drinks and a cookie took like 40 minutes give or take.,Product Quality,NEUTRAL,False,,,
Kapeweñoz V. Mapa,3,coffee,"I was craving for kapeweñoz, it's been a long time since I had a taste of it.",Product Quality,NEUTRAL,False,,,
Starbucks Damosa IT Park Drive-Thru,1,coffee,I ordered vanilla cold monkey tea with coffee jelly but there's no coffee jelly on it.,Product Quality,NEGATIVE,False,,,
Black Scoop Cafe Matina,1,coffee,Better go to other coffee shops near the area (ex: Starbucks Matina IT Park),Product Quality,NEGATIVE,False,,,
Karlo's Gourmet & Coffee,2,coffee,My cousins and I ordered their cold Coffee Durian Gelato and nachos.,Product Quality,NEUTRAL,False,,,
Kofi Gram Bangkal,3,coffee,"also, i didnt taste the coffee/espresso even though its 60/40 (if i am not mistaken, but i am sure its not 100% arabica since i asked the barista).",Product Quality,NEGATIVE,False,,,
Daleachious Cafe - Ecoland Branch,3,coffee,I would say that the coffee was under-extracted.,Product Quality,NEGATIVE,False,,,
Starbucks,1,coffee,"I specifically ordered the tortilla de patatas con chorizo from Starbucks F. Torres because it didn't contain gluten, a crucial factor for my food allergies.",Product Quality,NEUTRAL,False,,,
Coffeecat,3,coffee,"I used to have coffee here everyday, now it's twice a year.",Product Quality,NEGATIVE,False,,,
Seattle's Best Coffee,3,coffee,Coffee got served at 5:20-ish so not that long and it's fine since we're not really starving and we get that there are a not of people.,Product Quality,NEUTRAL,False,,,
"KAOS CAFE - 24 Hours, Jacinto St.",3,coffee,"When our drinks were served, the server placed them directly among the leftover food and cups from the previous party.",Product Quality,NEUTRAL,False,,,
Annipie Airport View,1,coffee,"No ice, the cake is not a whole slice.",Product Quality,NEGATIVE,False,,,
Seattle's Best Coffee,1,coffee,Turns out the coffee was ready like 5 mins after ordering and no one handed it to us.,Product Quality,NEUTRAL,False,,,
Paramount Coffee Crocodile Park Davao,2,coffee,"Food: Decent but overpriced Service: Expect to wait 90+ minutes on a Sunday Atmosphere: Sit outside adjacent to 3 carparks surrounding you and breathe in the carbon monoxide from the idle viechles as you sit wishing for your food to arrive for 90+ minutes, simply hoping it would arrive so you can get out of here already.",Product Quality,POSITIVE,False,,,
ZeusX Esports and Cafe,1,coffee,OVERPRICED COFFEE!,Product Quality,NEGATIVE,False,,,
Kotetsu by Wood and Coffee,3,coffee,"However, please be aware that most of their drinks here is a bit pricier than Starbucks or other third-wave coffee shops.",Product Quality,NEUTRAL,False,,,
Coffee at Yellow Hauz,3,coffee,"I could find similar cozy and big places of similarly priced food & beverages, but with free unlimited water and wifi.",Product Quality,NEUTRAL,False,,,
The Coffee Bar at GMall of Davao,1,coffee,"First, the cashier S****** told us that the serving time of our orders, iced matcha latte and iced caramel latte will take 1 hour and 30 mins, we were confused why but we chose to understand so we did not really mind it.",Product Quality,NEUTRAL,False,,,
Green Coffee - Ecoland,3,coffee,Drinks are what they should be.,Product Quality,NEUTRAL,False,,,
AtCurbside,1,coffee,This is the second day straight of me spilling coffee on myself cos of your cup covers.,Product Quality,NEGATIVE,False,,,
Mori & Mill,2,coffee,I think they may have put too much resource into that gimmick rather the quality of the food.,Product Quality,NEGATIVE,False,,,
Green Coffee - Diversion,1,coffee,Place was aesthetically pleasing but very limited options for food and drinks,Product Quality,NEGATIVE,False,,,
Daleachious Cafe - Ecoland Branch,3,coffee,"""Coffee was stale.""",Product Quality,NEGATIVE,False,,,
Green Coffee - Diversion,2,coffee,"You know that they're ""NASTY"" if they do this because they want you to buy more hot coffee.",Product Quality,NEGATIVE,False,,,
Starbucks,3,coffee,Coffee is great... A bit pricy nga lang...,Product Quality,POSITIVE,False,,,
Dunkin' Donuts- C. P. Garcia Highway,3,coffee,"No issues with the food...the donuts are what you'd expect from Dunkin', consistent and okay.",Product Quality,POSITIVE,False,,,
Green Coffee - Marfori,1,coffee,The baristas are throwing condiments and pitchers in front of us while making the coffee.,Product Quality,NEUTRAL,False,,,
Hygge Coffee,1,coffee,I thought there was no worse coffee besides DonMac.,Product Quality,NEGATIVE,False,,,
Barok Cafe and Resto,1,coffee,I ordered food without asking what size my matcha was?,Product Quality,NEUTRAL,False,,,
Green Coffee - Marfori,1,coffee,Why cant we customize our coffee?!,Product Quality,NEGATIVE,False,,,
Cafe Julieta,3,coffee,The ambiance is amazing but they should add more to their menu considering that they make tasty food.,Product Quality,POSITIVE,False,,,
Dopio Café,2,coffee,"BEEF RENDANG, good, and probably the best dish for my taste in Toril, at the moment.",Product Quality,POSITIVE,False,,,
Lately Coffee,3,coffee,"Great Late-Night Spot with a Cozy Vibe If you're looking for a place to grab a drink after the usual cafe hours, Lately Coffee is a solid option.",Product Quality,POSITIVE,False,,,
Solace - Coffee Club,2,coffee,"even my friends who ordered before had the same feedback, medyo way lami raw.",Product Quality,NEGATIVE,False,,,
Coffee By The Way,1,coffee,"If you're craving actual matcha, this ain't the place.",Product Quality,NEGATIVE,False,,,
Solace - Coffee Club,2,coffee,"Their matcha also tastes like malunggay, it has bitter aftertaste.",Product Quality,NEGATIVE,False,,,
The Matcha Tokyo - Azuela High Street,3,matcha,Ordered the iced matcha latte.,Product Quality,NEUTRAL,False,,,
Coffee Project Mintal,2,coffee,"Food and beverage aside, The place was clean,comfy and nice.",Product Quality,NEUTRAL,False,,,
Café Prelaya by The Joaquins’ Cheesecakes,3,coffee,Coffee was good considering its price.,Product Quality,POSITIVE,False,,,
Coffee Project Mintal,3,coffee,My iced americano taste burnt and my carbonara was mid.,Product Quality,NEGATIVE,False,,,
JAS Caffeinated,1,coffee,"Coffee thou  face_savoring_food  acidic, maybe not freshly made.",Product Quality,NEGATIVE,False,,,
Fiend Coffee Club,2,coffee,"It's not just bad taste, it's downright criminal for the environment.",Product Quality,NEGATIVE,False,,,
Habitat Coffee - Tulip Branch,2,coffee,I can't justify the taste and size for the price.,Product Quality,NEGATIVE,False,,,
AtCurbside,3,coffee,"To the coffee lovers, the coffee shop is in Marfori area.",Product Quality,NEUTRAL,False,,,
Kapenato,3,coffee,I spent most of my time when going to that building at Elixr Coffee which is now the area occupied as Kapenato's first floor.,Product Quality,NEUTRAL,False,,,
Daleachious Cafe - Ecoland Branch,1,coffee,If you want quality food and drinks that have had more than 5 seconds of thought put into it then do not come here.,Product Quality,NEGATIVE,False,,,
Seattle's Best Coffee,2,coffee,"We only had 2 drinks and a cake, does it take 30mins to prepare those?",Product Quality,NEUTRAL,False,,,
HOUR CAFÉ,3,coffee,"We would not choose the Hour Cafe for a nice dining, but for having a good coffee and/or having a fast snack little bit about local Carenderia, it is good for a stop.",Product Quality,POSITIVE,False,,,
The Bloom Coffee & Start-Up Space,1,coffee,8am and they said that their iced coffee wasnt available.,Product Quality,NEGATIVE,False,,,
Barok Cafe and Resto,1,coffee,Requested for milk on the side for my brewed as I usually do in other coffee shops.,Product Quality,NEUTRAL,False,,,
Evermore Cafe Davao,3,coffee,"Loved their matcha one day then just the next day, the exact drink tasted so different.",Product Quality,NEGATIVE,False,,,
Green Coffee - Marfori,3,coffee,Their coffee is starbucks price but not starbucks taste and service.,Product Quality,NEGATIVE,False,,,
Brew and Cinnamon Cafe,3,coffee,"A nice place where to enjoy a good coffee, chilling.",Product Quality,POSITIVE,False,,,
"KAOS CAFE - 24 Hours, Jacinto St.",2,coffee,I've been visiting this coffee shop since last year.,Product Quality,NEUTRAL,False,,,
"KAOS CAFE - 24 Hours, Jacinto St.",3,coffee,"After waiting for several minutes and finishing only half of our drinks, we decided to leave because the uncleaned table made the environment too uncomfortable to stay in.",Product Quality,NEUTRAL,False,,,
Karlo's Gourmet & Coffee,1,coffee,Food quality is poor; molds on the bread of the clubhouse sandwich.,Product Quality,NEGATIVE,False,,,
Starbucks - Matina IT Park,1,coffee,First one drinks weren't even in the order!,Product Quality,NEGATIVE,False,,,
"KAOS CAFE - 24 Hours, Jacinto St.",1,coffee,Their matcha with coconut cream tastes like grilled chicken,Product Quality,NEGATIVE,False,,,
Black Scoop Cafe Matina,2,coffee,Food and coffee is alright.,Product Quality,NEUTRAL,False,,,
The Crazy Bite Co. Sky Cafe,3,coffee,coffee is not good.,Product Quality,NEGATIVE,False,,,
Brew and Cinnamon Cafe,2,coffee,"Still welcome the idea of a second visit — hopefully, better service/staff attitude and improved food taste.",Product Quality,NEGATIVE,False,,,
HYGGE COFFEE 2,1,coffee,"Plus, some of the food was delicious at that time esp some tocino!",Product Quality,POSITIVE,False,,,
Green Coffee - Diversion,1,coffee,I ordered a regular hot matcha latte for takeout at Green Coffee on Diversion Road.,Product Quality,NEUTRAL,False,,,
Blugré Coffee,1,coffee,The heat of the coffee makes the place even hotter.,Product Quality,NEUTRAL,False,,,
Barok Cafe and Resto,1,coffee,We ordered our food at 2:29am and it was served to us exactly 3AM.,Product Quality,NEUTRAL,False,,,
Daleachious Cafe - Ecoland Branch,3,coffee,"Because you can't really fire your mother, or give her feedback about her cake without affecting your relationship.",Product Quality,NEUTRAL,False,,,
PICKUP COFFEE - Gaisano Mall of Davao,3,coffee,"aesthetic stall, cheap priced coffee the coffee aint that bad for its price but dont expect super high quality tasting coffee.",Product Quality,NEUTRAL,False,,,
Fourth Street Cafe,3,coffee,"Their matcha could use a bit of improvement, but I absolutely love their coffee and pastries.",Product Quality,POSITIVE,False,,,
Lara Mia Café & Bistro,3,coffee,Food I would say is pretty expensive for its taste.,Product Quality,NEGATIVE,False,,,
Café Joa,1,coffee,We ordered two drinks and two cakes.,Product Quality,NEUTRAL,False,,,
Roxas Ave Roastery,1,matcha,Sobra ka init sa second floor kay wala nila palihuga ang aircon didto.,Store Operations and Accessibility,NEGATIVE,True,,,
Space-Arabica,3,coffee,Go early because it's a nice spot taken by students who have been studying for a few hours.,Store Operations and Accessibility,NEUTRAL,False,,,
Sagrada Coffee Nook,1,matcha,"Grabe ka layo ang CR gikan sa seating area, kinahanglan mo gawas pa sa building.",Store Operations and Accessibility,NEGATIVE,True,,,
Green Leaf Matcha Bar,1,matcha,Naay sign nga wheelchair accessible pero naay steep steps padulong sa entrance.,Store Operations and Accessibility,NEGATIVE,True,,,
Green Leaf Matcha Bar,1,coffee and matcha,"Grabe ka sikip ang aisle, dili gani makalabang ang waiter dala ang tray.",Store Operations and Accessibility,NEGATIVE,True,,,
Green Coffee - Marfori,2,coffee,"Ambience, the cafe's long hours, and friendly staff are its only redeeming qualities.",Store Operations and Accessibility,POSITIVE,False,,,
Brew & Bites Davao,1,coffee and matcha,"Naay sign nga open daily pero close man diay sila every other Tuesday, wala clear.",Store Operations and Accessibility,NEGATIVE,True,,,
Barok Cafe and Resto,1,coffee,"Overall, the experience did not meet my expectations, and I hope the management improves both their customer service and parking arrangements.",Store Operations and Accessibility,NEGATIVE,False,,,
Barako Corner Cafe,1,coffee,"Naay isa lang ka table para sa outdoor, so kapoy ka naghulat og maayo nga slot.",Store Operations and Accessibility,NEGATIVE,True,,,
Green Coffee - Diversion,3,coffee,Their location is a disadvantage for those who don't have car.,Store Operations and Accessibility,NEGATIVE,False,,,
Cafe Durian House,1,coffee and matcha,Naay sign nga bukas 24 hours pero pag alas 2am sarado na diay ang doors.,Store Operations and Accessibility,NEGATIVE,True,,,
Seattle's Best Coffee,1,coffee,A concerning incident involving a staff member's unfamiliarity with the location of the microwave raised questions about operational efficiency.,Store Operations and Accessibility,NEGATIVE,False,,,
Obrero Brew Bar,2,coffee,Naay renovation sila pero wala nag inform sa mga customer nga naka book na.,Store Operations and Accessibility,NEGATIVE,True,,,
Matcha Milk Bar,1,coffee and matcha,"Walay bisan unsang aircon nga gana, sobra ka init sulod bisan naay AC unit.",Store Operations and Accessibility,NEGATIVE,True,,,
Koffiepauze,3,matcha,Change your sign or open on time just dont do this and make ppl wait,Store Operations and Accessibility,NEGATIVE,False,,,
Seattle's Best Coffee,1,coffee,I understand the long queue at the counter considering new stores usually attract more traffic.,Store Operations and Accessibility,NEUTRAL,False,,,
Coffeecat,3,coffee,Location not easily noticable,Store Operations and Accessibility,NEGATIVE,False,,,
Daleachious Cafe - Ecoland Branch,1,coffee,"Otherwise, great location and nice interior atmosphere.",Store Operations and Accessibility,POSITIVE,False,,,
Krispy Kreme Doughnuts® - SM Lanang,2,coffee,There were 2 cash registers and during peak hours or when the queue is quite long then they should utilize both cashiers rather than chatting and laughing with each other at the side.,Store Operations and Accessibility,NEGATIVE,False,,,
Matcha Mo Davao,2,coffee,Sobra ka init sa waiting area kay walay proper ventilation bisan naay fan.,Store Operations and Accessibility,NEGATIVE,True,,,
Kape Habagat,2,coffee,"Grabe ka layo padulong sa parking, kinahanglan mo tabok pa sa highway para makaabot.",Store Operations and Accessibility,NEGATIVE,True,,,
Barok Cafe & Resto,3,coffee,"I've been here a few times since it's one of the few 24/7 cafés in town, and the location is convenient for me when I'm in the area.",Store Operations and Accessibility,POSITIVE,False,,,
Tugbok Brew House,1,coffee and matcha,"Sarado diay sila sa Sunday, wala pa jud updated sa Google Maps nila.",Store Operations and Accessibility,NEGATIVE,True,,,
Lately Coffee,3,coffee,The Hours: One of the best things about this place is that they close late at night.,Store Operations and Accessibility,POSITIVE,False,,,
Matcha & Co. Davao,1,coffee,"Grabe ka lisod ang pag reserve, dili gani mo reply sa message pag mag book ka.",Store Operations and Accessibility,NEGATIVE,True,,,
Pier Coffee House,2,coffee,Sobra ka lisod pangitaon ang entrance kay wala silay tarpaulin o karatula.,Store Operations and Accessibility,NEGATIVE,True,,,
Kape Bukid,1,coffee,Naay sign nga open 7am pero pag adto nako alas 8 pa gyud nag abre.,Store Operations and Accessibility,NEGATIVE,True,,,
Matcha Mo Davao,1,matcha,"Grabe ka busy sa parking area, mag away pa mi og slot sa laing customer.",Store Operations and Accessibility,NEGATIVE,True,,,
Space-Arabica,1,coffee,Open 24 hours but Mondays thru Saturdays only.,Store Operations and Accessibility,NEUTRAL,False,,,
Solace - Coffee Club,2,coffee,"One good thing tho, there's a free parking space but not yet cemented.",Store Operations and Accessibility,POSITIVE,False,,,
Barok Cafe and Resto,3,coffee,Fit for group gatherings as there are also function rooms and some parking.,Store Operations and Accessibility,POSITIVE,False,,,
Kape Ihaw-Ihaw,1,coffee,"Naay isa lang ka toilet para sa buong store, sobra ka daghan naghulat.",Store Operations and Accessibility,NEGATIVE,True,,,
Cafe Panabo Road,1,coffee,"Wala silay proper queue system, nag away pa mi kung sino ang una nag order.",Store Operations and Accessibility,NEGATIVE,True,,,
Starbucks SM Davao Expansion Wing,1,coffee,They don't care if the entrance door is kept open.,Store Operations and Accessibility,NEGATIVE,False,,,
The Matcha Tokyo - Azuela High Street,1,matcha,"April 2026 – Located at Cluster 1, Unit 2 of Azuela High Street in Lanang, The Matcha Tokyo is one of the first establishments to open in this new complex.",Store Operations and Accessibility,NEUTRAL,False,,,
MANU Coffee,2,coffee,May dedicated parking space.,Store Operations and Accessibility,NEUTRAL,False,,,
Humble Table,1,coffee,Parking is very limited and only fits around two cars lang.,Store Operations and Accessibility,NEGATIVE,False,,,
Brewpoint Davao,2,coffee,"Walay parking area, sa gawas ka lang mag park tapos guardian mo singil ug extra.",Store Operations and Accessibility,NEGATIVE,True,,,
Brew Nation Davao,1,coffee,"Grabe ka lisod ang access sa CR, kinahanglan mo hangyo pa sa staff para sa key.",Store Operations and Accessibility,NEGATIVE,True,,,
Coffeecat,3,coffee,Coffee Cat  cat  Good location.,Store Operations and Accessibility,POSITIVE,False,,,
Steep Leaf Davao,1,coffee and matcha,Mag order lang ka pila na ka minuto ang hulat kay kulang ug staff sa counter.,Store Operations and Accessibility,NEGATIVE,True,,,
Tugbok Brew House,2,matcha,"Grabe ka layo gikan sa highway, kinahanglan mo agi pa og dalan nga bumpy kaayo.",Store Operations and Accessibility,NEGATIVE,True,,,
Kingdom Cafe & Bistro,3,coffee,Reserved parking slots facing the store was pointless as staff were nowhere in sight.,Store Operations and Accessibility,NEGATIVE,False,,,
Starbucks Damosa IT Park Drive-Thru,3,coffee,Difficult to park and especially leave at these hours not to mention making the left turn after the drive-through facility…My big grumble is with the restricted menu options when driving through…Sometimes even futile for wasted time lining up when I could've gone inside to get what I wanted instead without limit.,Store Operations and Accessibility,NEGATIVE,False,,,
Coffee By The Way,2,coffee,Kinda glad we came during slow hours.,Store Operations and Accessibility,NEUTRAL,False,,,
Bajada Bean Co.,1,coffee,"Wala silay backup generator, pag brownout sarado dayon bisan mid afternoon pa.",Store Operations and Accessibility,NEGATIVE,True,,,
The Daily Grind Davao,1,coffee and matcha,"Wala sila mag update sa operating hours nila kada holiday, permi mi na guess lang.",Store Operations and Accessibility,NEGATIVE,True,,,
HYGGE COFFEE 2,1,coffee,We usually eat dinner here with my classmates after our 9 PM class since Hygge is open 24 hours.,Store Operations and Accessibility,POSITIVE,False,,,
Cafe Gervacios - Pastry and Coffee in Davao City,3,coffee,Plenty of payment options and even parking available—what more could you ask for?,Store Operations and Accessibility,POSITIVE,False,,,
Bankerohan Brew,1,coffee,Naay sign nga wifi available pero mao gyud ang pinaka sira nga signal sa tibuok area.,Store Operations and Accessibility,NEGATIVE,True,,,
Sagrada Coffee Nook,2,coffee and matcha,"Wala silay proper lighting sa parking area, delikado mag park pag gabii na.",Store Operations and Accessibility,NEGATIVE,True,,,
Kapehan sa Kalinaw,1,coffee,"Grabe ka layo sa main road, walay tricycle nga moadto direkta didto.",Store Operations and Accessibility,NEGATIVE,True,,,
Matcha Muna,1,coffee,"Puno kaayo walay lingkuranan, wala pa sila mag expand sa space nila.",Store Operations and Accessibility,NEGATIVE,True,,,
Hygge Coffee,3,coffee,Wifi's fast good for 2 hours only.,Store Operations and Accessibility,NEUTRAL,False,,,
Mori & Mill,2,coffee,• i don't know why the parking is set up to be like a box so it's super hard to get in and get out.,Store Operations and Accessibility,NEGATIVE,False,,,
Roxas Ave Roastery,2,matcha,"Naabot ko alas 3 tapos sarado na, sa Google Maps until 6pm man unta.",Store Operations and Accessibility,NEGATIVE,True,,,
Green Coffee - Ecoland,1,coffee,"Even two hours later, both my wife and I were still experiencing the effects of the fumes, which included lightheadedness and respiratory irritation.",Store Operations and Accessibility,NEGATIVE,False,,,
Pedal Cafe Davao,3,coffee,Limited parking at the front with a laundry shop next door.,Store Operations and Accessibility,NEGATIVE,False,,,
Brew Society Davao,1,coffee,"Layo kaayo ang nearest jeepney stop, mag lakaw pa ka og pito ka minuto.",Store Operations and Accessibility,NEGATIVE,True,,,
Knto Cinco - Puan Branch,3,coffee,"I like the ambience but only limited parking, like 3-4 cars.",Store Operations and Accessibility,NEGATIVE,False,,,
Garden Cafe,1,coffee,"I just needed a place to sit (the chairs at the airport are little that some people are sitting on the floor and trolleys, some passengers are sleeping like 1 is occupying a whole bench for 3-4 people just lying there) because there are few more hours I needed to wait so I ordered.",Store Operations and Accessibility,NEUTRAL,False,,,
Matina Matcha Lab,1,coffee,"Wala silay clear schedule, lahi lahi permi ang closing time depende sa staff.",Store Operations and Accessibility,NEGATIVE,True,,,
Green Leaf Matcha Bar,2,coffee,"Wala silay parking guard, mag guess na lang ka kung safe ba ipark diri sakyanan.",Store Operations and Accessibility,NEGATIVE,True,,,
Cafe Basilico,3,coffee,The security personnel at the parking made me quite irritable.,Store Operations and Accessibility,NEGATIVE,False,,,
Kape Lokal,1,coffee,CR out of order since last week pero wala pa gihapon giayo.,Store Operations and Accessibility,NEGATIVE,True,,,
The Crazy Bite Co. Sky Cafe,3,coffee,24 hours.,Store Operations and Accessibility,NEUTRAL,False,,,
Bankerohan Brew,2,coffee,Naay isa lang ka parking slot para sa disabled pero permi na lang naka park ang staff.,Store Operations and Accessibility,NEGATIVE,True,,,
Cafe Agdao,2,coffee and matcha,"Sarado sila without notice, nakaabot ra mi para ma disappoint.",Store Operations and Accessibility,NEGATIVE,True,,,
COFFIX COFFEE SHOP,1,coffee,"Nowhere to park near the spot because the owner of the house parked their vehicles literally on the road, greatly obstructing traffic considering the spot is within 6 meters from the curb.",Store Operations and Accessibility,NEGATIVE,False,,,
Barok Cafe & Resto,1,coffee,I cannot finish everything we ordered because we are so close to the bathroom and I can hear everything the staff whispering.,Store Operations and Accessibility,NEGATIVE,False,,,
Coffee Project Mintal,3,coffee,"So sad... Two years before: At this time the best ""close to a restaurant"" in Mintal.",Store Operations and Accessibility,NEGATIVE,False,,,
Cafe Malagos Roasters,1,coffee,Naay sign nga accessible pero naay hagdan pa diay una mo abot sa entrance.,Store Operations and Accessibility,NEGATIVE,True,,,
Brew Society Davao,1,coffee,"Grabe ka gamay ang doorway, dili gani makasulod ang wheelchair nga tarong.",Store Operations and Accessibility,NEGATIVE,True,,,
Starbucks Damosa IT Park Drive-Thru,1,coffee,too early close,Store Operations and Accessibility,NEGATIVE,False,,,
Seattle's Best Coffee,2,coffee,"Because it is located within the DGT development, parking is easy and readily available.",Store Operations and Accessibility,POSITIVE,False,,,
Starbucks,3,coffee,They could've made use of their space outside though for guests who want open air,Store Operations and Accessibility,NEGATIVE,False,,,
Roxas Ave Roastery,1,coffee,Sobra ka layo padulong sa pinaka duol nga public transport para sa store nga ni.,Store Operations and Accessibility,NEGATIVE,True,,,
Brew Nation Davao,1,matcha,"Grabe ka gamay ang space, dili gani ka fit ang wheelchair sa entre way.",Store Operations and Accessibility,NEGATIVE,True,,,
The Daily Grind Davao,1,coffee,"Grabe ka layo ang nearest ATM, wala pud sila accept card kaya kinahanglan magbring cash.",Store Operations and Accessibility,NEGATIVE,True,,,
Starbucks - Matina IT Park,1,coffee,Access going to sbucks is too far from parking lot.,Store Operations and Accessibility,NEGATIVE,False,,,
Kove,2,coffee,Open Tuesday to Sunday from 7am till 2am.,Store Operations and Accessibility,NEUTRAL,False,,,
Steep Leaf Davao,2,coffee,"Layo kaayo sa main road, wala pa gani gi maayo ang dalan padulong didto.",Store Operations and Accessibility,NEGATIVE,True,,,
Cafe Basilico,3,coffee,"There is a parking outside if you have a car, but its a bit off when viewed from the outside considering the neighboring establishments or residential.",Store Operations and Accessibility,NEUTRAL,False,,,
Kiks Davao,3,coffee,The rich and bold flavors of the coffee really hit the spot.,Product Quality,POSITIVE,False,,,
Chatime - SM Ecoland Davao,3,coffee,Typical chatime drinks small and fast for your cold milk tea,Product Quality,NEUTRAL,False,,,
The Glasshouse,1,coffee,"Way lami ang playlist nila, maka duka paminawon.",Ambiance and Atmosphere,NEGATIVE,True,NEGATIVE,False,SYNTHETIC_GENERATION
Poblacion Brews,2,coffee,Uncomfortable kaayo ang ilahang mga bar stools.,Ambiance and Atmosphere,NEGATIVE,True,NEGATIVE,False,SYNTHETIC_GENERATION
Matcha Point,2,matcha,"Init kaayo, wala naga function ilang aircon hantod karon.",Ambiance and Atmosphere,NEGATIVE,True,NEGATIVE,False,SYNTHETIC_GENERATION
Matcha Vibes,1,matcha,"Ngitngit kaayo ang palibot, sakit sa mata magbasa.",Ambiance and Atmosphere,NEGATIVE,True,NEGATIVE,False,SYNTHETIC_GENERATION
Brewed Obrero,2,coffee,"Saba kaayo murag palengke, di conducive for studying.",Ambiance and Atmosphere,NEGATIVE,True,NEGATIVE,False,SYNTHETIC_GENERATION
Kape Dabaw,2,coffee,"Masyado saba tungod sa echo sa sulod, bati design.",Ambiance and Atmosphere,NEGATIVE,True,NEGATIVE,False,SYNTHETIC_GENERATION
Brewed Obrero,2,coffee,"Grabe saba, dili maka tuon bisan mag earphones pa.",Ambiance and Atmosphere,NEGATIVE,True,NEGATIVE,False,SYNTHETIC_GENERATION
Poblacion Brews,2,coffee,"Grabe ang kabanha, dili gyud para sa mga naga work.",Ambiance and Atmosphere,NEGATIVE,True,NEGATIVE,False,SYNTHETIC_GENERATION
Kape Dabaw,2,coffee,"Saba kaayo ang mga barista mag chika, dungog sa tibook shop.",Ambiance and Atmosphere,NEGATIVE,True,NEGATIVE,False,SYNTHETIC_GENERATION
Matcha Vibes,1,matcha,"Nag sige rag balik ang kanta, maka irita na kadugayan.",Ambiance and Atmosphere,NEGATIVE,True,NEGATIVE,False,SYNTHETIC_GENERATION
Vibes Cafe,1,coffee,Dikit-dikit ang bangko mao na walay privacy at all.,Ambiance and Atmosphere,NEGATIVE,True,NEGATIVE,False,SYNTHETIC_GENERATION
Aesthetic Beans,2,coffee,"Bati og ambiance, murag waiting area sa hospital ka boring.",Ambiance and Atmosphere,NEGATIVE,True,NEGATIVE,False,SYNTHETIC_GENERATION
Poblacion Brews,2,coffee,They play club music sa coffee shop. Bati kaayo ug vibe.,Ambiance and Atmosphere,NEGATIVE,True,NEGATIVE,False,SYNTHETIC_GENERATION
Matcha Loco,1,matcha,Puro aesthetic display pero ang ambiance murag fast food chain ka saba.,Ambiance and Atmosphere,NEGATIVE,True,NEGATIVE,False,SYNTHETIC_GENERATION
Kape Dabaw,2,coffee,"Pang picture ra siya, pero the place is loud and uncomfortable.",Ambiance and Atmosphere,NEGATIVE,True,NEGATIVE,False,SYNTHETIC_GENERATION
Aesthetic Beans,2,coffee,"Ngitngit na, alingugngug pa jud tungod sa kadaghan tao.",Ambiance and Atmosphere,NEGATIVE,True,NEGATIVE,False,SYNTHETIC_GENERATION
The Glasshouse,2,coffee,"Init kaayo banda sa window seats, wa silay blinds.",Ambiance and Atmosphere,NEGATIVE,True,NEGATIVE,False,SYNTHETIC_GENERATION
Ecoland Cafe,1,coffee,"Walay exhaust, puro aso sa pagluto ang ambiance.",Ambiance and Atmosphere,NEGATIVE,True,NEGATIVE,False,SYNTHETIC_GENERATION
Matcha Vibes,1,matcha,"Kusog kaayo ang tugtog, di nalang ta mag sturya ani.",Ambiance and Atmosphere,NEGATIVE,True,NEGATIVE,False,SYNTHETIC_GENERATION
Poblacion Brews,2,coffee,Daghan lang aesthetic plants pero huot kaayo ang agianan.,Ambiance and Atmosphere,NEGATIVE,True,NEGATIVE,False,SYNTHETIC_GENERATION
Kape Dabaw,2,coffee,"Saba ang mga bata na naga dagan-dagan, wa gibawal sa staff.",Ambiance and Atmosphere,NEGATIVE,True,NEGATIVE,False,SYNTHETIC_GENERATION
The Glasshouse,2,coffee,"Saba ang dalan, wala silay proper sound insulation.",Ambiance and Atmosphere,NEGATIVE,True,NEGATIVE,False,SYNTHETIC_GENERATION
Matcha Point,1,matcha,"Wa silay music, madungog nimo chika sa tanan table, super awkward.",Ambiance and Atmosphere,NEGATIVE,True,NEGATIVE,False,SYNTHETIC_GENERATION
Vibes Cafe,1,coffee,"Pwerte sabaha sa mga crew, ga syagitay lang sa counter.",Ambiance and Atmosphere,NEGATIVE,True,NEGATIVE,False,SYNTHETIC_GENERATION
Coffee Project Obrero,1,coffee,"Aesthetic unta pero ang mga lingkuranan dili comfortable, sakit sa likod.",Ambiance and Atmosphere,NEGATIVE,True,NEGATIVE,False,SYNTHETIC_GENERATION
Poblacion Brews,2,coffee,"Saba kaayo ang blender nila, makurat ka permi.",Ambiance and Atmosphere,NEGATIVE,True,NEGATIVE,False,SYNTHETIC_GENERATION
Vibes Cafe,2,coffee,"Daghan kayg lamok sa ilang al fresco area, grabe!",Ambiance and Atmosphere,NEGATIVE,True,NEGATIVE,False,SYNTHETIC_GENERATION
Kape Dabaw,1,coffee,"Kusog kaayo tung kanta sakit sa dunggan, dili maka focus.",Ambiance and Atmosphere,NEGATIVE,True,NEGATIVE,False,SYNTHETIC_GENERATION
Poblacion Brews,2,coffee,"Too crowded by lunch time, dili nalang ko mopadayon.",Ambiance and Atmosphere,NEGATIVE,True,NEGATIVE,False,SYNTHETIC_GENERATION
Brewed Obrero,1,coffee,"Baho tag-as ang CR nila, maka guba ug mood iduty.",Ambiance and Atmosphere,NEGATIVE,True,NEGATIVE,False,SYNTHETIC_GENERATION
Aesthetic Beans,2,coffee,Di work friendly kay saba and bati ang lights.,Ambiance and Atmosphere,NEGATIVE,True,NEGATIVE,False,SYNTHETIC_GENERATION
Matcha Point,1,matcha,"Dikit-dikit ang tables, murag sardinas ta dre.",Ambiance and Atmosphere,NEGATIVE,True,NEGATIVE,False,SYNTHETIC_GENERATION
The Glasshouse,2,coffee,"Murag discohan ang sounds, sakit sa dunggan.",Ambiance and Atmosphere,NEGATIVE,True,NEGATIVE,False,SYNTHETIC_GENERATION
Aesthetic Beans,2,coffee,"Bati ang temperature control, init pa sa gawas usahay.",Ambiance and Atmosphere,NEGATIVE,True,NEGATIVE,False,SYNTHETIC_GENERATION
Green Matcha PH,1,matcha,"Pangit ang lighting nila, murag naa sa peryahan sa sobrang dim.",Ambiance and Atmosphere,NEGATIVE,True,NEGATIVE,False,SYNTHETIC_GENERATION
The Glasshouse,1,coffee,"Puro porma lang jud, walay chill factor ang place.",Ambiance and Atmosphere,NEGATIVE,True,NEGATIVE,False,SYNTHETIC_GENERATION
Matcha Vibes,1,matcha,Walay kwenta ang aesthetic kung grabe ka alimuot.,Ambiance and Atmosphere,NEGATIVE,True,NEGATIVE,False,SYNTHETIC_GENERATION
Ecoland Cafe,1,coffee,"Dili man lami paminawon ilang playlist, murag pampatulog ra.",Ambiance and Atmosphere,NEGATIVE,True,NEGATIVE,False,SYNTHETIC_GENERATION
Matcha Loco,1,matcha,"Huot kaayo ang agianan, mag sige rag bangga ang mga tao.",Ambiance and Atmosphere,NEGATIVE,True,NEGATIVE,False,SYNTHETIC_GENERATION
Kape Dabaw,2,coffee,"Bad music choice, nakakawalang gana mag kape.",Ambiance and Atmosphere,NEGATIVE,True,NEGATIVE,False,SYNTHETIC_GENERATION
Ecoland Cafe,2,coffee,Dili conducive for online meetings kay banha ang background.,Ambiance and Atmosphere,NEGATIVE,True,NEGATIVE,False,SYNTHETIC_GENERATION
Matcha Loco,2,matcha,"Puro lang aesthetic pero alimuot kaayo sa sulod, way aircon.",Ambiance and Atmosphere,NEGATIVE,True,NEGATIVE,False,SYNTHETIC_GENERATION
Matcha Loco,1,matcha,"Too bright ang ilaw, sakit sa mata murag sa hospital.",Ambiance and Atmosphere,NEGATIVE,True,NEGATIVE,False,SYNTHETIC_GENERATION
Kape Dabaw,1,coffee,Dili relaxing kay ang mga tapad saba mag tabing.,Ambiance and Atmosphere,NEGATIVE,True,NEGATIVE,False,SYNTHETIC_GENERATION
Brewed Obrero,2,coffee,"Super init sa ilahang taas na part, wa nay hangin.",Ambiance and Atmosphere,NEGATIVE,True,NEGATIVE,False,SYNTHETIC_GENERATION
Aesthetic Cafe Davao,2,coffee,"Masyadong dikit-dikit ang tables, zero privacy jud kung mag tabi.",Ambiance and Atmosphere,NEGATIVE,True,NEGATIVE,False,SYNTHETIC_GENERATION
Kanto Brews,1,coffee,"Ga kiling-kiling ilang mga lamisa unya gahi kaayo ang mga lingkuranan. Piskot, sakit sa likod mag dugay.",Ambiance and Atmosphere,NEGATIVE,True,NEGATIVE,False,SYNTHETIC_GENERATION
Matcha Vibes,1,matcha,"Dili chill ang ambiance, pirmi nagdali ang mga tao.",Ambiance and Atmosphere,NEGATIVE,True,NEGATIVE,False,SYNTHETIC_GENERATION
Ecoland Cafe,1,coffee,Vibe check failed. Trying hard ra kaayo na aesthetic unya hugaw ang floor.,Ambiance and Atmosphere,NEGATIVE,True,NEGATIVE,False,SYNTHETIC_GENERATION
Kape Dabaw,2,coffee,"Bati ang airflow sa sulod, mag huot inyong mga ginhawa.",Ambiance and Atmosphere,NEGATIVE,True,NEGATIVE,False,SYNTHETIC_GENERATION
Poblacion Brews,2,coffee,"It's cramped, dark, and smells weird inside.",Ambiance and Atmosphere,NEGATIVE,True,NEGATIVE,False,SYNTHETIC_GENERATION
Matcha Point,1,matcha,Saba ang mga istudyante na naga dula og cards sa pikas table.,Ambiance and Atmosphere,NEGATIVE,True,NEGATIVE,False,SYNTHETIC_GENERATION
Matcha Vibes,1,matcha,"Dili magkadimao ang ambiance nila, chaotic kaayo and noisy.",Ambiance and Atmosphere,NEGATIVE,True,NEGATIVE,False,SYNTHETIC_GENERATION
Vibes Cafe,1,coffee,"Di ko feel ang vibe nila, too loud and commercialized.",Ambiance and Atmosphere,NEGATIVE,True,NEGATIVE,False,SYNTHETIC_GENERATION
Matcha Vibes,2,matcha,Layo ra sa pictures. Pag abot nimo alimuot man diay.,Ambiance and Atmosphere,NEGATIVE,True,NEGATIVE,False,SYNTHETIC_GENERATION
The Glasshouse,2,coffee,"Wala juy hangin, daot ilang ac tapos puno og tao.",Ambiance and Atmosphere,NEGATIVE,True,NEGATIVE,False,SYNTHETIC_GENERATION
Brewed Obrero,2,coffee,Puro aesthetic pero fail sa comfort and temperature.,Ambiance and Atmosphere,NEGATIVE,True,NEGATIVE,False,SYNTHETIC_GENERATION
The Glasshouse,2,coffee,"Bati ang ilang seats, sakit sa likod if mag dugay.",Ambiance and Atmosphere,NEGATIVE,True,NEGATIVE,False,SYNTHETIC_GENERATION
Matcha Loco,1,matcha,Trying hard to be cozy pero cramped and noisy in reality.,Ambiance and Atmosphere,NEGATIVE,True,NEGATIVE,False,SYNTHETIC_GENERATION
Matcha Loco,1,matcha,"Grabe ka init sa sulod, nag tipid siguro sa aircon ang tag-iya.",Ambiance and Atmosphere,NEGATIVE,True,NEGATIVE,False,SYNTHETIC_GENERATION
Matcha Point,1,matcha,"Wala juy proper ventilation, init ug kulob ang feeling.",Ambiance and Atmosphere,NEGATIVE,True,NEGATIVE,False,SYNTHETIC_GENERATION
Poblacion Roasters,1,coffee,"Grabe ka igang sa ilaha, nag tipid siguro sa kuryente kay sington ta maski nag iced na. Init kaayo.",Ambiance and Atmosphere,NEGATIVE,True,NEGATIVE,False,SYNTHETIC_GENERATION
Aesthetic Beans,2,coffee,"Puro aesthetic ra ni, dili conducive for remote work gyud.",Ambiance and Atmosphere,NEGATIVE,True,NEGATIVE,False,SYNTHETIC_GENERATION
Poblacion Brews,2,coffee,"Puro aesthetic, walay hangin. Mag mantika gyud imong face.",Ambiance and Atmosphere,NEGATIVE,True,NEGATIVE,False,SYNTHETIC_GENERATION
Brewed Obrero,2,coffee,"Alingugngug kaayo, murag palengke ang kabanha sa mga tao.",Ambiance and Atmosphere,NEGATIVE,True,NEGATIVE,False,SYNTHETIC_GENERATION
Vibes Cafe,1,coffee,"Di masabtan ang music, saba kaayo sa dalunggan.",Ambiance and Atmosphere,NEGATIVE,True,NEGATIVE,False,SYNTHETIC_GENERATION
Matcha Vibes,1,matcha,"Medyo baho ang ilahang sofa, murag wa na limpyuhi.",Ambiance and Atmosphere,NEGATIVE,True,NEGATIVE,False,SYNTHETIC_GENERATION
Aesthetic Beans,1,coffee,"Another overpriced ""aesthetic"" coffee shop na bati og vibe.",Ambiance and Atmosphere,NEGATIVE,True,NEGATIVE,False,SYNTHETIC_GENERATION
Kape Dabaw,2,coffee,Sakit sa ilong ang amoy sa ilang CR na open ra.,Ambiance and Atmosphere,NEGATIVE,True,NEGATIVE,False,SYNTHETIC_GENERATION
Ecoland Cafe,1,coffee,The vibe is too chaotic for a supposedly chill cafe.,Ambiance and Atmosphere,NEGATIVE,True,NEGATIVE,False,SYNTHETIC_GENERATION
Aesthetic Beans,1,coffee,"Gahi kaayo ilang mga bangko, dili madalag dugay na lingkod.",Ambiance and Atmosphere,NEGATIVE,True,NEGATIVE,False,SYNTHETIC_GENERATION
Aesthetic Beans,2,coffee,Puro aesthetic pero murag sauna ang kainit sa sulod!,Ambiance and Atmosphere,NEGATIVE,True,NEGATIVE,False,SYNTHETIC_GENERATION
Matcha Vibes,1,matcha,"Saba kaayo maghugas og plato mga staff, madunggan sa area.",Ambiance and Atmosphere,NEGATIVE,True,NEGATIVE,False,SYNTHETIC_GENERATION
Vibes Cafe,1,coffee,Saba kay ga dungan ang music ug ang saba sa mga tao.,Ambiance and Atmosphere,NEGATIVE,True,NEGATIVE,False,SYNTHETIC_GENERATION
Matcha Loco,1,matcha,"Suffocating kay puno always ang venue, walay exhaust fan.",Ambiance and Atmosphere,NEGATIVE,True,NEGATIVE,False,SYNTHETIC_GENERATION
The Glasshouse,2,coffee,"Very unwelcoming atmosphere, parang gusto ka nila papahawaon dayon.",Ambiance and Atmosphere,NEGATIVE,True,NEGATIVE,False,SYNTHETIC_GENERATION
Ecoland Cafe,1,coffee,"The chairs are too hard, murag di ka pa stayhon.",Ambiance and Atmosphere,NEGATIVE,True,NEGATIVE,False,SYNTHETIC_GENERATION
Matcha Point,1,matcha,"Alingugngug kaayo ang ilang kapehan, not recommended for focusing.",Ambiance and Atmosphere,NEGATIVE,True,NEGATIVE,False,SYNTHETIC_GENERATION
Brewed Obrero,2,coffee,"Puro ra porma, pwerte rabang inita sa ilang lounge area.",Ambiance and Atmosphere,NEGATIVE,True,NEGATIVE,False,SYNTHETIC_GENERATION
Toril Brews,1,coffee,"Super crowded na, wala nay breathing room sa sulod.",Ambiance and Atmosphere,NEGATIVE,True,NEGATIVE,False,SYNTHETIC_GENERATION
Poblacion Brews,2,coffee,"It’s too dark to even read my notes, sayang lang.",Ambiance and Atmosphere,NEGATIVE,True,NEGATIVE,False,SYNTHETIC_GENERATION
Ecoland Cafe,1,coffee,"Alimuot kaayo, daot siguro ilang isa ka aircon.",Ambiance and Atmosphere,NEGATIVE,True,NEGATIVE,False,SYNTHETIC_GENERATION
Matcha Masa,2,matcha,"Sakit sa mata ilang suga, murag operating room sa clinic. Dili man lang i-adjust aron relaxing ang palibot.",Ambiance and Atmosphere,NEGATIVE,True,NEGATIVE,False,SYNTHETIC_GENERATION
Matcha Point,1,matcha,"Di ko kasabot sa ambiance nila, puro gubot.",Ambiance and Atmosphere,NEGATIVE,True,NEGATIVE,False,SYNTHETIC_GENERATION
Ecoland Cafe,1,coffee,Pangit ang vibe kay ga share kag table sa sobra ka huot.,Ambiance and Atmosphere,NEGATIVE,True,NEGATIVE,False,SYNTHETIC_GENERATION
Brewed Obrero,2,coffee,"Kusog kaayo ilahang music, wa na tay peace of mind.",Ambiance and Atmosphere,NEGATIVE,True,NEGATIVE,False,SYNTHETIC_GENERATION
Vibes Cafe,1,coffee,Saba ang nag dula ug mobile legends sa pikas table.,Ambiance and Atmosphere,NEGATIVE,True,NEGATIVE,False,SYNTHETIC_GENERATION
Aesthetic Beans,2,coffee,"Saba ang kalsada and open air sila, walay peace of mind.",Ambiance and Atmosphere,NEGATIVE,True,NEGATIVE,False,SYNTHETIC_GENERATION
Matcha Vibes,1,matcha,"Bati ilang playlist, maka wala og gana mag stay.",Ambiance and Atmosphere,NEGATIVE,True,NEGATIVE,False,SYNTHETIC_GENERATION
Ecoland Cafe,1,coffee,PURO PA AESTHETIC pero baho man og abog sa sulod.,Ambiance and Atmosphere,NEGATIVE,True,NEGATIVE,False,SYNTHETIC_GENERATION
Kape Dabaw,2,coffee,"Too crowded and noisy, dili ko mubalik diria.",Ambiance and Atmosphere,NEGATIVE,True,NEGATIVE,False,SYNTHETIC_GENERATION
Matcha Loco,2,matcha,"Overcrowded permi, feeling nako nasa merkado ko imbis na cafe.",Ambiance and Atmosphere,NEGATIVE,True,NEGATIVE,False,SYNTHETIC_GENERATION
Matcha Vibes,1,matcha,"Init kaayo ilang pwesto sa hapon, walay shade.",Ambiance and Atmosphere,NEGATIVE,True,NEGATIVE,False,SYNTHETIC_GENERATION
Kape Dabawenyo,1,coffee,"Baho og kanal ang gawas, tapos ang sulod kay murag kulob na basahan. Maka-turn off jud mag tambay diri.",Ambiance and Atmosphere,NEGATIVE,True,NEGATIVE,False,SYNTHETIC_GENERATION
Poblacion Brews,2,coffee,"Di work-friendly ilang setup, saba tapos gamay ra ang tables.",Ambiance and Atmosphere,NEGATIVE,True,NEGATIVE,False,SYNTHETIC_GENERATION
Matcha Point,1,matcha,"Di nako bet ang vibe, grabe ka banha and disorganized.",Ambiance and Atmosphere,NEGATIVE,True,NEGATIVE,False,SYNTHETIC_GENERATION
Luntiang Dahon,2,matcha,Sobra ka huot ang pwesto tapos grabe maka-shagit ang pikas table. Dili gyud ko maka-focus sa akong pag-study.,Ambiance and Atmosphere,NEGATIVE,True,NEGATIVE,False,SYNTHETIC_GENERATION
Aesthetic Beans,2,coffee,"Nag tipid man siguro sila sa aircon, pamalhas ko sa sulod.",Ambiance and Atmosphere,NEGATIVE,True,NEGATIVE,False,SYNTHETIC_GENERATION
Matcha Point,1,matcha,Way lami itambay kay ang alimuot sa ilang second floor.,Ambiance and Atmosphere,NEGATIVE,True,NEGATIVE,False,SYNTHETIC_GENERATION
Ecoland Cafe,1,coffee,"It felt cramped and unwelcoming, sayang ang bayad.",Ambiance and Atmosphere,NEGATIVE,True,NEGATIVE,False,SYNTHETIC_GENERATION
The Glasshouse,2,coffee,"Grabe kabanha ang kalsada sa gawas, madungog hangtud sulod.",Ambiance and Atmosphere,NEGATIVE,True,NEGATIVE,False,SYNTHETIC_GENERATION
Matcha Loco,1,matcha,"Maka labad sa ulo ilang music, kusog ra jud.",Ambiance and Atmosphere,NEGATIVE,True,NEGATIVE,False,SYNTHETIC_GENERATION
Matcha Vibes,1,matcha,"Baho og pintura ang sulod, nakakalipong ang smell.",Ambiance and Atmosphere,NEGATIVE,True,NEGATIVE,False,SYNTHETIC_GENERATION
Matcha Loco,1,matcha,Aesthetic lang sa IG pero the place is loud and chaotic.,Ambiance and Atmosphere,NEGATIVE,True,NEGATIVE,False,SYNTHETIC_GENERATION
Poblacion Brews,1,coffee,Super saba sa gawas unya bati pag soundproofing sa shop.,Ambiance and Atmosphere,NEGATIVE,True,NEGATIVE,False,SYNTHETIC_GENERATION
Vibes Cafe,1,coffee,Alimuot kaayo kay sigeg abli-sira ang ilang main door.,Ambiance and Atmosphere,NEGATIVE,True,NEGATIVE,False,SYNTHETIC_GENERATION
Kape Dabaw,2,coffee,I-improve unta nila ang lighting kay ngitngit jud kaayo.,Ambiance and Atmosphere,NEGATIVE,True,NEGATIVE,False,SYNTHETIC_GENERATION
Kape Dabaw,2,coffee,Not an ideal place to chill kay super alingugngug.,Ambiance and Atmosphere,NEGATIVE,True,NEGATIVE,False,SYNTHETIC_GENERATION
Vibes Cafe,1,coffee,"Saba kaayo ang mga tapad, walay etiquette.",Ambiance and Atmosphere,NEGATIVE,True,NEGATIVE,False,SYNTHETIC_GENERATION
Poblacion Brews,2,coffee,"Guba ilang suga ga flicker-flicker, sakit sa mata mag tuon.",Ambiance and Atmosphere,NEGATIVE,True,NEGATIVE,False,SYNTHETIC_GENERATION
Brewed Obrero,2,coffee,"Ang baho sa gawas musulod, makawala sa kape vibe.",Ambiance and Atmosphere,NEGATIVE,True,NEGATIVE,False,SYNTHETIC_GENERATION
Matcha Loco,1,matcha,So crowded that you can't even have a quiet conversation.,Ambiance and Atmosphere,NEGATIVE,True,NEGATIVE,False,SYNTHETIC_GENERATION
Aesthetic Beans,2,coffee,"Overwhelming kaayo ang amoy sa ilang cleaning chemicals, sakit sa ilong.",Ambiance and Atmosphere,NEGATIVE,True,NEGATIVE,False,SYNTHETIC_GENERATION
Cafe Cino,1,coffee,Hurot na daw ilang tubig sa CR. No flush!,Facilities and Amenities,NEGATIVE,True,NEGATIVE,False,SYNTHETIC_GENERATION
Matcha Craze,1,matcha,Dili pwede mag connect sa wifi ang more than 1 device.,Facilities and Amenities,NEGATIVE,True,NEGATIVE,False,SYNTHETIC_GENERATION
Brew Stop,2,coffee,Hina ang aircon. Singot kaayo ko nag inom ug kape.,Facilities and Amenities,NEGATIVE,True,NEGATIVE,False,SYNTHETIC_GENERATION
Local Beans,1,coffee,"Super dirty ng wash area, may mga tirang food.",Facilities and Amenities,NEGATIVE,True,NEGATIVE,False,SYNTHETIC_GENERATION
Minku Matcha,1,matcha,Sira ang flush sa comfort room nila. Yikes.,Facilities and Amenities,NEGATIVE,True,NEGATIVE,False,SYNTHETIC_GENERATION
Matcha Vibes,2,matcha,Walay tissue sa CR tapos baho pa jud.,Facilities and Amenities,NEGATIVE,True,NEGATIVE,False,SYNTHETIC_GENERATION
Leaf & Bean,1,matcha,"Luod ilang CR, walay hand soap and water is very hina.",Facilities and Amenities,NEGATIVE,True,NEGATIVE,False,SYNTHETIC_GENERATION
Morning Brew,1,coffee,No wifi. No data signal. Pano kami mag chat?,Facilities and Amenities,NEGATIVE,True,NEGATIVE,False,SYNTHETIC_GENERATION
Espresso Dvo,1,coffee,"Baho ilong sa sulod, walay exhaust ang ilang kitchen.",Facilities and Amenities,NEGATIVE,True,NEGATIVE,False,SYNTHETIC_GENERATION
Matcha Mix,1,matcha,Wala man lay basurahan sa gawas for the tissues.,Facilities and Amenities,NEGATIVE,True,NEGATIVE,False,SYNTHETIC_GENERATION
Kape Express,1,coffee,Wala silay paki kung walay tubig sa CR. So bad.,Facilities and Amenities,NEGATIVE,True,NEGATIVE,False,SYNTHETIC_GENERATION
Matcha Cafe,1,matcha,Basag na ilang mga plates and cups. Not presentable.,Facilities and Amenities,NEGATIVE,True,NEGATIVE,False,SYNTHETIC_GENERATION
The Beanery,2,coffee,Slowest wifi sa whole Davao. Dili maka play ug video.,Facilities and Amenities,NEGATIVE,True,NEGATIVE,False,SYNTHETIC_GENERATION
Matcha Room,1,matcha,Nag brownout tapos wala silay generator. Init kaayo.,Facilities and Amenities,NEGATIVE,True,NEGATIVE,False,SYNTHETIC_GENERATION
Street Brew,2,coffee,Wa juy parking. Gi ticketan tuloy akong sakyanan sa gawas.,Facilities and Amenities,NEGATIVE,True,NEGATIVE,False,SYNTHETIC_GENERATION
Matcha Daily,2,matcha,"The table we got was wobbly, natapon tuloy kape ko.",Facilities and Amenities,NEGATIVE,True,NEGATIVE,False,SYNTHETIC_GENERATION
Brew Davao,1,coffee,"Guba ilang aircon, init kaayo sa sulod murag oven.",Facilities and Amenities,NEGATIVE,True,NEGATIVE,False,SYNTHETIC_GENERATION
Brewery Dvo,1,coffee,Init pa sa impyerno ilang al fresco. Walay fans jud.,Facilities and Amenities,NEGATIVE,True,NEGATIVE,False,SYNTHETIC_GENERATION
Kape Bar,1,coffee,Limited ra ang sockets nila. Mag ilog pa ang customers.,Facilities and Amenities,NEGATIVE,True,NEGATIVE,False,SYNTHETIC_GENERATION
Cafe Tres,2,coffee,"Guba ang door knob sa CR, makulbaan ka ma lock-in.",Facilities and Amenities,NEGATIVE,True,NEGATIVE,False,SYNTHETIC_GENERATION
Matcha Hub,1,matcha,"Only one comfort room for all customers, grabe ang pila.",Facilities and Amenities,NEGATIVE,True,NEGATIVE,False,SYNTHETIC_GENERATION
Davao Cafe,2,coffee,"Dami lamok sa al fresco area nila, walay fan man lang.",Facilities and Amenities,NEGATIVE,True,NEGATIVE,False,SYNTHETIC_GENERATION
Kape Sikat,1,coffee,Walay mirror sa CR ug ngitngit kaayo ang suga.,Facilities and Amenities,NEGATIVE,True,NEGATIVE,False,SYNTHETIC_GENERATION
Daily Brew,1,coffee,"Sakit sa likod ilang mga bangko, not for long hours.",Facilities and Amenities,NEGATIVE,True,NEGATIVE,False,SYNTHETIC_GENERATION
Green Tea Hub,2,matcha,Di nagana ang outlet na gi assign sa amoa.,Facilities and Amenities,NEGATIVE,True,NEGATIVE,False,SYNTHETIC_GENERATION
Matcha Place,1,matcha,Only 2 parking slots. Nag park ko sa pikas kanto.,Facilities and Amenities,NEGATIVE,True,NEGATIVE,False,SYNTHETIC_GENERATION
Matcha Lab,2,matcha,"Medyo hugaw ang floor, daghan pa tissue nag kalat.",Facilities and Amenities,NEGATIVE,True,NEGATIVE,False,SYNTHETIC_GENERATION
Matcha Lounge,1,matcha,"Mga chairs nila naay rust, maka guba ug sanina.",Facilities and Amenities,NEGATIVE,True,NEGATIVE,False,SYNTHETIC_GENERATION
Kape Tayo,2,coffee,"Sira yung isang toilet, tapos ang dumi pa ng isa.",Facilities and Amenities,NEGATIVE,True,NEGATIVE,False,SYNTHETIC_GENERATION
Matcha Box,1,matcha,Tulo tulo ang atop pag ulan. Nabasa among laptops.,Facilities and Amenities,NEGATIVE,True,NEGATIVE,False,SYNTHETIC_GENERATION
Matcha Factory,1,matcha,No designated smoking area so the smoke goes inside.,Facilities and Amenities,NEGATIVE,True,NEGATIVE,False,SYNTHETIC_GENERATION
Brewers Hub,1,coffee,The aircon is dripping water sa among table.,Facilities and Amenities,NEGATIVE,True,NEGATIVE,False,SYNTHETIC_GENERATION
Cafe Uno,2,coffee,"Super init sa second floor, di keri mag stay dugay.",Facilities and Amenities,NEGATIVE,True,NEGATIVE,False,SYNTHETIC_GENERATION
Kape Diaries,1,coffee,"Hugaw ang tables, dili gina tarong ug limpyo sa staff.",Facilities and Amenities,NEGATIVE,True,NEGATIVE,False,SYNTHETIC_GENERATION
Kape Hub,2,coffee,Walay paper towel or anything to dry hands sa CR.,Facilities and Amenities,NEGATIVE,True,NEGATIVE,False,SYNTHETIC_GENERATION
Matcha Club,2,matcha,"Walay ilaw sa ilang parking lot, medyo scary sa gabi.",Facilities and Amenities,NEGATIVE,True,NEGATIVE,False,SYNTHETIC_GENERATION
Green Leaf,2,matcha,Daming langaw sa pwesto namin. Very unhygienic tignan.,Facilities and Amenities,NEGATIVE,True,NEGATIVE,False,SYNTHETIC_GENERATION
Brew City,1,coffee,"Guba tung isa ka aircon, tiis ganda sa kainit.",Facilities and Amenities,NEGATIVE,True,NEGATIVE,False,SYNTHETIC_GENERATION
Tea & Matcha,1,matcha,Ilang wifi naay password pero di ginahatag kung di mangayo.,Facilities and Amenities,NEGATIVE,True,NEGATIVE,False,SYNTHETIC_GENERATION
Matcha Sip,2,matcha,"Aircon nila gadala ug abog, hugaw guro ang filter.",Facilities and Amenities,NEGATIVE,True,NEGATIVE,False,SYNTHETIC_GENERATION
Kape Juan,2,coffee,"Super slow wifi connection, nag data na lang ko.",Facilities and Amenities,NEGATIVE,True,NEGATIVE,False,SYNTHETIC_GENERATION
Poblacion Kape,2,coffee,"Grabe kagamay sa space, sikit sikit kaayo ang mga tables.",Facilities and Amenities,NEGATIVE,True,NEGATIVE,False,SYNTHETIC_GENERATION
Cafe Quatro,1,coffee,Medyo crowded tapos walay harang ang tables. No privacy.,Facilities and Amenities,NEGATIVE,True,NEGATIVE,False,SYNTHETIC_GENERATION
Coffee Project Dvo,2,coffee,Ang init sa pwesto nila kay naka atubang sa adlaw.,Facilities and Amenities,NEGATIVE,True,NEGATIVE,False,SYNTHETIC_GENERATION
Kape Davao,1,coffee,"Super baho ng CR nila, amoy kanal.",Facilities and Amenities,NEGATIVE,True,NEGATIVE,False,SYNTHETIC_GENERATION
Matcha Corner,2,matcha,"Init kaayo, walay aircon. Not recommended for studying.",Facilities and Amenities,NEGATIVE,True,NEGATIVE,False,SYNTHETIC_GENERATION
Kape Ora,2,coffee,Baho ug ihi ang palibot sa CR nila. Walay naglimpyo.,Facilities and Amenities,NEGATIVE,True,NEGATIVE,False,SYNTHETIC_GENERATION
Green Sip,2,matcha,"Hinay kaayo ang wifi, di maka load ug basic na page.",Facilities and Amenities,NEGATIVE,True,NEGATIVE,False,SYNTHETIC_GENERATION
Kape Street,1,coffee,"Basa ang salog sa CR, delikado maka slide.",Facilities and Amenities,NEGATIVE,True,NEGATIVE,False,SYNTHETIC_GENERATION
Corner Kape,2,coffee,Baho og imburnal dapit sa amoang table. Sayang lang.,Facilities and Amenities,NEGATIVE,True,NEGATIVE,False,SYNTHETIC_GENERATION
Beanery Dvo,1,coffee,Wifi keeps disconnecting every 5 mins. Very frustrating.,Facilities and Amenities,NEGATIVE,True,NEGATIVE,False,SYNTHETIC_GENERATION
Green Drop,1,matcha,"Guba na ang cushion sa mga sofa, lubog na kaayo.",Facilities and Amenities,NEGATIVE,True,NEGATIVE,False,SYNTHETIC_GENERATION
Brew Space,2,coffee,"Di mu gana ilang wifi sa Mac, ambot ngano.",Facilities and Amenities,NEGATIVE,True,NEGATIVE,False,SYNTHETIC_GENERATION
Pure Matcha,1,matcha,"The chairs are made of metal, sakit kaayo sa lubot.",Facilities and Amenities,NEGATIVE,True,NEGATIVE,False,SYNTHETIC_GENERATION
Matcha House,1,matcha,"Mabaho ang CR, amoy ihi hanggang sa counter.",Facilities and Amenities,NEGATIVE,True,NEGATIVE,False,SYNTHETIC_GENERATION
Matcha Co.,1,matcha,"Alimoot kaayo sa ilang outdoor setup, walang electric fan.",Facilities and Amenities,NEGATIVE,True,NEGATIVE,False,SYNTHETIC_GENERATION
Matcha Station,2,matcha,Aircon is not cooling at all. Ga fan ra mi.,Facilities and Amenities,NEGATIVE,True,NEGATIVE,False,SYNTHETIC_GENERATION
Night Brew,1,coffee,Clogged ang sink sa ilang washroom. Luod kaayo.,Facilities and Amenities,NEGATIVE,True,NEGATIVE,False,SYNTHETIC_GENERATION
Zen Matcha,2,matcha,"Walay bidet sa ilang CR, no tissue also.",Facilities and Amenities,NEGATIVE,True,NEGATIVE,False,SYNTHETIC_GENERATION
Matina Brews,2,coffee,Poor ventilation. Amoy kape na sunog pag gawas nimo.,Facilities and Amenities,NEGATIVE,True,NEGATIVE,False,SYNTHETIC_GENERATION
Kape Natin,1,coffee,"Gamay ilang CR, mag lisod ka ug lihok sa sulod.",Facilities and Amenities,NEGATIVE,True,NEGATIVE,False,SYNTHETIC_GENERATION
Matcha Loft,1,matcha,"Puno ang basurahan sa CR, nag apaw na ang tissues.",Facilities and Amenities,NEGATIVE,True,NEGATIVE,False,SYNTHETIC_GENERATION
Matcha Base,1,matcha,"Guba ang mga saksakan, sunog pa yata ang isa.",Facilities and Amenities,NEGATIVE,True,NEGATIVE,False,SYNTHETIC_GENERATION
Matcha District,2,matcha,"Grabe ang aso from outside, wa nag work ilang door.",Facilities and Amenities,NEGATIVE,True,NEGATIVE,False,SYNTHETIC_GENERATION
Kape Kultura,2,coffee,Dikit dikit masyado ang tables. Rinig mo chika ng iba.,Facilities and Amenities,NEGATIVE,True,NEGATIVE,False,SYNTHETIC_GENERATION
Kape Vibe,1,coffee,Mga lamok dagko kaayo sa ilawom sa table.,Facilities and Amenities,NEGATIVE,True,NEGATIVE,False,SYNTHETIC_GENERATION
Kape Zone,1,coffee,They only allow 1 hour of wifi. Bitin kaayo.,Facilities and Amenities,NEGATIVE,True,NEGATIVE,False,SYNTHETIC_GENERATION
Matcha Dvo,1,matcha,No wifi available. Sabi sa page meron daw.,Facilities and Amenities,NEGATIVE,True,NEGATIVE,False,SYNTHETIC_GENERATION
The Matcha Co,2,matcha,"Dugyot ang al fresco, daghang upos sa sigarilyo sa sawg.",Facilities and Amenities,NEGATIVE,True,NEGATIVE,False,SYNTHETIC_GENERATION
Matcha Stand,1,matcha,Walay signal pag musulod ka sa cafe nila. Dead spot.,Facilities and Amenities,NEGATIVE,True,NEGATIVE,False,SYNTHETIC_GENERATION
Kape Lingo,1,coffee,We requested to wipe the table pero ang tagal.,Facilities and Amenities,NEGATIVE,True,NEGATIVE,False,SYNTHETIC_GENERATION
The Coffee Bar,2,coffee,Puno pirmi ilang parking space kay gamay ra kaayo.,Facilities and Amenities,NEGATIVE,True,NEGATIVE,False,SYNTHETIC_GENERATION
Urban Brew,1,coffee,Init ilang kape pero mas init ilang aircon. Sira ata.,Facilities and Amenities,NEGATIVE,True,NEGATIVE,False,SYNTHETIC_GENERATION
Matcha Stop,1,matcha,Init jud kaayo kay isa ra ang aircon na ga andar.,Facilities and Amenities,NEGATIVE,True,NEGATIVE,False,SYNTHETIC_GENERATION
Brew Brothers,2,coffee,Dili mag lock ang CR! I had to hold the door.,Facilities and Amenities,NEGATIVE,True,NEGATIVE,False,SYNTHETIC_GENERATION
Davao Beans,1,coffee,Naay langaw sa sulod kay guba ilang door closer.,Facilities and Amenities,NEGATIVE,True,NEGATIVE,False,SYNTHETIC_GENERATION
Matcha Fix,1,matcha,Dugyot ang toilet bowl. Wala jud gi maintain.,Facilities and Amenities,NEGATIVE,True,NEGATIVE,False,SYNTHETIC_GENERATION
Cafe Dos,1,coffee,"Patay patay ang wifi, makasapot mag tuon diri.",Facilities and Amenities,NEGATIVE,True,NEGATIVE,False,SYNTHETIC_GENERATION
Matcha Blend,1,matcha,"The outdoor tables are dusty, murag wala gi trapohan.",Facilities and Amenities,NEGATIVE,True,NEGATIVE,False,SYNTHETIC_GENERATION
Green Whisk,1,matcha,"Hugaw kaayo ilang lababo tapos wala pay hand soap. Guba pa gyud ang gripo, isa-isa ang tulo sa tubig.",Facilities and Amenities,NEGATIVE,True,NEGATIVE,False,SYNTHETIC_GENERATION
Matcha Haven,1,matcha,"Guba ilang mga chairs, medyo wobbly and delikado.",Facilities and Amenities,NEGATIVE,True,NEGATIVE,False,SYNTHETIC_GENERATION
Matcha Brew,2,matcha,"Ngitngit ang cafe, sakit sa mata mag basa.",Facilities and Amenities,NEGATIVE,True,NEGATIVE,False,SYNTHETIC_GENERATION
City Brew,1,coffee,They only have 1 socket sa whole cafe. Hassle kaayo.,Facilities and Amenities,NEGATIVE,True,NEGATIVE,False,SYNTHETIC_GENERATION
Matcha Mood,2,matcha,"Amoy damp ang sulod sa shop, parang kulob.",Facilities and Amenities,NEGATIVE,True,NEGATIVE,False,SYNTHETIC_GENERATION
Matcha Works,1,matcha,You have to pay extra for the wifi voucher. Scam.,Facilities and Amenities,NEGATIVE,True,NEGATIVE,False,SYNTHETIC_GENERATION
Kape Hapon,1,coffee,"Walay tabo or bidet sa CR, mag unsa man mi?",Facilities and Amenities,NEGATIVE,True,NEGATIVE,False,SYNTHETIC_GENERATION
Mug & Bean,1,coffee,No sockets on most tables. Dili pwede mag work.,Facilities and Amenities,NEGATIVE,True,NEGATIVE,False,SYNTHETIC_GENERATION
Matcha Central,1,matcha,Their sockets are broken. Di nag charge phone ko.,Facilities and Amenities,NEGATIVE,True,NEGATIVE,False,SYNTHETIC_GENERATION
Kape Lokal,1,coffee,Bawal mag charge sa laptop. Unsaon pag work ani?,Facilities and Amenities,NEGATIVE,True,NEGATIVE,False,SYNTHETIC_GENERATION
Zen Tea,1,matcha,"Walay signal sa sulod, unya wala pajuy wifi na tarong.",Facilities and Amenities,NEGATIVE,True,NEGATIVE,False,SYNTHETIC_GENERATION
South Beans,1,coffee,Hurot na daw ang wifi voucher. Sayang lang among pag adto.,Facilities and Amenities,NEGATIVE,True,NEGATIVE,False,SYNTHETIC_GENERATION
Obrero Beans,1,coffee,No parking at all. Had to park 2 blocks away.,Facilities and Amenities,NEGATIVE,True,NEGATIVE,False,SYNTHETIC_GENERATION
Matcha Studio,1,matcha,Guba ang hand dryer tapos wala puy paper towels.,Facilities and Amenities,NEGATIVE,True,NEGATIVE,False,SYNTHETIC_GENERATION
Cafe Agdao,2,coffee,Expensive tapos ang liit ng serving ng food.,Price and Value,NEGATIVE,True,NEGATIVE,False,SYNTHETIC_GENERATION
Davao Kape,1,coffee,"Sayang lang akong gi bayad, super overpriced!",Price and Value,NEGATIVE,True,NEGATIVE,False,SYNTHETIC_GENERATION
Matcha Matina,2,matcha,The matcha is good pero the price is completely unjustified.,Price and Value,NEGATIVE,True,NEGATIVE,False,SYNTHETIC_GENERATION
Davao Kape,2,coffee,Dili ko ganahan kay expensive ra kaayo for me.,Price and Value,NEGATIVE,True,NEGATIVE,False,SYNTHETIC_GENERATION
Matcha Matina,1,matcha,Mahal ilang drinks unya murag asukal ra tanan.,Price and Value,NEGATIVE,True,NEGATIVE,False,SYNTHETIC_GENERATION
Lanang Matcha House,2,matcha,"Ang mahal ng matcha nila, di naman authentic ang lasa.",Price and Value,NEGATIVE,True,NEGATIVE,False,SYNTHETIC_GENERATION
Davao Kape,1,coffee,"Super mahal jud as in, kaloka ang presyo.",Price and Value,NEGATIVE,True,NEGATIVE,False,SYNTHETIC_GENERATION
Cafe Agdao,2,coffee,Masyadong pricey for a simple coffee and toast.,Price and Value,NEGATIVE,True,NEGATIVE,False,SYNTHETIC_GENERATION
Ecoland Coffee Co,1,coffee,Waste of money buying overpriced drinks here.,Price and Value,NEGATIVE,True,NEGATIVE,False,SYNTHETIC_GENERATION
Cafe Agdao,1,coffee,"Masyadong mahal, di naman special ang lasa.",Price and Value,NEGATIVE,True,NEGATIVE,False,SYNTHETIC_GENERATION
Davao Kape,1,coffee,Overpriced food and the coffee is just mediocre.,Price and Value,NEGATIVE,True,NEGATIVE,False,SYNTHETIC_GENERATION
Cafe Agdao,2,coffee,Dili practical ang price for a quick coffee break.,Price and Value,NEGATIVE,True,NEGATIVE,False,SYNTHETIC_GENERATION
Matcha Matina,2,matcha,200 pesos for this small cup? Grabe ka mahal.,Price and Value,NEGATIVE,True,NEGATIVE,False,SYNTHETIC_GENERATION
Davao Kape,2,coffee,"Overpriced siya, mapugos tag palit kay nag order na.",Price and Value,NEGATIVE,True,NEGATIVE,False,SYNTHETIC_GENERATION
Kape Obrero,1,coffee,Mahal na kaayo ilang drinks nag shrink pa ang cup.,Price and Value,NEGATIVE,True,NEGATIVE,False,SYNTHETIC_GENERATION
Buhangin Brew,1,coffee,"Mahal na gani, wa pajud lami ang pagka timpla.",Price and Value,NEGATIVE,True,NEGATIVE,False,SYNTHETIC_GENERATION
Ecoland Coffee Co,2,coffee,Overpriced pastries tapos uga na kaayo inig serve.,Price and Value,NEGATIVE,True,NEGATIVE,False,SYNTHETIC_GENERATION
Ecoland Coffee Co,1,coffee,Very expensive and the serving is ridiculously small.,Price and Value,NEGATIVE,True,NEGATIVE,False,SYNTHETIC_GENERATION
Buhangin Brew,2,coffee,"Food is expensive too, murag Manila rate na siya.",Price and Value,NEGATIVE,True,NEGATIVE,False,SYNTHETIC_GENERATION
Kape Obrero,1,coffee,Gamay ug cup tapos overpriced pa jud kaayo.,Price and Value,NEGATIVE,True,NEGATIVE,False,SYNTHETIC_GENERATION
Ecoland Coffee Co,2,coffee,"Mahal kaayo ilang food, dili pang student budget.",Price and Value,NEGATIVE,True,NEGATIVE,False,SYNTHETIC_GENERATION
Cafe Agdao,1,coffee,Di sya worth it for its price point.,Price and Value,NEGATIVE,True,NEGATIVE,False,SYNTHETIC_GENERATION
Roxas Beans,2,coffee,Sayang jud akong 250 pesos ani na drink.,Price and Value,NEGATIVE,True,NEGATIVE,False,SYNTHETIC_GENERATION
Ecoland Coffee Co,1,coffee,"Sayang kwarta, overpriced ra kaayo ilang kape.",Price and Value,NEGATIVE,True,NEGATIVE,False,SYNTHETIC_GENERATION
Matcha Vibe Davao,1,matcha,"Sus, pwerteng gamaya sa serving sa ilang pastry pero tag 250 pesos kapin! Gibitik ra man ta ani, layo ra sa menu pic.",Price and Value,NEGATIVE,True,NEGATIVE,False,SYNTHETIC_GENERATION
Roxas Beans,1,coffee,Jusko ang mahal ng kape tapos lasang tubig.,Price and Value,NEGATIVE,True,NEGATIVE,False,SYNTHETIC_GENERATION
Torres Brews,2,coffee,"Grabe ang patong sa presyo, di worth it.",Price and Value,NEGATIVE,True,NEGATIVE,False,SYNTHETIC_GENERATION
Roxas Beans,1,coffee,Not a good value for money jud.,Price and Value,NEGATIVE,True,NEGATIVE,False,SYNTHETIC_GENERATION
Lanang Matcha House,2,matcha,Paying 200+ for a meh matcha is not worth it.,Price and Value,NEGATIVE,True,NEGATIVE,False,SYNTHETIC_GENERATION
Ecoland Coffee Co,2,coffee,Dili reasonable ang price sa ila pastries and drinks.,Price and Value,NEGATIVE,True,NEGATIVE,False,SYNTHETIC_GENERATION
Torres Brews,2,coffee,Medyo pricey sya and dili makatarungan ang lasa.,Price and Value,NEGATIVE,True,NEGATIVE,False,SYNTHETIC_GENERATION
Lanang Matcha House,1,matcha,Di worth it i-spend akong kwarta dire.,Price and Value,NEGATIVE,True,NEGATIVE,False,SYNTHETIC_GENERATION
Matcha Matina,2,matcha,"Mahal kaayo, dili pang masa ang presyo.",Price and Value,NEGATIVE,True,NEGATIVE,False,SYNTHETIC_GENERATION
Buhangin Brew,2,coffee,Gamay ra ang cake slice para sa 150 pesos.,Price and Value,NEGATIVE,True,NEGATIVE,False,SYNTHETIC_GENERATION
Torres Brews,2,coffee,"Grabe kamahal, mura tag gikuhaan og kwarta sa bulsa.",Price and Value,NEGATIVE,True,NEGATIVE,False,SYNTHETIC_GENERATION
Kape Obrero,2,coffee,"Mahal kaayo siya, not ideal for daily coffee run.",Price and Value,NEGATIVE,True,NEGATIVE,False,SYNTHETIC_GENERATION
Roxas Beans,2,coffee,Gamay ra ang serving size for its price.,Price and Value,NEGATIVE,True,NEGATIVE,False,SYNTHETIC_GENERATION
Matcha Matina,1,matcha,"Overpriced jud siya, dili nako mubalik.",Price and Value,NEGATIVE,True,NEGATIVE,False,SYNTHETIC_GENERATION
Davao Kape,1,coffee,"Mahal ilang kape, way lami, sayang kwarta.",Price and Value,NEGATIVE,True,NEGATIVE,False,SYNTHETIC_GENERATION
Cafe Agdao,1,coffee,The prices are too steep for a local coffee shop.,Price and Value,NEGATIVE,True,NEGATIVE,False,SYNTHETIC_GENERATION
Ecoland Coffee Co,2,coffee,Gamay ug serving for a very expensive price tag.,Price and Value,NEGATIVE,True,NEGATIVE,False,SYNTHETIC_GENERATION
Kape Obrero,1,coffee,Mura mag ginto ang presyo sa ila drinks.,Price and Value,NEGATIVE,True,NEGATIVE,False,SYNTHETIC_GENERATION
Matcha Matina,1,matcha,Overpriced matcha drinks that taste like pure milk.,Price and Value,NEGATIVE,True,NEGATIVE,False,SYNTHETIC_GENERATION
Ecoland Coffee Co,1,coffee,They charge too much for basic iced coffee.,Price and Value,NEGATIVE,True,NEGATIVE,False,SYNTHETIC_GENERATION
Buhangin Brew,1,coffee,Overpriced kaayo ilang cakes tapos dry na.,Price and Value,NEGATIVE,True,NEGATIVE,False,SYNTHETIC_GENERATION
Lanang Matcha House,1,matcha,I feel like it's overpriced for a simple matcha latte.,Price and Value,NEGATIVE,True,NEGATIVE,False,SYNTHETIC_GENERATION
Lanang Matcha House,2,matcha,Price is too high for a normal tasting matcha.,Price and Value,NEGATIVE,True,NEGATIVE,False,SYNTHETIC_GENERATION
Torres Brews,1,coffee,Prices are exorbitant for such a small serving.,Price and Value,NEGATIVE,True,NEGATIVE,False,SYNTHETIC_GENERATION
Lanang Matcha House,1,matcha,Sayang ang kwarta dili worth it ilang food.,Price and Value,NEGATIVE,True,NEGATIVE,False,SYNTHETIC_GENERATION
Matcha Matina,2,matcha,Very small serving for an expensive matcha drink.,Price and Value,NEGATIVE,True,NEGATIVE,False,SYNTHETIC_GENERATION
Torres Brews,1,coffee,Super pricey tapos dili sad kaayo lami ila drinks.,Price and Value,NEGATIVE,True,NEGATIVE,False,SYNTHETIC_GENERATION
Lanang Matcha House,1,matcha,Mahal kaayo ang matcha nila compared sa uban.,Price and Value,NEGATIVE,True,NEGATIVE,False,SYNTHETIC_GENERATION
Roxas Beans,1,coffee,"Dili worth it, I'd rather buy coffee somewhere else.",Price and Value,NEGATIVE,True,NEGATIVE,False,SYNTHETIC_GENERATION
Kape Obrero,2,coffee,Gamay ra kaayo ang food for its expensive price.,Price and Value,NEGATIVE,True,NEGATIVE,False,SYNTHETIC_GENERATION
Buhangin Brew,1,coffee,"Kamahal sa kape, dili reasonable ang ilang pricing.",Price and Value,NEGATIVE,True,NEGATIVE,False,SYNTHETIC_GENERATION
Ecoland Coffee Co,2,coffee,"Mahal jud sya, di makatarungan for a regular iced coffee.",Price and Value,NEGATIVE,True,NEGATIVE,False,SYNTHETIC_GENERATION
Torres Brews,1,coffee,The price is not justified by the taste and size.,Price and Value,NEGATIVE,True,NEGATIVE,False,SYNTHETIC_GENERATION
Silingan Coffee,2,coffee,"Kurat ko kay naa pay extra service fee sa resibo, unya self-serve man diay gihapon ta sa counter! Scammer moves.",Price and Value,NEGATIVE,True,NEGATIVE,False,SYNTHETIC_GENERATION
Lanang Matcha House,2,matcha,"Waste of money, mahal kaayo di man lami.",Price and Value,NEGATIVE,True,NEGATIVE,False,SYNTHETIC_GENERATION
Buhangin Brew,2,coffee,"Overpriced siya for me, daghan mas lami na cheaper.",Price and Value,NEGATIVE,True,NEGATIVE,False,SYNTHETIC_GENERATION
Matcha Matina,2,matcha,I love matcha pero this one is just plain overpriced.,Price and Value,NEGATIVE,True,NEGATIVE,False,SYNTHETIC_GENERATION
Cafe Agdao,1,coffee,Too pricey for mediocre coffee and pastries.,Price and Value,NEGATIVE,True,NEGATIVE,False,SYNTHETIC_GENERATION
Cafe Agdao,1,coffee,"Overpriced cafe, di jud worth it para sa mga students.",Price and Value,NEGATIVE,True,NEGATIVE,False,SYNTHETIC_GENERATION
Roxas Beans,2,coffee,"The drinks are severely overpriced, totally not recommended.",Price and Value,NEGATIVE,True,NEGATIVE,False,SYNTHETIC_GENERATION
Buhangin Brew,2,coffee,Overpriced and under-portioned food.,Price and Value,NEGATIVE,True,NEGATIVE,False,SYNTHETIC_GENERATION
Matcha Matina,1,matcha,Overpriced sya para sa gamay na serving ng matcha.,Price and Value,NEGATIVE,True,NEGATIVE,False,SYNTHETIC_GENERATION
Kape Obrero,2,coffee,Masyadong pricey ang menu nila compared sa uban cafe.,Price and Value,NEGATIVE,True,NEGATIVE,False,SYNTHETIC_GENERATION
Matcha Matina,1,matcha,The matcha is definitely overpriced for its quality.,Price and Value,NEGATIVE,True,NEGATIVE,False,SYNTHETIC_GENERATION
Cafe Agdao,2,coffee,"Masyadong mahal, pang mayaman lang siguro ni na kape.",Price and Value,NEGATIVE,True,NEGATIVE,False,SYNTHETIC_GENERATION
Buhangin Brew,1,coffee,"Way lami ang drinks, sayang ang mahal na bayad.",Price and Value,NEGATIVE,True,NEGATIVE,False,SYNTHETIC_GENERATION
Lanang Matcha House,1,matcha,Prices are absurdly high for Davao standards.,Price and Value,NEGATIVE,True,NEGATIVE,False,SYNTHETIC_GENERATION
Davao Kape,2,coffee,Dili ko mu-recommend kay mahal ra kaayo ilang food.,Price and Value,NEGATIVE,True,NEGATIVE,False,SYNTHETIC_GENERATION
Ecoland Coffee Co,1,coffee,"Sayang ang pera, ang mahal pa naman ng kape.",Price and Value,NEGATIVE,True,NEGATIVE,False,SYNTHETIC_GENERATION
Torres Brews,1,coffee,Mahal ra kaayo ila menu dili match sa quality.,Price and Value,NEGATIVE,True,NEGATIVE,False,SYNTHETIC_GENERATION
Buhangin Brew,2,coffee,Di makatarungan ang kamahal sa ila food and drinks.,Price and Value,NEGATIVE,True,NEGATIVE,False,SYNTHETIC_GENERATION
Davao Kape,2,coffee,Lami ang ambiance pero overpriced ra jud ang kape.,Price and Value,NEGATIVE,True,NEGATIVE,False,SYNTHETIC_GENERATION
Roxas Beans,2,coffee,Expensive kaayo ang kape tapos lasang 3-in-1.,Price and Value,NEGATIVE,True,NEGATIVE,False,SYNTHETIC_GENERATION
Davao Kape,1,coffee,Mura kog gikawatan sa kamahal sa ilang menu.,Price and Value,NEGATIVE,True,NEGATIVE,False,SYNTHETIC_GENERATION
Davao Kape,2,coffee,You're just paying for the vibe. Coffee is overpriced.,Price and Value,NEGATIVE,True,NEGATIVE,False,SYNTHETIC_GENERATION
Ecoland Coffee Co,2,coffee,Mahal kaayo ilang menu items compared to better cafes.,Price and Value,NEGATIVE,True,NEGATIVE,False,SYNTHETIC_GENERATION
Davao Kape,2,coffee,The drink feels overpriced for what it actually delivers.,Price and Value,NEGATIVE,True,NEGATIVE,False,SYNTHETIC_GENERATION
Kape Obrero,2,coffee,Super mahal niya for a local coffee shop.,Price and Value,NEGATIVE,True,NEGATIVE,False,SYNTHETIC_GENERATION
Torres Brews,2,coffee,Dili ko ganahan sa price kay overcharged ra kaayo.,Price and Value,NEGATIVE,True,NEGATIVE,False,SYNTHETIC_GENERATION
Cafe Agdao,1,coffee,Too expensive for a standard iced latte.,Price and Value,NEGATIVE,True,NEGATIVE,False,SYNTHETIC_GENERATION
Roxas Beans,2,coffee,"Too much ice, very little coffee for a high price.",Price and Value,NEGATIVE,True,NEGATIVE,False,SYNTHETIC_GENERATION
Torres Brews,2,coffee,They charge premium prices for below average coffee.,Price and Value,NEGATIVE,True,NEGATIVE,False,SYNTHETIC_GENERATION
Kape Obrero,2,coffee,"Mahal kaayo ang drinks, di worth it for the price.",Price and Value,NEGATIVE,True,NEGATIVE,False,SYNTHETIC_GENERATION
Kape Obrero,2,coffee,"Grabe ka overpriced, dili worth it dayuhon sa Obrero.",Price and Value,NEGATIVE,True,NEGATIVE,False,SYNTHETIC_GENERATION
Torres Brews,2,coffee,Dili makatarungan ilang presyo sa kape uy.,Price and Value,NEGATIVE,True,NEGATIVE,False,SYNTHETIC_GENERATION
Lanang Matcha House,1,matcha,I felt scammed by how expensive their matcha is.,Price and Value,NEGATIVE,True,NEGATIVE,False,SYNTHETIC_GENERATION
Torres Brews,2,coffee,Not worth the price jud ang kape nila dri.,Price and Value,NEGATIVE,True,NEGATIVE,False,SYNTHETIC_GENERATION
Matcha Matina,1,matcha,Grabe sad ka mahal ang matcha dre uy.,Price and Value,NEGATIVE,True,NEGATIVE,False,SYNTHETIC_GENERATION
Torres Brews,1,coffee,Overpriced tapos tagal pa i-serve. Di worth it.,Price and Value,NEGATIVE,True,NEGATIVE,False,SYNTHETIC_GENERATION
Buhangin Brew,1,coffee,Mahal masyado and di man lang masarap yung kape.,Price and Value,NEGATIVE,True,NEGATIVE,False,SYNTHETIC_GENERATION
Obrero Beans,1,coffee,"Pwerteng mahala sa ilang drinks pero murag 3-in-1 powder ra ang lasa. Hastang lugia nako, sayang lang kwarta.",Price and Value,NEGATIVE,True,NEGATIVE,False,SYNTHETIC_GENERATION
Roxas Beans,2,coffee,Mahal ra jud kaayo para sa ordinary na kape.,Price and Value,NEGATIVE,True,NEGATIVE,False,SYNTHETIC_GENERATION
Roxas Beans,1,coffee,Overpriced coffee tapos wala pay lami.,Price and Value,NEGATIVE,True,NEGATIVE,False,SYNTHETIC_GENERATION
Lanang Matcha House,1,matcha,"Kamahal ba sa inyong matcha, mura tag gitulis.",Price and Value,NEGATIVE,True,NEGATIVE,False,SYNTHETIC_GENERATION
Kape Obrero,2,coffee,"Overpriced menu, mas nindot pa mag brew sa balay.",Price and Value,NEGATIVE,True,NEGATIVE,False,SYNTHETIC_GENERATION
Torres Brews,2,coffee,They increased their prices but reduced the serving size.,Price and Value,NEGATIVE,True,NEGATIVE,False,SYNTHETIC_GENERATION
Ecoland Coffee Co,2,coffee,Unjustifiable ang presyo sa kape diri na shop.,Price and Value,NEGATIVE,True,NEGATIVE,False,SYNTHETIC_GENERATION
Kape Obrero,1,coffee,Dili sulit ang gibayad nako sa gamay na kape.,Price and Value,NEGATIVE,True,NEGATIVE,False,SYNTHETIC_GENERATION
Lanang Matcha House,2,matcha,Pricey for a matcha place in Davao City.,Price and Value,NEGATIVE,True,NEGATIVE,False,SYNTHETIC_GENERATION
Davao Kape,2,coffee,Di ko gets ngano mahal kaayo ilang kape.,Price and Value,NEGATIVE,True,NEGATIVE,False,SYNTHETIC_GENERATION
Torres Brews,1,coffee,"Overpriced ang drinks, mas lami pa ang 39ers.",Price and Value,NEGATIVE,True,NEGATIVE,False,SYNTHETIC_GENERATION
Buhangin Brew,2,coffee,"Mahal kaayo, dili ko mubalik dire na cafe.",Price and Value,NEGATIVE,True,NEGATIVE,False,SYNTHETIC_GENERATION
Cafe Agdao,1,coffee,"Mahal kaayo ilang sandwiches, gamay ra ang sulod.",Price and Value,NEGATIVE,True,NEGATIVE,False,SYNTHETIC_GENERATION
Matcha Matina,1,matcha,"Di ko malipay sa price nila, mahal ra jud.",Price and Value,NEGATIVE,True,NEGATIVE,False,SYNTHETIC_GENERATION
Roxas Beans,1,coffee,"Masyadong mahal yung kape, tapos puro yelo lang.",Price and Value,NEGATIVE,True,NEGATIVE,False,SYNTHETIC_GENERATION
Matcha Matina,2,matcha,Not worth the expensive price tag at all.,Price and Value,NEGATIVE,True,NEGATIVE,False,SYNTHETIC_GENERATION
Ecoland Coffee Co,1,coffee,Mahal kaayo ang food tapos ang gamay sa portion.,Price and Value,NEGATIVE,True,NEGATIVE,False,SYNTHETIC_GENERATION
Kape Obrero,1,coffee,"Mahal masyado, nakakawalang gana ang presyo.",Price and Value,NEGATIVE,True,NEGATIVE,False,SYNTHETIC_GENERATION
Bean Route Davao,1,coffee and matcha,"Walay proper waiting area, magtindog na lang mi outside sa init while naghulat.",Store Operations and Accessibility,NEGATIVE,True,NEGATIVE,False,SYNTHETIC_GENERATION
Ma-a Coffee Stop,1,matcha,Grabe ka lisod ma access ang loob kay naka barricade ang entrance due sa repair.,Store Operations and Accessibility,NEGATIVE,True,NEGATIVE,False,SYNTHETIC_GENERATION
Kape Lokal,2,matcha,Sobra ka lisod ma access ang building kay walay tricycle nga mag agi didto.,Store Operations and Accessibility,NEGATIVE,True,NEGATIVE,False,SYNTHETIC_GENERATION
Cafe Panabo Road,1,coffee,Sobra ka lisod ma locate ang entrance kay wala silay clear signage sa gawas.,Store Operations and Accessibility,NEGATIVE,True,NEGATIVE,False,SYNTHETIC_GENERATION
Cafe Sinabuyan,1,coffee and matcha,"Naa daw sila 24 hours pero nag close na sila alas 9pm, misinformation jud.",Store Operations and Accessibility,NEGATIVE,True,NEGATIVE,False,SYNTHETIC_GENERATION
Cafe Sinabuyan,2,matcha,"Lisod maka park kay one way lang ang dalan, mag circle circle pa ko.",Store Operations and Accessibility,NEGATIVE,True,NEGATIVE,False,SYNTHETIC_GENERATION
Buhangin Bean House,2,coffee,"Sobra ka lisod ang signal sa wifi bisan naa ka duol sa router, permi disconnect.",Store Operations and Accessibility,NEGATIVE,True,NEGATIVE,False,SYNTHETIC_GENERATION
Sagrada Coffee Nook,2,coffee and matcha,"Wala silay proper lighting sa parking area, delikado mag park pag gabii na.",Store Operations and Accessibility,NEGATIVE,True,NEGATIVE,False,SYNTHETIC_GENERATION
Bankerohan Brew,1,coffee,"Wala silay ramp o elevator, pure stairs lang gikan sa ground papunta sa second floor.",Store Operations and Accessibility,NEGATIVE,True,NEGATIVE,False,SYNTHETIC_GENERATION
Brew Society Davao,1,coffee,"Layo kaayo ang nearest jeepney stop, mag lakaw pa ka og pito ka minuto.",Store Operations and Accessibility,NEGATIVE,True,NEGATIVE,False,SYNTHETIC_GENERATION
Cafe Agdao,1,coffee,"Steep kaayo ang hagdan padulong sa 2nd floor, walay elevator para sa PWD.",Store Operations and Accessibility,NEGATIVE,True,NEGATIVE,False,SYNTHETIC_GENERATION
Roxas Ave Roastery,1,coffee,Sobra ka layo padulong sa pinaka duol nga public transport para sa store nga ni.,Store Operations and Accessibility,NEGATIVE,True,NEGATIVE,False,SYNTHETIC_GENERATION
Davao Doi Coffee,2,matcha,"Wala nay parking area since gi construction, sobra ka lisod mag park karon.",Store Operations and Accessibility,NEGATIVE,True,NEGATIVE,False,SYNTHETIC_GENERATION
Roxas Ave Roastery,2,matcha,"Naabot ko alas 3 tapos sarado na, sa Google Maps until 6pm man unta.",Store Operations and Accessibility,NEGATIVE,True,NEGATIVE,False,SYNTHETIC_GENERATION
Lanang Latte Bar,2,coffee and matcha,Grabe kalisod ang pag park sa evening kay walay light sa parking area.,Store Operations and Accessibility,NEGATIVE,True,NEGATIVE,False,SYNTHETIC_GENERATION
Cafe Malagos Roasters,2,coffee,Naay sign nga free parking pero pag adto nako naay charge na diay.,Store Operations and Accessibility,NEGATIVE,True,NEGATIVE,False,SYNTHETIC_GENERATION
Cafe Malagos Roasters,1,matcha,Grabe ka daghan mag order pero isa ra ka staff naka duty sa buong shift.,Store Operations and Accessibility,NEGATIVE,True,NEGATIVE,False,SYNTHETIC_GENERATION
Matcha Milk Bar,1,coffee and matcha,"Walay bisan unsang aircon nga gana, sobra ka init sulod bisan naay AC unit.",Store Operations and Accessibility,NEGATIVE,True,NEGATIVE,False,SYNTHETIC_GENERATION
Green Leaf Matcha Bar,2,coffee,"Wala silay parking guard, mag guess na lang ka kung safe ba ipark diri sakyanan.",Store Operations and Accessibility,NEGATIVE,True,NEGATIVE,False,SYNTHETIC_GENERATION
Kape Ihaw-Ihaw,1,coffee,"Naay isa lang ka toilet para sa buong store, sobra ka daghan naghulat.",Store Operations and Accessibility,NEGATIVE,True,NEGATIVE,False,SYNTHETIC_GENERATION
Kape Habagat,2,coffee,"Wala jud signage sa gawas, nasagpa mi og layo kay wala nakit-an ang entrance.",Store Operations and Accessibility,NEGATIVE,True,NEGATIVE,False,SYNTHETIC_GENERATION
Matcha Muna,2,coffee,Wala jud sila mag update sa holiday schedule nila sa social media.,Store Operations and Accessibility,NEGATIVE,True,NEGATIVE,False,SYNTHETIC_GENERATION
Kapehan sa Kalinaw,1,coffee,"Grabe ka layo sa main road, walay tricycle nga moadto direkta didto.",Store Operations and Accessibility,NEGATIVE,True,NEGATIVE,False,SYNTHETIC_GENERATION
Green Whisk Matcha House,1,coffee,Naay sign nga open 24/7 pero pag alas 11pm sarado na diay ang gate.,Store Operations and Accessibility,NEGATIVE,True,NEGATIVE,False,SYNTHETIC_GENERATION
Cafe Ilang-Ilang,2,matcha,Two hours ang byahe para lang makita nga closed diay for maintenance.,Store Operations and Accessibility,NEGATIVE,True,NEGATIVE,False,SYNTHETIC_GENERATION
Catalunan Cafe Stop,1,coffee and matcha,Grabe kalisod ang pag adto kay walay proper street light sa gawas panahon sa gabii.,Store Operations and Accessibility,NEGATIVE,True,NEGATIVE,False,SYNTHETIC_GENERATION
Cafe Agdao,2,coffee and matcha,"Sarado sila without notice, nakaabot ra mi para ma disappoint.",Store Operations and Accessibility,NEGATIVE,True,NEGATIVE,False,SYNTHETIC_GENERATION
Tugbok Brew House,1,coffee and matcha,"Sarado diay sila sa Sunday, wala pa jud updated sa Google Maps nila.",Store Operations and Accessibility,NEGATIVE,True,NEGATIVE,False,SYNTHETIC_GENERATION
Cafe Agdao,2,matcha,Naay app booking sila pero wala man diay ni sync sa actual availability.,Store Operations and Accessibility,NEGATIVE,True,NEGATIVE,False,SYNTHETIC_GENERATION
Brewpoint Davao,1,coffee and matcha,"Grabe ka gamay ang parking, isa lang ka sakyanan ang ka fit sa entire lot.",Store Operations and Accessibility,NEGATIVE,True,NEGATIVE,False,SYNTHETIC_GENERATION
Matcha Bar 88,1,coffee,"Sobra ka layo ang backup parking, mag lakaw pa ka og lima ka minuto sa main road.",Store Operations and Accessibility,NEGATIVE,True,NEGATIVE,False,SYNTHETIC_GENERATION
Catalunan Cafe Stop,1,coffee,Sobra ka init sa sulod kay naa lang isa ka aircon unit para sa buong store.,Store Operations and Accessibility,NEGATIVE,True,NEGATIVE,False,SYNTHETIC_GENERATION
Matcha Bar 88,1,matcha,"Sobra kadaghan tao, walay number system so kalibog kung sino nag una.",Store Operations and Accessibility,NEGATIVE,True,NEGATIVE,False,SYNTHETIC_GENERATION
Cafe Kadayawan,2,coffee,"Gi book namo ang table pero pag abot namo wala pa sila nag prepare, wait pa jud.",Store Operations and Accessibility,NEGATIVE,True,NEGATIVE,False,SYNTHETIC_GENERATION
Cafe Toril,1,coffee and matcha,"Wala silay signage sa parking, mag guess na lang ka kung asa allowed mo park.",Store Operations and Accessibility,NEGATIVE,True,NEGATIVE,False,SYNTHETIC_GENERATION
Matcha Mo Davao,1,coffee and matcha,"Wala silay elevator access, so kanang mga senior citizen kinahanglan mo hagdan gyud.",Store Operations and Accessibility,NEGATIVE,True,NEGATIVE,False,SYNTHETIC_GENERATION
Green Whisk Matcha House,1,coffee,"Grabe ka hirap hanapin, wala man gani nag stand out ang signage nila sa kadalanan.",Store Operations and Accessibility,NEGATIVE,True,NEGATIVE,False,SYNTHETIC_GENERATION
Brew & Bites Davao,1,matcha,"Sobra ka layo ang pinaka duol nga parking building, mag lakaw ka og upat minuto.",Store Operations and Accessibility,NEGATIVE,True,NEGATIVE,False,SYNTHETIC_GENERATION
Matina Matcha Lab,1,coffee,"Wala silay clear schedule, lahi lahi permi ang closing time depende sa staff.",Store Operations and Accessibility,NEGATIVE,True,NEGATIVE,False,SYNTHETIC_GENERATION
Green Whisk Matcha House,2,coffee and matcha,"Wala silay backup plan pag mag rain, mag sarado dayon sila kay atop leak.",Store Operations and Accessibility,NEGATIVE,True,NEGATIVE,False,SYNTHETIC_GENERATION
Kape Habagat,2,coffee,"Grabe ka layo padulong sa parking, kinahanglan mo tabok pa sa highway para makaabot.",Store Operations and Accessibility,NEGATIVE,True,NEGATIVE,False,SYNTHETIC_GENERATION
Kape Diwa Davao,2,coffee,Sobra kadugay ang paghulat kay staff shortage daw sila every weekend.,Store Operations and Accessibility,NEGATIVE,True,NEGATIVE,False,SYNTHETIC_GENERATION
Kopi Mindanao,1,matcha,"Naay sign nga open pero pag sulod nako wala diay tao, nag gukod pa ko sa staff.",Store Operations and Accessibility,NEGATIVE,True,NEGATIVE,False,SYNTHETIC_GENERATION
Buhangin Bean House,1,matcha,"Grabe ka sikip ang walkway papadulong sa loob, dili gani dalawa makalabang.",Store Operations and Accessibility,NEGATIVE,True,NEGATIVE,False,SYNTHETIC_GENERATION
Cafe Durian House,1,coffee and matcha,Naay sign nga bukas 24 hours pero pag alas 2am sarado na diay ang doors.,Store Operations and Accessibility,NEGATIVE,True,NEGATIVE,False,SYNTHETIC_GENERATION
Bean Route Davao,1,coffee and matcha,"Naay isa lang ka staff nga nag open, so mag late gyud sila pag Monday morning.",Store Operations and Accessibility,NEGATIVE,True,NEGATIVE,False,SYNTHETIC_GENERATION
Cafe Toril,1,matcha,"Naa lang gyud usa ka cashier bisan Saturday rush hour, sobra ka hinay ang linya.",Store Operations and Accessibility,NEGATIVE,True,NEGATIVE,False,SYNTHETIC_GENERATION
Sagrada Coffee Nook,1,matcha,"Sobra ka gamay ang parking lot, dili gani ka fit ang akong sakyanan.",Store Operations and Accessibility,NEGATIVE,True,NEGATIVE,False,SYNTHETIC_GENERATION
Cafe Toril,1,coffee and matcha,Naay sign nga open pero pag knock nako sa door wala man diay ni bukas.,Store Operations and Accessibility,NEGATIVE,True,NEGATIVE,False,SYNTHETIC_GENERATION
Roxas Ave Roastery,1,matcha,Sobra ka init sa second floor kay wala nila palihuga ang aircon didto.,Store Operations and Accessibility,NEGATIVE,True,NEGATIVE,False,SYNTHETIC_GENERATION
Agdao Espresso,2,coffee,"Gubot ilang sistema pag order, nagpatong-patong ang linya tapos hastang dugaya milihok sa mga staff. Na late na nuon ko.",Store Operations and Accessibility,NEGATIVE,True,NEGATIVE,False,SYNTHETIC_GENERATION
The Daily Grind Davao,1,coffee and matcha,"Wala sila mag update sa operating hours nila kada holiday, permi mi na guess lang.",Store Operations and Accessibility,NEGATIVE,True,NEGATIVE,False,SYNTHETIC_GENERATION
Bajada Bean Co.,1,coffee,Naay sign nga open pero pag text nako sa contact number wala jud gi reply.,Store Operations and Accessibility,NEGATIVE,True,NEGATIVE,False,SYNTHETIC_GENERATION
Obrero Brew Bar,2,coffee and matcha,Sobra ka lisod ang pag park kay reserved lahat para sa staff nila lang.,Store Operations and Accessibility,NEGATIVE,True,NEGATIVE,False,SYNTHETIC_GENERATION
Kapehan sa Kalinaw,1,coffee,"Wala silay clear indication kung unsa oras ang last order, na guess guess na lang.",Store Operations and Accessibility,NEGATIVE,True,NEGATIVE,False,SYNTHETIC_GENERATION
Bankerohan Brew,2,coffee,Naay isa lang ka parking slot para sa disabled pero permi na lang naka park ang staff.,Store Operations and Accessibility,NEGATIVE,True,NEGATIVE,False,SYNTHETIC_GENERATION
The Daily Grind Davao,1,coffee,"Sobra ka gamay ang store, dili jud angay para sa daghan customers per hour.",Store Operations and Accessibility,NEGATIVE,True,NEGATIVE,False,SYNTHETIC_GENERATION
Matina Matcha Lab,1,coffee and matcha,"Grabe ka init ang loading area, wala silay shade para sa naghulat sa pickup.",Store Operations and Accessibility,NEGATIVE,True,NEGATIVE,False,SYNTHETIC_GENERATION
Lanang Latte Bar,2,matcha,"Pila ka beses na ko niari, permi sira ang wifi bisan naay sign nga free wifi.",Store Operations and Accessibility,NEGATIVE,True,NEGATIVE,False,SYNTHETIC_GENERATION
Brew & Bites Davao,1,coffee and matcha,"Wala silay proper waiting number, so basta bisan kinsa lang ang gina serve una.",Store Operations and Accessibility,NEGATIVE,True,NEGATIVE,False,SYNTHETIC_GENERATION
Bajada Bean Co.,1,coffee,"Grabe ka daghan tao naghulat sa gawas kay walay pa slot sa loob, mag standing na lang.",Store Operations and Accessibility,NEGATIVE,True,NEGATIVE,False,SYNTHETIC_GENERATION
Steep Leaf Davao,1,coffee and matcha,Mag order lang ka pila na ka minuto ang hulat kay kulang ug staff sa counter.,Store Operations and Accessibility,NEGATIVE,True,NEGATIVE,False,SYNTHETIC_GENERATION
Kape Balay,1,matcha,"Sobra ka sikip ang parking lot, mo unlock ka pa sa gate para makagawas.",Store Operations and Accessibility,NEGATIVE,True,NEGATIVE,False,SYNTHETIC_GENERATION
Tugbok Brew House,2,matcha,"Grabe ka layo gikan sa highway, kinahanglan mo agi pa og dalan nga bumpy kaayo.",Store Operations and Accessibility,NEGATIVE,True,NEGATIVE,False,SYNTHETIC_GENERATION
Matcha Muna,1,coffee,"Puno kaayo walay lingkuranan, wala pa sila mag expand sa space nila.",Store Operations and Accessibility,NEGATIVE,True,NEGATIVE,False,SYNTHETIC_GENERATION
Lanang Latte Bar,2,coffee and matcha,"Wala silay signage sa second entrance, nawala mi og layo before nakit-an.",Store Operations and Accessibility,NEGATIVE,True,NEGATIVE,False,SYNTHETIC_GENERATION
Kape Habagat,1,coffee and matcha,Third time na ni nga naabot ko closed sila kahit posted hours says open pa.,Store Operations and Accessibility,NEGATIVE,True,NEGATIVE,False,SYNTHETIC_GENERATION
Kape Balay,1,coffee,Grabe ka daghan customers per table area nga sobra ka gamay para sa tanan.,Store Operations and Accessibility,NEGATIVE,True,NEGATIVE,False,SYNTHETIC_GENERATION
Kape Bukid,1,coffee,Naay sign nga open 7am pero pag adto nako alas 8 pa gyud nag abre.,Store Operations and Accessibility,NEGATIVE,True,NEGATIVE,False,SYNTHETIC_GENERATION
Steep Leaf Davao,2,coffee,"Layo kaayo sa main road, wala pa gani gi maayo ang dalan padulong didto.",Store Operations and Accessibility,NEGATIVE,True,NEGATIVE,False,SYNTHETIC_GENERATION
Kape Lokal,1,coffee,CR out of order since last week pero wala pa gihapon giayo.,Store Operations and Accessibility,NEGATIVE,True,NEGATIVE,False,SYNTHETIC_GENERATION
Matcha Mo Davao,2,coffee,Sobra ka init sa waiting area kay walay proper ventilation bisan naay fan.,Store Operations and Accessibility,NEGATIVE,True,NEGATIVE,False,SYNTHETIC_GENERATION
Matcha & Co. Davao,1,matcha,"Naay isa lang ka staff nga naka duty, sobra ka hinay ang pag serve sa order.",Store Operations and Accessibility,NEGATIVE,True,NEGATIVE,False,SYNTHETIC_GENERATION
Brewpoint Davao,2,coffee,"Walay parking area, sa gawas ka lang mag park tapos guardian mo singil ug extra.",Store Operations and Accessibility,NEGATIVE,True,NEGATIVE,False,SYNTHETIC_GENERATION
Kape Amiga,1,coffee,"Sobra ka lisod ang access sa building, blocked man sa construction sa gawas.",Store Operations and Accessibility,NEGATIVE,True,NEGATIVE,False,SYNTHETIC_GENERATION
Brew Society Davao,1,coffee,"Wala silay ramp padulong sa entrance, lisod jud kaayo sa mga naay stroller.",Store Operations and Accessibility,NEGATIVE,True,NEGATIVE,False,SYNTHETIC_GENERATION
Brew Nation Davao,1,matcha,"Grabe ka gamay ang space, dili gani ka fit ang wheelchair sa entre way.",Store Operations and Accessibility,NEGATIVE,True,NEGATIVE,False,SYNTHETIC_GENERATION
Green Leaf Matcha Bar,1,matcha,Naay sign nga wheelchair accessible pero naay steep steps padulong sa entrance.,Store Operations and Accessibility,NEGATIVE,True,NEGATIVE,False,SYNTHETIC_GENERATION
Matcha Republika,1,coffee,Naay sign nga open Sundays pero pag adto nako sarado man diay every Sunday.,Store Operations and Accessibility,NEGATIVE,True,NEGATIVE,False,SYNTHETIC_GENERATION
Torres St. Coffee,2,matcha,"Naa lang gyud usa ka parking slot for guest, dili igo para sa peak hours.",Store Operations and Accessibility,NEGATIVE,True,NEGATIVE,False,SYNTHETIC_GENERATION
Matcha & Co. Davao,1,coffee,"Grabe ka lisod ang pag reserve, dili gani mo reply sa message pag mag book ka.",Store Operations and Accessibility,NEGATIVE,True,NEGATIVE,False,SYNTHETIC_GENERATION
Ma-a Coffee Stop,1,coffee,"Naay isa lang ka gate nga naka open, dugay ang linya sa pagsulod ug pag gawas.",Store Operations and Accessibility,NEGATIVE,True,NEGATIVE,False,SYNTHETIC_GENERATION
Matina Matcha Lab,2,coffee,"Pila na ka semana nga sira ang CR, wala gyapon gi ayo hangtod karon.",Store Operations and Accessibility,NEGATIVE,True,NEGATIVE,False,SYNTHETIC_GENERATION
Green Leaf Matcha Bar,1,coffee and matcha,"Grabe ka sikip ang aisle, dili gani makalabang ang waiter dala ang tray.",Store Operations and Accessibility,NEGATIVE,True,NEGATIVE,False,SYNTHETIC_GENERATION
Matcha Mo Davao,1,matcha,"Grabe ka busy sa parking area, mag away pa mi og slot sa laing customer.",Store Operations and Accessibility,NEGATIVE,True,NEGATIVE,False,SYNTHETIC_GENERATION
Kape't Kwento,1,coffee,Naay maintenance schedule sila pero wala nila gi post asa makita sa publiko.,Store Operations and Accessibility,NEGATIVE,True,NEGATIVE,False,SYNTHETIC_GENERATION
Torres St. Coffee,1,coffee,Nagsulti sila naa silay delivery pero wala man diay rider access sa building.,Store Operations and Accessibility,NEGATIVE,True,NEGATIVE,False,SYNTHETIC_GENERATION
Matcha & Co. Davao,2,coffee,"Naa lang gyud silay isa ka parking slot para sa entire building, grabe.",Store Operations and Accessibility,NEGATIVE,True,NEGATIVE,False,SYNTHETIC_GENERATION
Cafe Ilang-Ilang,1,coffee,"Wala silay proper signage papunta sa parking, na miss mi og turn kay wala nakita.",Store Operations and Accessibility,NEGATIVE,True,NEGATIVE,False,SYNTHETIC_GENERATION
Sagrada Coffee Nook,1,matcha,"Grabe ka layo ang CR gikan sa seating area, kinahanglan mo gawas pa sa building.",Store Operations and Accessibility,NEGATIVE,True,NEGATIVE,False,SYNTHETIC_GENERATION
Ma-a Coffee Stop,1,coffee,"Grabe ka sikip ang entrance, dili gani makasulod ang stroller sa akong baby.",Store Operations and Accessibility,NEGATIVE,True,NEGATIVE,False,SYNTHETIC_GENERATION
Brew Nation Davao,1,coffee,"Grabe ka lisod ang access sa CR, kinahanglan mo hangyo pa sa staff para sa key.",Store Operations and Accessibility,NEGATIVE,True,NEGATIVE,False,SYNTHETIC_GENERATION
Kape Diwa Davao,2,coffee,"Wala silay proper drainage, mag tubig ang entrance every time mo ulan.",Store Operations and Accessibility,NEGATIVE,True,NEGATIVE,False,SYNTHETIC_GENERATION
Tugbok Brew House,2,coffee,Sobra ka layo ang walking distance gikan sa parking papunta sa store mismo.,Store Operations and Accessibility,NEGATIVE,True,NEGATIVE,False,SYNTHETIC_GENERATION
Kape Diwa Davao,1,coffee,"Sobra ka layo ang paglakaw padulong sa entrance gikan sa gate, walay shade pa.",Store Operations and Accessibility,NEGATIVE,True,NEGATIVE,False,SYNTHETIC_GENERATION
The Daily Grind Davao,1,coffee,"Grabe ka layo ang nearest ATM, wala pud sila accept card kaya kinahanglan magbring cash.",Store Operations and Accessibility,NEGATIVE,True,NEGATIVE,False,SYNTHETIC_GENERATION
Cafe Malagos Roasters,1,coffee,Naay sign nga accessible pero naay hagdan pa diay una mo abot sa entrance.,Store Operations and Accessibility,NEGATIVE,True,NEGATIVE,False,SYNTHETIC_GENERATION
Kape Lokal,1,matcha,"Sobra ka layo ang jeepney terminal gikan sa store, mag Grab na lang lagi ka.",Store Operations and Accessibility,NEGATIVE,True,NEGATIVE,False,SYNTHETIC_GENERATION
Cafe Sinabuyan,2,coffee,"Cash lang daw sila, wala accept GCash bisan naa naman QR code sa counter.",Store Operations and Accessibility,NEGATIVE,True,NEGATIVE,False,SYNTHETIC_GENERATION
Matcha Bar 88,1,matcha,"Wala silay heads up nga closed sila for private event, nagbyahe pa mi para wala lang.",Store Operations and Accessibility,NEGATIVE,True,NEGATIVE,False,SYNTHETIC_GENERATION
Brew Society Davao,1,coffee,"Grabe ka gamay ang doorway, dili gani makasulod ang wheelchair nga tarong.",Store Operations and Accessibility,NEGATIVE,True,NEGATIVE,False,SYNTHETIC_GENERATION
Cafe Durian House,1,coffee,"Wala nila gi post nga nag change na ang closing time, na sayang ang byahe.",Store Operations and Accessibility,NEGATIVE,True,NEGATIVE,False,SYNTHETIC_GENERATION
Steep Leaf Davao,2,coffee,"Grabe ka sikip ang parking area, mag away pa mi ug slot sa ubang customer.",Store Operations and Accessibility,NEGATIVE,True,NEGATIVE,False,SYNTHETIC_GENERATION
Obrero Brew Bar,2,coffee,Naay renovation sila pero wala nag inform sa mga customer nga naka book na.,Store Operations and Accessibility,NEGATIVE,True,NEGATIVE,False,SYNTHETIC_GENERATION
Buhangin Bean House,1,coffee,"Naay isa lang ka entrance nga naka lock permanent, kinahanglan mo agi sa likod.",Store Operations and Accessibility,NEGATIVE,True,NEGATIVE,False,SYNTHETIC_GENERATION
Kopi Mindanao,1,coffee,Nag ingon sila naay reservation pero pag adto namo wala man diay gi honor.,Store Operations and Accessibility,NEGATIVE,True,NEGATIVE,False,SYNTHETIC_GENERATION
Bankerohan Brew,1,coffee,Naay sign nga wifi available pero mao gyud ang pinaka sira nga signal sa tibuok area.,Store Operations and Accessibility,NEGATIVE,True,NEGATIVE,False,SYNTHETIC_GENERATION
Matcha Tea Room Davao,1,matcha,"Naay isa lang ka staff nga mo clean sa CR, so permi na lang sira ang linya.",Store Operations and Accessibility,NEGATIVE,True,NEGATIVE,False,SYNTHETIC_GENERATION
Kape Bukid,2,coffee,Naay sign nga bukas pero pag duol nako wala diay tao mag bantay sa counter.,Store Operations and Accessibility,NEGATIVE,True,NEGATIVE,False,SYNTHETIC_GENERATION
Matcha Muna,2,coffee and matcha,"Walay proper drive thru bisan naay sign, mag park ka gihapon para mag order.",Store Operations and Accessibility,NEGATIVE,True,NEGATIVE,False,SYNTHETIC_GENERATION
Kape Ihaw-Ihaw,2,coffee and matcha,"Naay sign nga bukas pero naka lock diay ang gate, wala tao nag bantay.",Store Operations and Accessibility,NEGATIVE,True,NEGATIVE,False,SYNTHETIC_GENERATION
Matcha Tea Room Davao,2,coffee and matcha,"Sobra ka layo gikan sa main highway, dapat mag Grab pa para makaabot.",Store Operations and Accessibility,NEGATIVE,True,NEGATIVE,False,SYNTHETIC_GENERATION
